timestamp,temp_c,ph,tds_ppm,turbidity_ntu,orp_mV,lux,aerator_on,pump_on,hour,is_daylight,label
2025-10-18T08:11:00,29.2,7.98,638.9,11.57,340.6,7648.8,1,1,8,1,
2025-10-18T08:11:02,29.63,8.12,571.8,8.63,331.5,7301.4,1,1,8,1,
2025-10-18T08:11:04,29.1,7.71,496.5,5.31,309.5,8471.4,1,1,8,1,
2025-10-18T08:11:06,28.64,7.79,687.9,6.32,352.7,5862.9,1,1,8,1,
2025-10-18T08:11:08,28.78,8.02,530.9,8.13,326.0,7562.5,1,1,8,1,
2025-10-18T08:11:10,28.76,8.28,599.2,3.83,382.9,6168.7,1,1,8,1,
2025-10-18T08:11:12,29.08,7.71,520.3,7.59,379.5,8257.1,1,1,8,1,
2025-10-18T08:11:14,28.95,7.95,511.3,4.84,331.6,9585.7,1,1,8,1,
2025-10-18T08:11:16,29.14,7.74,619.4,5.84,322.9,8917.5,1,1,8,1,
2025-10-18T08:11:18,29.41,8.14,549.6,6.07,363.3,9463.3,1,1,8,1,
2025-10-18T08:11:20,28.81,7.97,533.6,3.41,382.5,10034.4,1,1,8,1,
2025-10-18T08:11:22,28.97,8.15,621.7,5.06,364.5,10307.1,1,1,8,1,
2025-10-18T08:11:24,28.99,8.23,442.8,9.47,353.5,7551.5,1,1,8,1,
2025-10-18T08:11:26,29.04,7.7,586.8,8.07,409.1,7222.6,1,1,8,1,
2025-10-18T08:11:28,28.68,7.92,654.9,7.99,328.8,8769.9,1,1,8,1,
2025-10-18T08:11:30,29.04,8.15,557.9,6.02,334.3,5804.7,1,1,8,1,
2025-10-18T08:11:32,29.12,8.04,600.3,6.3,293.4,7369.0,1,1,8,1,
2025-10-18T08:11:34,28.86,7.88,590.3,8.21,425.4,8261.9,1,1,8,1,
2025-10-18T08:11:36,29.1,7.99,484.9,6.92,352.4,11694.9,1,1,8,1,
2025-10-18T08:11:38,28.92,8.05,597.9,3.49,395.7,9127.9,1,1,8,1,
2025-10-18T08:11:40,29.32,7.86,684.2,2.79,373.5,11285.7,1,1,8,1,
2025-10-18T08:11:42,28.6,7.92,606.0,5.49,288.0,8102.8,1,1,8,1,
2025-10-18T08:11:44,28.58,8.07,544.8,11.65,318.7,7516.9,1,1,8,1,
2025-10-18T08:11:46,29.33,7.82,613.6,10.92,285.7,8277.0,1,1,8,1,
2025-10-18T08:11:48,29.1,8.12,525.8,3.04,370.9,8445.5,1,1,8,1,
2025-10-18T08:11:50,29.1,8.05,559.2,7.7,361.7,6928.5,1,1,8,1,
2025-10-18T08:11:52,29.75,8.07,528.5,8.97,311.0,9180.6,1,1,8,1,
2025-10-18T08:11:54,29.46,7.88,657.8,8.24,382.9,10845.2,1,1,8,1,
2025-10-18T08:11:56,28.9,7.89,546.6,4.55,346.9,8511.7,1,1,8,1,
2025-10-18T08:11:58,29.11,8.12,600.8,11.36,339.4,12080.3,1,1,8,1,
2025-10-18T08:12:00,29.25,7.87,535.7,8.45,341.1,9071.0,1,1,8,1,
2025-10-18T08:12:02,29.19,7.99,549.2,2.46,332.1,9284.6,1,1,8,1,
2025-10-18T08:12:04,29.09,7.81,610.4,8.16,314.6,8230.6,1,1,8,1,
2025-10-18T08:12:06,29.02,7.83,621.5,8.68,393.3,9580.7,1,1,8,1,
2025-10-18T08:12:08,28.45,7.86,630.9,8.54,370.6,13779.1,1,1,8,1,
2025-10-18T08:12:10,29.23,8.17,657.2,8.95,337.4,9138.5,1,1,8,1,
2025-10-18T08:12:12,28.69,7.96,570.9,7.25,442.6,5199.1,1,1,8,1,
2025-10-18T08:12:14,29.27,7.76,571.7,10.27,352.6,6383.4,1,1,8,1,
2025-10-18T08:12:16,28.71,8.1,556.2,7.65,351.8,7022.6,1,1,8,1,
2025-10-18T08:12:18,29.86,8.1,478.5,7.56,323.5,9278.7,1,1,8,1,
2025-10-18T08:12:20,28.68,7.98,630.3,9.6,302.0,7498.2,1,1,8,1,
2025-10-18T08:12:22,28.81,7.9,705.9,8.21,299.6,9376.8,1,1,8,1,
2025-10-18T08:12:24,29.85,8.15,508.8,5.55,400.7,6938.5,1,1,8,1,
2025-10-18T08:12:26,29.18,8.12,544.4,6.82,220.3,6463.4,1,1,8,1,
2025-10-18T08:12:28,28.9,7.81,697.9,2.71,332.4,8196.1,1,1,8,1,
2025-10-18T08:12:30,29.58,7.78,669.8,7.03,310.7,8693.2,1,1,8,1,
2025-10-18T08:12:32,29.08,7.91,604.2,5.84,354.5,8993.2,1,1,8,1,
2025-10-18T08:12:34,29.63,7.81,728.0,1.14,343.9,8882.5,1,1,8,1,
2025-10-18T08:12:36,29.11,7.91,587.5,5.52,326.4,9274.4,1,1,8,1,
2025-10-18T08:12:38,29.14,7.9,654.0,7.92,382.5,8944.4,1,1,8,1,
2025-10-18T08:12:40,28.67,7.92,644.8,8.83,349.2,8176.0,1,1,8,1,
2025-10-18T08:12:42,29.51,7.91,632.8,6.39,341.3,9648.2,1,1,8,1,
2025-10-18T08:12:44,29.33,8.12,678.3,7.06,377.3,7534.6,1,1,8,1,
2025-10-18T08:12:46,29.13,7.98,605.8,8.79,317.3,11138.6,1,1,8,1,
2025-10-18T08:12:48,28.6,7.82,669.5,9.37,375.0,8942.5,1,1,8,1,
2025-10-18T08:12:50,29.0,7.87,604.5,4.97,389.0,7779.4,1,1,8,1,
2025-10-18T08:12:52,28.67,7.95,624.8,5.31,317.1,8365.5,1,1,8,1,
2025-10-18T08:12:54,29.1,7.92,571.7,7.7,292.1,5888.8,1,1,8,1,
2025-10-18T08:12:56,28.71,7.97,618.7,11.43,384.3,7760.1,1,1,8,1,
2025-10-18T08:12:58,28.99,7.85,598.9,6.13,362.9,6759.2,1,1,8,1,
2025-10-18T08:13:00,29.21,8.23,593.5,8.21,377.6,7398.2,1,1,8,1,
2025-10-18T08:13:02,29.09,8.0,605.9,4.68,351.0,8747.0,1,1,8,1,
2025-10-18T08:13:04,29.58,8.14,729.2,4.7,384.9,8275.0,1,1,8,1,
2025-10-18T08:13:06,29.88,7.88,549.6,5.2,265.0,7211.4,1,1,8,1,
2025-10-18T08:13:08,28.7,8.02,620.5,12.63,388.0,7134.6,1,1,8,1,
2025-10-18T08:13:10,28.64,8.07,520.8,12.49,397.2,7296.2,1,1,8,1,
2025-10-18T08:13:12,28.31,8.2,593.1,10.71,286.2,7100.9,1,1,8,1,
2025-10-18T08:13:14,29.0,8.01,573.0,8.87,307.3,7786.4,1,1,8,1,
2025-10-18T08:13:16,29.05,8.08,642.7,3.63,288.6,9916.5,1,1,8,1,
2025-10-18T08:13:18,29.13,7.89,693.1,7.35,397.2,8101.3,1,1,8,1,
2025-10-18T08:13:20,29.82,8.26,585.1,9.91,375.8,10052.9,1,1,8,1,
2025-10-18T08:13:22,28.61,8.1,663.5,1.72,302.7,4941.2,1,1,8,1,
2025-10-18T08:13:24,28.89,8.11,690.1,7.22,415.1,5929.8,1,1,8,1,
2025-10-18T08:13:26,28.32,7.99,623.0,6.9,267.3,7866.3,1,1,8,1,
2025-10-18T08:13:28,28.48,8.1,622.0,4.18,329.4,6411.2,1,1,8,1,
2025-10-18T08:13:30,28.97,8.14,540.9,8.51,328.8,6810.7,1,1,8,1,
2025-10-18T08:13:32,28.96,7.84,566.8,3.41,428.6,8052.9,1,1,8,1,
2025-10-18T08:13:34,28.72,8.03,593.3,6.34,374.6,9136.3,1,1,8,1,
2025-10-18T08:13:36,28.79,7.91,583.5,0.09,289.4,10050.3,1,1,8,1,
2025-10-18T08:13:38,29.66,7.96,634.6,7.93,473.2,9679.4,1,1,8,1,
2025-10-18T08:13:40,28.95,7.86,503.6,7.61,319.7,5866.6,1,1,8,1,
2025-10-18T08:13:42,28.74,7.84,701.2,9.64,349.7,10219.9,1,1,8,1,
2025-10-18T08:13:44,29.03,7.87,691.4,8.62,308.5,7714.5,1,1,8,1,
2025-10-18T08:13:46,28.65,7.79,655.6,12.73,294.1,8844.5,1,1,8,1,
2025-10-18T08:13:48,28.74,7.93,564.5,4.41,351.9,6753.6,1,1,8,1,
2025-10-18T08:13:50,29.11,7.99,585.7,4.28,326.9,9133.1,1,1,8,1,
2025-10-18T08:13:52,29.2,7.85,606.0,9.25,283.2,8815.0,1,1,8,1,
2025-10-18T08:13:54,28.73,8.09,554.2,1.59,284.9,8072.1,1,1,8,1,
2025-10-18T08:13:56,29.1,7.86,638.3,2.02,347.4,6183.5,1,1,8,1,
2025-10-18T08:13:58,28.74,8.01,548.4,5.85,390.3,7134.7,1,1,8,1,
2025-10-18T08:14:00,29.33,7.83,631.8,11.32,251.1,6804.7,1,1,8,1,
2025-10-18T08:14:02,29.23,7.97,622.3,5.19,353.5,7766.5,1,1,8,1,
2025-10-18T08:14:04,29.47,8.04,620.3,5.76,330.5,7351.2,1,1,8,1,
2025-10-18T08:14:06,29.16,7.94,617.4,13.23,384.8,7511.0,1,1,8,1,
2025-10-18T08:14:08,29.48,7.94,477.7,3.98,275.2,7472.7,1,1,8,1,
2025-10-18T08:14:10,29.01,8.25,619.6,6.34,383.2,4683.3,1,1,8,1,
2025-10-18T08:14:12,29.09,8.12,511.3,10.43,363.5,7377.1,1,1,8,1,
2025-10-18T08:14:14,29.25,8.34,610.9,7.74,331.6,6725.2,1,1,8,1,
2025-10-18T08:14:16,29.33,7.87,604.3,5.57,369.2,8500.5,1,1,8,1,
2025-10-18T08:14:18,29.42,7.92,583.8,4.06,332.2,8566.0,1,1,8,1,
2025-10-18T08:14:20,29.3,7.86,652.2,11.07,366.5,10815.2,1,1,8,1,
2025-10-18T08:14:22,28.69,7.81,493.3,11.49,376.2,7916.6,1,1,8,1,
2025-10-18T08:14:24,29.11,7.83,746.7,7.39,354.4,9088.6,1,1,8,1,
2025-10-18T08:14:26,29.19,8.03,552.6,8.41,425.3,10018.1,1,1,8,1,
2025-10-18T08:14:28,29.64,7.92,540.6,6.62,352.2,9641.3,1,1,8,1,
2025-10-18T08:14:30,28.32,8.23,590.5,5.72,309.5,5517.7,1,1,8,1,
2025-10-18T08:14:32,29.33,8.01,522.6,3.11,336.6,10503.5,1,1,8,1,
2025-10-18T08:14:34,28.9,7.77,585.3,6.18,242.1,7918.6,1,1,8,1,
2025-10-18T08:14:36,28.91,8.1,710.9,10.38,339.2,6340.2,1,1,8,1,
2025-10-18T08:14:38,30.03,8.01,600.8,6.93,357.9,7783.5,1,1,8,1,
2025-10-18T08:14:40,28.77,7.92,598.0,5.37,321.5,8159.6,1,1,8,1,
2025-10-18T08:14:42,28.9,8.23,440.9,10.27,399.8,4889.9,1,1,8,1,
2025-10-18T08:14:44,28.86,7.94,515.5,4.67,305.6,10628.4,1,1,8,1,
2025-10-18T08:14:46,29.37,8.19,643.3,3.61,329.0,8734.1,1,1,8,1,
2025-10-18T08:14:48,28.51,8.11,585.6,5.88,378.4,8666.4,1,1,8,1,
2025-10-18T08:14:50,28.86,8.17,535.1,8.85,373.7,7535.7,1,1,8,1,
2025-10-18T08:14:52,29.13,7.81,655.4,6.45,329.1,9573.5,1,1,8,1,
2025-10-18T08:14:54,28.72,7.79,506.6,8.82,298.8,10632.2,1,1,8,1,
2025-10-18T08:14:56,28.17,8.25,612.7,6.71,328.2,8598.7,1,1,8,1,
2025-10-18T08:14:58,28.98,8.17,606.9,7.45,335.5,7914.6,1,1,8,1,
2025-10-18T08:15:00,29.12,7.74,519.1,9.23,356.8,7724.0,1,1,8,1,
2025-10-18T08:15:02,29.01,8.05,567.6,4.67,357.8,6532.4,1,1,8,1,
2025-10-18T08:15:04,29.16,7.74,661.7,8.42,360.2,9474.0,1,1,8,1,
2025-10-18T08:15:06,29.67,8.15,489.5,3.16,325.0,8039.1,1,1,8,1,
2025-10-18T08:15:08,29.21,7.89,611.2,4.73,325.5,5890.0,1,1,8,1,
2025-10-18T08:15:10,28.63,7.8,541.4,10.16,312.0,11948.6,1,1,8,1,
2025-10-18T08:15:12,29.2,8.03,548.5,9.1,327.0,8183.0,1,1,8,1,
2025-10-18T08:15:14,30.02,7.99,669.0,4.89,348.6,10656.2,1,1,8,1,
2025-10-18T08:15:16,28.75,8.27,642.5,5.31,375.3,9458.8,1,1,8,1,
2025-10-18T08:15:18,29.25,7.76,556.4,6.26,347.0,8931.0,1,1,8,1,
2025-10-18T08:15:20,29.07,7.8,622.8,8.83,372.4,9621.2,1,1,8,1,
2025-10-18T08:15:22,29.33,8.07,595.8,2.02,367.2,8311.5,1,1,8,1,
2025-10-18T08:15:24,29.11,7.81,535.1,10.16,348.4,9022.3,1,1,8,1,
2025-10-18T08:15:26,29.01,8.0,656.3,5.45,353.8,7306.6,1,1,8,1,
2025-10-18T08:15:28,28.83,7.95,613.3,5.56,400.2,6658.1,1,1,8,1,
2025-10-18T08:15:30,28.93,7.93,686.8,7.59,391.3,5771.7,1,1,8,1,
2025-10-18T08:15:32,29.11,8.13,604.9,10.2,329.3,10114.0,1,1,8,1,
2025-10-18T08:15:34,29.92,7.95,573.3,11.36,413.2,7215.7,1,1,8,1,
2025-10-18T08:15:36,28.83,7.96,519.3,4.24,309.8,6848.3,1,1,8,1,
2025-10-18T08:15:38,28.99,8.04,693.0,4.0,389.4,7679.0,1,1,8,1,
2025-10-18T08:15:40,28.98,8.1,532.6,8.15,356.7,8738.7,1,1,8,1,
2025-10-18T08:15:42,29.12,8.37,561.7,5.41,325.1,7166.8,1,1,8,1,
2025-10-18T08:15:44,28.75,8.18,685.2,5.29,316.7,8707.1,1,1,8,1,
2025-10-18T08:15:46,28.78,8.09,612.2,2.45,411.9,10693.8,1,1,8,1,
2025-10-18T08:15:48,28.75,7.94,617.2,8.0,376.3,11015.3,1,1,8,1,
2025-10-18T08:15:50,28.93,7.88,517.2,4.81,348.7,10691.8,1,1,8,1,
2025-10-18T08:15:52,28.79,8.03,599.0,10.57,451.1,7203.7,1,1,8,1,
2025-10-18T08:15:54,28.8,8.16,640.9,12.54,373.4,7461.1,1,1,8,1,
2025-10-18T08:15:56,29.24,8.17,649.2,8.52,392.7,9753.9,1,1,8,1,
2025-10-18T08:15:58,29.55,8.1,590.0,7.44,398.3,6774.6,1,1,8,1,
2025-10-18T08:16:00,29.15,7.94,601.7,10.84,357.6,8069.7,1,1,8,1,
2025-10-18T08:16:02,28.46,8.11,638.7,13.49,337.7,8328.7,1,1,8,1,
2025-10-18T08:16:04,29.1,8.24,594.3,7.84,374.3,8279.9,1,1,8,1,
2025-10-18T08:16:06,28.82,8.03,664.4,3.92,355.3,6949.8,1,1,8,1,
2025-10-18T08:16:08,29.48,7.77,566.5,8.13,412.6,7901.4,1,1,8,1,
2025-10-18T08:16:10,28.78,8.28,513.1,0.4,367.6,7246.9,1,1,8,1,
2025-10-18T08:16:12,28.59,8.11,614.6,5.31,298.8,9308.7,1,1,8,1,
2025-10-18T08:16:14,29.26,7.99,710.8,3.79,289.0,6962.1,1,1,8,1,
2025-10-18T08:16:16,28.98,8.04,585.5,8.06,299.9,10165.6,1,1,8,1,
2025-10-18T08:16:18,28.97,8.17,620.6,8.37,372.8,8671.6,1,1,8,1,
2025-10-18T08:16:20,29.26,8.2,611.8,9.13,346.4,10160.2,1,1,8,1,
2025-10-18T08:16:22,28.73,8.27,597.6,2.71,355.1,6978.4,1,1,8,1,
2025-10-18T08:16:24,29.34,7.9,573.2,1.33,331.9,4364.2,1,1,8,1,
2025-10-18T08:16:26,28.37,8.11,647.1,8.28,311.3,7928.4,1,1,8,1,
2025-10-18T08:16:28,29.0,7.83,690.2,9.63,341.2,8040.3,1,1,8,1,
2025-10-18T08:16:30,29.08,7.69,585.2,4.95,309.9,7578.3,1,1,8,1,
2025-10-18T08:16:32,29.72,8.1,565.7,8.72,406.0,9387.0,1,1,8,1,
2025-10-18T08:16:34,29.02,7.9,641.9,8.18,385.8,8952.8,1,1,8,1,
2025-10-18T08:16:36,29.42,7.92,679.0,7.59,433.0,6966.2,1,1,8,1,
2025-10-18T08:16:38,29.69,8.03,560.9,5.55,337.2,8636.2,1,1,8,1,
2025-10-18T08:16:40,29.21,7.91,598.5,13.43,419.1,8654.5,1,1,8,1,
2025-10-18T08:16:42,29.02,8.02,636.8,3.93,339.7,5497.1,1,1,8,1,
2025-10-18T08:16:44,29.16,8.1,571.0,11.72,301.0,5803.4,1,1,8,1,
2025-10-18T08:16:46,29.09,8.16,701.0,5.62,393.1,7942.2,1,1,8,1,
2025-10-18T08:16:48,28.93,8.13,639.1,2.27,409.1,10070.1,1,1,8,1,
2025-10-18T08:16:50,28.75,8.06,629.6,7.78,328.0,6992.6,1,1,8,1,
2025-10-18T08:16:52,28.99,8.18,632.6,5.89,380.9,3727.2,1,1,8,1,
2025-10-18T08:16:54,29.46,7.74,578.3,3.64,298.2,9741.2,1,1,8,1,
2025-10-18T08:16:56,28.81,8.05,597.2,8.43,353.1,6075.5,1,1,8,1,
2025-10-18T08:16:58,29.4,7.93,506.6,5.72,410.0,9275.3,1,1,8,1,
2025-10-18T08:17:00,28.86,7.95,580.7,13.23,365.3,8645.1,1,1,8,1,
2025-10-18T08:17:02,29.41,8.04,584.5,6.41,347.1,7944.2,1,1,8,1,
2025-10-18T08:17:04,29.29,8.01,644.0,6.76,353.1,5002.7,1,1,8,1,
2025-10-18T08:17:06,29.37,8.05,659.9,0.0,433.5,7790.6,1,1,8,1,
2025-10-18T08:17:08,29.44,7.84,636.8,3.84,325.0,10871.0,1,1,8,1,
2025-10-18T08:17:10,28.92,8.03,652.2,8.49,356.0,8547.4,1,1,8,1,
2025-10-18T08:17:12,29.96,7.99,612.1,10.15,394.2,9780.5,1,1,8,1,
2025-10-18T08:17:14,29.26,7.83,698.0,3.56,362.1,6868.6,1,1,8,1,
2025-10-18T08:17:16,28.97,8.05,619.3,8.27,414.5,8680.3,1,1,8,1,
2025-10-18T08:17:18,28.9,8.14,671.4,3.32,373.9,9051.8,1,1,8,1,
2025-10-18T08:17:20,28.88,8.21,591.0,7.38,343.1,8023.4,1,1,8,1,
2025-10-18T08:17:22,28.56,7.78,695.7,4.46,310.3,4769.9,1,1,8,1,
2025-10-18T08:17:24,28.74,7.8,698.5,10.03,322.5,11378.7,1,1,8,1,
2025-10-18T08:17:26,29.39,7.95,450.0,13.87,294.4,5531.9,1,1,8,1,
2025-10-18T08:17:28,29.41,8.37,683.1,8.69,373.8,9280.1,1,1,8,1,
2025-10-18T08:17:30,29.3,8.04,606.3,6.81,319.8,7579.0,1,1,8,1,
2025-10-18T08:17:32,28.32,7.99,540.7,3.69,357.2,10088.0,1,1,8,1,
2025-10-18T08:17:34,29.37,7.76,540.6,9.82,310.7,7663.1,1,1,8,1,
2025-10-18T08:17:36,29.22,7.85,606.3,3.0,325.9,8479.7,1,1,8,1,
2025-10-18T08:17:38,28.36,8.07,598.8,8.66,359.0,10046.2,1,1,8,1,
2025-10-18T08:17:40,29.05,7.94,607.3,8.63,352.0,8060.9,1,1,8,1,
2025-10-18T08:17:42,28.72,7.9,515.8,12.25,300.2,6960.6,1,1,8,1,
2025-10-18T08:17:44,28.71,8.13,582.3,10.74,323.1,8418.5,1,1,8,1,
2025-10-18T08:17:46,28.67,8.32,528.7,7.93,375.4,8620.7,1,1,8,1,
2025-10-18T08:17:48,28.93,7.98,602.6,6.56,388.6,11315.8,1,1,8,1,
2025-10-18T08:17:50,28.78,7.79,594.7,14.74,317.9,10458.7,1,1,8,1,
2025-10-18T08:17:52,29.67,7.92,634.1,11.89,334.8,7694.6,1,1,8,1,
2025-10-18T08:17:54,28.77,7.85,561.0,3.33,351.4,6845.0,1,1,8,1,
2025-10-18T08:17:56,29.09,7.77,619.9,9.5,270.3,8561.1,1,1,8,1,
2025-10-18T08:17:58,29.49,7.82,700.4,8.26,321.8,7916.3,1,1,8,1,
2025-10-18T08:18:00,29.22,8.01,632.3,4.24,356.8,5879.4,1,1,8,1,
2025-10-18T08:18:02,28.96,7.86,555.9,10.71,393.7,8913.7,1,1,8,1,
2025-10-18T08:18:04,28.56,7.95,672.8,7.43,442.8,8590.0,1,1,8,1,
2025-10-18T08:18:06,29.08,7.95,608.0,6.54,378.3,9435.1,1,1,8,1,
2025-10-18T08:18:08,28.69,7.8,489.8,8.52,305.9,4770.7,1,1,8,1,
2025-10-18T08:18:10,29.16,8.37,599.6,9.52,353.3,7851.7,1,1,8,1,
2025-10-18T08:18:12,29.37,7.96,616.0,7.97,323.3,9488.1,1,1,8,1,
2025-10-18T08:18:14,28.93,7.89,632.2,4.3,351.1,7986.3,1,1,8,1,
2025-10-18T08:18:16,29.43,8.07,598.5,9.45,405.6,8836.7,1,1,8,1,
2025-10-18T08:18:18,29.0,7.8,536.1,6.08,325.6,7719.5,1,1,8,1,
2025-10-18T08:18:20,29.02,8.08,595.8,8.46,352.6,5036.8,1,1,8,1,
2025-10-18T08:18:22,28.62,7.98,527.4,8.8,411.2,9828.1,1,1,8,1,
2025-10-18T08:18:24,28.91,8.22,608.9,5.99,325.5,7546.3,1,1,8,1,
2025-10-18T08:18:26,28.84,8.03,609.6,7.01,367.5,9786.0,1,1,8,1,
2025-10-18T08:18:28,29.38,7.78,446.8,9.8,295.3,7662.9,1,1,8,1,
2025-10-18T08:18:30,28.53,7.73,632.5,9.28,326.9,4113.4,1,1,8,1,
2025-10-18T08:18:32,28.78,8.06,511.3,7.55,349.4,8868.9,1,1,8,1,
2025-10-18T08:18:34,29.05,7.85,671.8,6.52,348.9,6600.1,1,1,8,1,
2025-10-18T08:18:36,28.82,7.87,589.6,12.14,295.1,5579.7,1,1,8,1,
2025-10-18T08:18:38,29.59,7.97,559.9,10.12,325.8,10739.0,1,1,8,1,
2025-10-18T08:18:40,29.27,7.93,729.4,5.18,379.7,8448.9,1,1,8,1,
2025-10-18T08:18:42,29.52,8.23,601.9,4.74,368.4,6983.4,1,1,8,1,
2025-10-18T08:18:44,29.81,8.02,578.1,7.55,296.1,6542.6,1,1,8,1,
2025-10-18T08:18:46,29.48,7.9,537.2,8.61,397.4,9078.4,1,1,8,1,
2025-10-18T08:18:48,29.4,7.89,514.7,11.5,337.1,7623.8,1,1,8,1,
2025-10-18T08:18:50,29.53,8.08,627.4,13.5,324.3,9391.8,1,1,8,1,
2025-10-18T08:18:52,29.02,8.04,691.7,8.52,371.5,9608.8,1,1,8,1,
2025-10-18T08:18:54,28.85,7.87,537.3,1.1,432.2,6345.2,1,1,8,1,
2025-10-18T08:18:56,28.91,7.96,618.4,9.45,384.4,7125.4,1,1,8,1,
2025-10-18T08:18:58,28.93,8.04,585.1,11.82,369.6,9102.3,1,1,8,1,
2025-10-18T08:19:00,29.27,8.18,610.9,3.11,366.0,7023.0,1,1,8,1,
2025-10-18T08:19:02,28.79,8.09,674.3,7.06,362.4,10553.3,1,1,8,1,
2025-10-18T08:19:04,29.1,8.39,633.9,1.72,380.1,8571.7,1,1,8,1,
2025-10-18T08:19:06,29.52,8.1,591.7,3.33,341.6,6724.2,1,1,8,1,
2025-10-18T08:19:08,28.77,8.09,700.2,8.18,302.2,8666.9,1,1,8,1,
2025-10-18T08:19:10,29.48,7.91,592.0,7.04,318.6,8972.4,1,1,8,1,
2025-10-18T08:19:12,28.95,8.06,546.8,5.69,378.9,7440.8,1,1,8,1,
2025-10-18T08:19:14,29.69,7.94,613.5,9.8,293.3,5358.8,1,1,8,1,
2025-10-18T08:19:16,28.39,8.19,566.9,14.67,327.4,8276.8,1,1,8,1,
2025-10-18T08:19:18,29.62,8.3,723.7,10.63,391.0,8888.8,1,1,8,1,
2025-10-18T08:19:20,29.31,7.92,550.9,6.99,343.2,7320.2,1,1,8,1,
2025-10-18T08:19:22,29.28,8.14,605.3,11.43,304.3,7709.5,1,1,8,1,
2025-10-18T08:19:24,28.71,7.72,595.0,6.63,410.5,8946.2,1,1,8,1,
2025-10-18T08:19:26,28.59,8.28,673.3,8.75,340.9,6560.8,1,1,8,1,
2025-10-18T08:19:28,28.85,8.16,713.1,11.63,330.4,6320.6,1,1,8,1,
2025-10-18T08:19:30,29.06,7.73,619.4,6.56,331.4,5607.9,1,1,8,1,
2025-10-18T08:19:32,29.21,7.92,529.8,0.0,348.9,10658.4,1,1,8,1,
2025-10-18T08:19:34,29.66,7.93,563.9,8.41,310.1,8452.7,1,1,8,1,
2025-10-18T08:19:36,29.31,8.18,594.0,6.39,314.9,6759.7,1,1,8,1,
2025-10-18T08:19:38,28.91,8.06,654.8,4.59,409.7,7593.3,1,1,8,1,
2025-10-18T08:19:40,28.99,7.89,454.5,9.65,379.5,7578.0,1,1,8,1,
2025-10-18T08:19:42,29.03,8.08,506.2,5.41,381.8,6118.6,1,1,8,1,
2025-10-18T08:19:44,29.12,7.8,628.0,6.89,285.4,9747.1,1,1,8,1,
2025-10-18T08:19:46,28.71,7.88,612.0,10.45,309.4,8092.5,1,1,8,1,
2025-10-18T08:19:48,29.17,8.1,610.6,5.9,316.9,8129.2,1,1,8,1,
2025-10-18T08:19:50,28.57,7.56,626.2,9.71,255.5,6485.4,1,1,8,1,
2025-10-18T08:19:52,29.25,8.31,601.2,4.82,342.7,10062.3,1,1,8,1,
2025-10-18T08:19:54,28.74,7.88,571.0,4.14,354.9,10437.0,1,1,8,1,
2025-10-18T08:19:56,29.13,7.96,582.5,2.31,385.3,7883.2,1,1,8,1,
2025-10-18T08:19:58,28.93,8.48,617.9,4.74,332.9,9722.7,1,1,8,1,
2025-10-18T08:20:00,29.05,7.78,655.2,5.0,424.9,9620.1,1,1,8,1,
2025-10-18T08:20:02,28.82,8.19,604.1,9.56,369.4,6730.5,1,1,8,1,
2025-10-18T08:20:04,28.74,8.15,579.9,5.79,311.8,8635.4,1,1,8,1,
2025-10-18T08:20:06,29.83,7.84,601.5,11.24,346.8,8678.6,1,1,8,1,
2025-10-18T08:20:08,28.58,8.06,588.8,9.96,397.5,11884.3,1,1,8,1,
2025-10-18T08:20:10,29.23,8.05,611.7,5.94,363.5,7556.9,1,1,8,1,
2025-10-18T08:20:12,29.07,8.2,539.6,10.42,402.7,7822.9,1,1,8,1,
2025-10-18T08:20:14,28.15,7.91,677.8,6.93,310.0,7242.8,1,1,8,1,
2025-10-18T08:20:16,29.34,8.08,585.7,5.9,334.3,6616.4,1,1,8,1,
2025-10-18T08:20:18,29.65,7.95,673.0,11.56,389.9,7352.6,1,1,8,1,
2025-10-18T08:20:20,29.16,8.0,545.8,7.97,302.8,9781.5,1,1,8,1,
2025-10-18T08:20:22,28.81,8.03,617.0,6.22,373.5,7287.6,1,1,8,1,
2025-10-18T08:20:24,29.35,7.8,607.6,12.82,310.0,6983.4,1,1,8,1,
2025-10-18T08:20:26,29.21,8.03,621.0,8.47,375.4,9664.5,1,1,8,1,
2025-10-18T08:20:28,29.16,7.96,640.4,12.7,344.7,6538.2,1,1,8,1,
2025-10-18T08:20:30,29.44,7.98,469.6,9.54,328.6,7864.2,1,1,8,1,
2025-10-18T08:20:32,29.13,8.03,642.6,5.69,370.5,7610.7,1,1,8,1,
2025-10-18T08:20:34,29.3,8.09,543.9,10.26,328.6,9212.1,1,1,8,1,
2025-10-18T08:20:36,29.15,8.28,586.6,5.95,349.2,7545.2,1,1,8,1,
2025-10-18T08:20:38,29.32,7.76,536.8,3.8,388.0,10565.9,1,1,8,1,
2025-10-18T08:20:40,28.96,7.97,604.2,10.49,312.9,8357.6,1,1,8,1,
2025-10-18T08:20:42,29.39,8.08,611.4,10.0,241.9,9016.8,1,1,8,1,
2025-10-18T08:20:44,28.74,7.73,630.7,11.12,344.5,9429.3,1,1,8,1,
2025-10-18T08:20:46,29.64,8.2,698.4,9.23,353.0,5597.1,1,1,8,1,
2025-10-18T08:20:48,28.9,7.87,730.3,6.47,354.9,8827.2,1,1,8,1,
2025-10-18T08:20:50,29.02,8.25,562.6,7.58,320.3,6020.0,1,1,8,1,
2025-10-18T08:20:52,28.76,7.99,574.2,4.92,293.7,7875.3,1,1,8,1,
2025-10-18T08:20:54,28.4,8.11,604.9,2.63,337.6,6871.8,1,1,8,1,
2025-10-18T08:20:56,29.13,8.2,487.5,7.35,343.6,9007.0,1,1,8,1,
2025-10-18T08:20:58,29.09,7.89,580.9,4.61,393.0,8032.0,1,1,8,1,
2025-10-18T08:23:00,30.95,8.09,570.4,1.95,238.9,7099.0,0,1,8,1,
2025-10-18T08:23:02,30.13,8.19,509.3,11.58,298.3,9176.2,0,1,8,1,
2025-10-18T08:23:04,30.81,8.26,601.2,4.44,223.2,8137.0,0,1,8,1,
2025-10-18T08:23:06,29.89,7.92,610.8,8.31,309.9,8220.0,0,1,8,1,
2025-10-18T08:23:08,30.08,8.18,543.7,13.64,315.6,9022.6,0,1,8,1,
2025-10-18T08:23:10,30.35,8.14,686.7,9.15,292.4,9433.8,0,1,8,1,
2025-10-18T08:23:12,29.43,8.12,617.7,7.17,314.2,6741.8,0,1,8,1,
2025-10-18T08:23:14,29.73,8.12,631.2,3.89,377.0,7960.6,0,1,8,1,
2025-10-18T08:23:16,30.48,8.18,574.8,15.1,266.3,10103.0,0,1,8,1,
2025-10-18T08:23:18,30.5,7.98,717.5,7.0,333.0,9312.4,0,1,8,1,
2025-10-18T08:23:20,29.93,8.25,675.5,1.01,378.7,7005.0,0,1,8,1,
2025-10-18T08:23:22,30.52,8.3,543.6,6.36,270.2,8742.1,0,1,8,1,
2025-10-18T08:23:24,29.85,8.24,711.7,13.58,294.7,8748.9,0,1,8,1,
2025-10-18T08:23:26,29.16,7.95,687.5,14.46,264.5,8289.0,0,1,8,1,
2025-10-18T08:23:28,29.99,8.15,563.3,9.7,298.7,8982.7,0,1,8,1,
2025-10-18T08:23:30,30.27,8.1,589.5,7.56,316.0,8556.0,0,1,8,1,
2025-10-18T08:23:32,29.87,8.39,659.3,6.82,351.4,8599.4,0,1,8,1,
2025-10-18T08:23:34,30.59,8.17,612.5,9.79,249.3,7647.9,0,1,8,1,
2025-10-18T08:23:36,29.4,8.13,741.3,16.93,348.7,9601.0,0,1,8,1,
2025-10-18T08:23:38,29.1,8.0,564.9,5.52,312.4,8433.5,0,1,8,1,
2025-10-18T08:23:40,29.01,8.23,544.9,8.96,413.3,7896.7,0,1,8,1,
2025-10-18T08:23:42,28.73,8.05,697.1,15.83,264.7,9596.0,0,1,8,1,
2025-10-18T08:23:44,29.77,8.08,805.1,1.99,331.4,9561.2,0,1,8,1,
2025-10-18T08:23:46,30.54,8.12,641.6,6.43,332.1,8588.2,0,1,8,1,
2025-10-18T08:23:48,30.31,8.03,646.4,7.88,370.7,8938.3,0,1,8,1,
2025-10-18T08:23:50,29.11,8.33,556.6,5.38,293.2,10649.3,0,1,8,1,
2025-10-18T08:23:52,28.93,8.66,693.9,8.89,317.5,9342.7,0,1,8,1,
2025-10-18T08:23:54,30.26,8.22,658.9,8.36,311.1,8818.5,0,1,8,1,
2025-10-18T08:23:56,29.9,8.3,661.5,0.0,349.5,9233.7,0,1,8,1,
2025-10-18T08:23:58,29.99,8.03,698.7,11.79,285.2,9488.5,0,1,8,1,
2025-10-18T08:24:00,29.51,7.85,576.1,11.45,362.9,9615.7,0,1,8,1,
2025-10-18T08:24:02,30.36,8.19,575.1,9.73,356.0,9905.1,0,1,8,1,
2025-10-18T08:24:04,30.59,8.23,644.6,12.28,318.8,7941.8,0,1,8,1,
2025-10-18T08:24:06,29.92,7.97,572.7,7.42,284.3,8630.4,0,1,8,1,
2025-10-18T08:24:08,29.05,8.14,620.1,4.73,349.7,10125.1,0,1,8,1,
2025-10-18T08:24:10,29.2,7.96,566.2,4.24,357.3,8767.4,0,1,8,1,
2025-10-18T08:24:12,29.87,7.74,664.5,3.04,322.7,9332.9,0,1,8,1,
2025-10-18T08:24:14,30.68,7.86,408.6,8.74,401.0,10486.7,0,1,8,1,
2025-10-18T08:24:16,30.1,8.01,676.5,4.11,341.4,9606.6,0,1,8,1,
2025-10-18T08:24:18,30.53,8.6,647.5,5.96,318.8,6877.1,0,1,8,1,
2025-10-18T08:24:20,29.65,8.03,583.3,8.61,283.0,10345.2,0,1,8,1,
2025-10-18T08:24:22,30.0,8.1,597.0,8.62,357.1,7959.4,0,1,8,1,
2025-10-18T08:24:24,29.67,8.05,525.8,4.72,298.6,10049.3,0,1,8,1,
2025-10-18T08:24:26,30.13,8.13,679.6,7.45,337.6,8876.1,0,1,8,1,
2025-10-18T08:24:28,30.13,8.0,449.3,7.46,384.0,10111.5,0,1,8,1,
2025-10-18T08:24:30,30.48,8.32,626.2,8.79,292.2,8620.7,0,1,8,1,
2025-10-18T08:24:32,30.31,8.32,610.2,6.2,320.0,9721.4,0,1,8,1,
2025-10-18T08:24:34,29.28,7.69,581.5,3.12,297.1,8822.7,0,1,8,1,
2025-10-18T08:24:36,29.77,8.36,642.9,9.2,348.0,7633.4,0,1,8,1,
2025-10-18T08:24:38,30.52,8.09,666.9,3.71,250.1,9981.5,0,1,8,1,
2025-10-18T08:24:40,30.19,7.94,559.1,12.5,266.5,10971.2,0,1,8,1,
2025-10-18T08:24:42,29.55,8.21,597.0,10.41,295.5,8804.6,0,1,8,1,
2025-10-18T08:24:44,30.02,7.92,671.9,5.95,309.7,7806.8,0,1,8,1,
2025-10-18T08:24:46,28.72,8.07,788.9,11.14,319.1,8684.5,0,1,8,1,
2025-10-18T08:24:48,30.01,8.2,537.3,12.46,352.2,9861.8,0,1,8,1,
2025-10-18T08:24:50,30.22,8.1,667.1,10.37,304.1,8311.7,0,1,8,1,
2025-10-18T08:24:52,30.05,8.38,533.3,2.13,327.4,9061.1,0,1,8,1,
2025-10-18T08:24:54,30.09,8.14,604.4,13.96,248.0,8005.8,0,1,8,1,
2025-10-18T08:24:56,29.95,7.8,607.7,14.65,320.9,9276.8,0,1,8,1,
2025-10-18T08:24:58,29.37,7.99,593.7,6.73,377.7,9669.2,0,1,8,1,
2025-10-18T08:25:00,29.44,8.14,654.9,12.56,391.1,7781.9,0,1,8,1,
2025-10-18T08:25:02,29.59,7.87,603.6,9.87,364.4,8908.9,0,1,8,1,
2025-10-18T08:25:04,29.84,8.13,561.5,16.36,247.7,9221.7,0,1,8,1,
2025-10-18T08:25:06,31.01,8.1,606.7,6.57,311.9,10647.4,0,1,8,1,
2025-10-18T08:25:08,28.89,8.38,520.3,6.93,300.7,9706.3,0,1,8,1,
2025-10-18T08:25:10,29.2,8.18,761.7,2.55,328.5,8205.6,0,1,8,1,
2025-10-18T08:25:12,30.21,8.1,575.1,9.95,401.2,8770.9,0,1,8,1,
2025-10-18T08:25:14,30.36,7.87,553.0,9.89,386.8,9426.7,0,1,8,1,
2025-10-18T08:25:16,29.84,8.1,532.5,10.42,359.7,8457.5,0,1,8,1,
2025-10-18T08:25:18,29.76,8.15,589.4,7.74,414.5,8703.6,0,1,8,1,
2025-10-18T08:25:20,29.82,7.98,672.1,7.28,290.8,10585.6,0,1,8,1,
2025-10-18T08:25:22,30.71,7.99,489.3,12.03,289.2,9948.8,0,1,8,1,
2025-10-18T08:25:24,29.01,8.26,535.2,10.92,320.6,7855.3,0,1,8,1,
2025-10-18T08:25:26,29.8,8.22,627.4,10.34,408.9,7122.9,0,1,8,1,
2025-10-18T08:25:28,30.81,8.12,557.1,2.68,311.5,10106.0,0,1,8,1,
2025-10-18T08:25:30,29.94,8.37,518.4,7.95,263.6,9436.4,0,1,8,1,
2025-10-18T08:25:32,30.44,8.02,437.7,8.8,339.7,9485.2,0,1,8,1,
2025-10-18T08:25:34,30.62,7.91,667.6,12.77,240.0,9383.6,0,1,8,1,
2025-10-18T08:25:36,29.75,8.09,644.3,6.05,289.6,9041.0,0,1,8,1,
2025-10-18T08:25:38,29.46,7.9,667.6,3.4,350.0,9555.1,0,1,8,1,
2025-10-18T08:25:40,29.14,7.98,703.6,4.08,299.1,9554.5,0,1,8,1,
2025-10-18T08:25:42,30.39,8.05,578.2,13.69,398.3,10174.6,0,1,8,1,
2025-10-18T08:25:44,30.04,7.95,561.9,10.09,338.8,10681.9,0,1,8,1,
2025-10-18T08:25:46,30.33,7.83,693.6,4.01,302.7,9300.2,0,1,8,1,
2025-10-18T08:25:48,31.0,8.66,662.5,7.27,344.1,10065.2,0,1,8,1,
2025-10-18T08:25:50,29.84,8.42,636.1,9.99,350.0,9505.9,0,1,8,1,
2025-10-18T08:25:52,30.42,7.99,580.9,3.6,339.8,9934.7,0,1,8,1,
2025-10-18T08:25:54,30.23,8.4,619.6,10.67,270.9,8535.5,0,1,8,1,
2025-10-18T08:25:56,30.35,8.25,599.4,7.71,251.7,8571.6,0,1,8,1,
2025-10-18T08:25:58,30.45,8.2,655.0,8.2,320.3,8207.6,0,1,8,1,
2025-10-18T08:26:00,30.35,8.18,654.4,5.9,223.1,10316.6,0,1,8,1,
2025-10-18T08:26:02,29.76,7.94,668.5,6.43,367.7,9740.4,0,1,8,1,
2025-10-18T08:26:04,30.34,7.85,704.8,9.05,303.4,9172.1,0,1,8,1,
2025-10-18T08:26:06,29.11,8.17,547.9,2.59,251.5,10335.2,0,1,8,1,
2025-10-18T08:26:08,29.69,8.38,582.5,1.17,269.8,10483.0,0,1,8,1,
2025-10-18T08:26:10,29.92,8.0,631.2,10.01,370.3,10738.2,0,1,8,1,
2025-10-18T08:26:12,29.82,7.86,591.1,9.04,276.6,7851.4,0,1,8,1,
2025-10-18T08:26:14,30.17,8.09,622.3,4.97,309.6,7890.9,0,1,8,1,
2025-10-18T08:26:16,30.45,8.29,490.8,4.28,252.7,8220.0,0,1,8,1,
2025-10-18T08:26:18,29.96,7.84,555.5,3.98,329.3,9083.2,0,1,8,1,
2025-10-18T08:26:20,29.64,8.13,581.7,6.91,395.3,10608.6,0,1,8,1,
2025-10-18T08:26:22,29.35,8.25,676.8,3.41,356.8,10845.5,0,1,8,1,
2025-10-18T08:26:24,29.44,7.93,691.2,9.09,344.8,9408.7,0,1,8,1,
2025-10-18T08:26:26,30.2,7.86,693.3,12.68,309.7,8947.8,0,1,8,1,
2025-10-18T08:26:28,29.23,8.19,660.0,7.75,370.6,8599.1,0,1,8,1,
2025-10-18T08:26:30,30.28,7.92,618.4,7.3,330.1,8556.6,0,1,8,1,
2025-10-18T08:26:32,29.93,8.25,589.4,1.57,398.7,10657.7,0,1,8,1,
2025-10-18T08:26:34,29.35,8.22,584.8,9.05,333.2,8718.7,0,1,8,1,
2025-10-18T08:26:36,29.61,7.98,555.9,4.67,317.0,8141.1,0,1,8,1,
2025-10-18T08:26:38,30.34,8.37,579.4,8.96,342.5,9566.4,0,1,8,1,
2025-10-18T08:26:40,30.04,8.23,653.8,3.05,359.1,10064.7,0,1,8,1,
2025-10-18T08:26:42,29.62,8.11,667.8,7.16,368.3,11836.6,0,1,8,1,
2025-10-18T08:26:44,29.61,7.85,641.3,10.89,309.6,10743.9,0,1,8,1,
2025-10-18T08:26:46,29.33,8.22,577.6,14.88,409.7,8080.0,0,1,8,1,
2025-10-18T08:26:48,29.73,8.25,592.9,7.82,321.1,6696.4,0,1,8,1,
2025-10-18T08:26:50,29.99,7.98,585.5,13.77,263.5,9975.8,0,1,8,1,
2025-10-18T08:26:52,29.86,8.05,675.3,9.36,345.7,10161.8,0,1,8,1,
2025-10-18T08:26:54,29.83,7.99,544.0,4.7,452.7,10493.6,0,1,8,1,
2025-10-18T08:26:56,29.32,7.86,653.7,10.19,344.7,8694.1,0,1,8,1,
2025-10-18T08:26:58,29.94,8.16,626.0,0.0,309.7,7978.3,0,1,8,1,
2025-10-18T08:27:00,30.09,8.64,645.7,6.75,361.5,9579.2,0,1,8,1,
2025-10-18T08:27:02,30.21,8.21,764.0,3.48,341.3,7888.3,0,1,8,1,
2025-10-18T08:27:04,30.28,7.93,590.8,6.82,363.9,10102.1,0,1,8,1,
2025-10-18T08:27:06,29.38,8.11,570.3,2.97,310.2,8629.8,0,1,8,1,
2025-10-18T08:27:08,31.21,8.18,523.6,5.74,366.0,11506.1,0,1,8,1,
2025-10-18T08:27:10,29.21,7.76,751.0,9.56,280.9,9641.6,0,1,8,1,
2025-10-18T08:27:12,28.68,8.1,642.9,11.7,274.4,9102.8,0,1,8,1,
2025-10-18T08:27:14,29.54,8.15,557.3,6.37,275.2,9781.4,0,1,8,1,
2025-10-18T08:27:16,30.43,8.06,622.7,2.21,306.5,8939.8,0,1,8,1,
2025-10-18T08:27:18,31.31,7.9,722.5,11.99,332.6,11110.3,0,1,8,1,
2025-10-18T08:27:20,30.19,8.17,616.3,12.89,369.3,8249.2,0,1,8,1,
2025-10-18T08:27:22,29.34,8.06,564.0,7.75,375.7,8451.2,0,1,8,1,
2025-10-18T08:27:24,29.98,8.11,679.4,0.0,292.7,9253.5,0,1,8,1,
2025-10-18T08:27:26,30.6,8.01,488.6,10.48,291.4,7572.4,0,1,8,1,
2025-10-18T08:27:28,29.69,8.07,577.7,0.0,360.4,10529.9,0,1,8,1,
2025-10-18T08:27:30,30.33,7.9,605.9,7.97,346.9,9802.0,0,1,8,1,
2025-10-18T08:27:32,29.63,8.11,652.0,13.82,351.7,9946.9,0,1,8,1,
2025-10-18T08:27:34,30.04,8.35,648.7,4.56,383.2,9837.5,0,1,8,1,
2025-10-18T08:27:36,29.78,8.01,640.8,9.85,328.9,9373.6,0,1,8,1,
2025-10-18T08:27:38,30.85,8.29,633.3,11.77,273.5,9477.5,0,1,8,1,
2025-10-18T08:27:40,30.9,8.06,560.7,5.39,271.0,8058.3,0,1,8,1,
2025-10-18T08:27:42,29.81,7.85,621.1,11.61,279.2,10823.1,0,1,8,1,
2025-10-18T08:27:44,30.26,8.29,574.0,11.42,270.9,10068.3,0,1,8,1,
2025-10-18T08:27:46,30.09,8.2,537.7,4.42,346.9,7862.0,0,1,8,1,
2025-10-18T08:27:48,30.23,7.85,679.4,3.07,344.9,9750.8,0,1,8,1,
2025-10-18T08:27:50,29.65,8.2,638.2,5.84,274.6,6644.8,0,1,8,1,
2025-10-18T08:27:52,30.17,7.82,626.7,6.95,350.6,8637.5,0,1,8,1,
2025-10-18T08:27:54,29.84,8.23,643.5,9.26,341.1,7157.3,0,1,8,1,
2025-10-18T08:27:56,30.38,8.21,548.8,7.02,318.2,8838.6,0,1,8,1,
2025-10-18T08:27:58,30.17,8.36,695.7,2.75,348.0,10594.7,0,1,8,1,
2025-10-18T08:28:00,30.19,8.3,760.9,12.09,331.2,10254.1,0,1,8,1,
2025-10-18T08:28:02,30.07,8.1,595.4,14.25,283.2,10838.8,0,1,8,1,
2025-10-18T08:28:04,30.25,7.85,645.7,0.0,348.1,10062.3,0,1,8,1,
2025-10-18T08:28:06,29.7,8.12,756.8,5.98,272.3,10778.0,0,1,8,1,
2025-10-18T08:28:08,30.98,8.1,690.8,13.37,286.6,8417.6,0,1,8,1,
2025-10-18T08:28:10,30.62,8.4,659.4,4.48,409.4,8362.8,0,1,8,1,
2025-10-18T08:28:12,29.83,8.16,728.8,11.42,338.7,9555.9,0,1,8,1,
2025-10-18T08:28:14,30.02,8.2,442.9,6.81,330.9,7618.8,0,1,8,1,
2025-10-18T08:28:16,30.19,8.06,742.9,14.29,299.0,8819.0,0,1,8,1,
2025-10-18T08:28:18,29.96,8.02,633.7,4.97,269.1,9747.3,0,1,8,1,
2025-10-18T08:28:20,30.31,7.96,682.7,5.47,331.4,9984.4,0,1,8,1,
2025-10-18T08:28:22,29.98,8.18,583.8,7.21,310.7,8104.1,0,1,8,1,
2025-10-18T08:28:24,29.91,7.82,585.6,6.86,308.5,8710.2,0,1,8,1,
2025-10-18T08:28:26,29.97,8.19,681.2,5.4,265.9,7749.5,0,1,8,1,
2025-10-18T08:28:28,29.76,8.04,566.1,2.82,299.5,9217.7,0,1,8,1,
2025-10-18T08:28:30,30.3,8.0,591.1,4.29,318.6,7981.9,0,1,8,1,
2025-10-18T08:28:32,30.29,7.78,594.8,9.2,328.3,12231.6,0,1,8,1,
2025-10-18T08:28:34,30.17,7.92,613.3,0.9,316.4,8000.3,0,1,8,1,
2025-10-18T08:28:36,30.46,8.0,611.8,5.46,398.2,8614.5,0,1,8,1,
2025-10-18T08:28:38,30.92,8.25,653.7,9.47,337.7,6686.8,0,1,8,1,
2025-10-18T08:28:40,29.86,8.25,616.6,2.38,317.6,11044.9,0,1,8,1,
2025-10-18T08:28:42,30.62,8.09,686.6,6.53,243.3,7890.6,0,1,8,1,
2025-10-18T08:28:44,30.78,8.05,603.0,6.8,405.7,10951.2,0,1,8,1,
2025-10-18T08:28:46,31.11,8.07,640.7,1.93,386.5,7598.7,0,1,8,1,
2025-10-18T08:28:48,30.11,7.9,578.8,4.65,292.6,8353.1,0,1,8,1,
2025-10-18T08:28:50,29.73,8.25,542.7,8.88,374.8,8384.2,0,1,8,1,
2025-10-18T08:28:52,29.64,8.06,702.6,8.78,296.1,9580.7,0,1,8,1,
2025-10-18T08:28:54,29.45,8.22,648.6,6.77,282.3,7936.0,0,1,8,1,
2025-10-18T08:28:56,30.27,8.32,575.4,9.83,226.1,8298.5,0,1,8,1,
2025-10-18T08:28:58,29.98,7.94,554.4,5.33,333.1,8775.2,0,1,8,1,
2025-10-18T08:29:00,28.88,7.72,577.5,9.83,196.4,8400.3,0,1,8,1,
2025-10-18T08:29:02,29.74,8.35,593.0,9.53,326.4,6443.3,0,1,8,1,
2025-10-18T08:29:04,30.38,8.14,655.6,23.7,226.2,11069.6,0,1,8,1,
2025-10-18T08:29:06,29.86,8.15,616.8,6.3,294.4,9395.4,0,1,8,1,
2025-10-18T08:29:08,29.24,8.24,590.9,3.48,299.7,10508.6,0,1,8,1,
2025-10-18T08:29:10,29.73,8.16,568.8,11.03,350.8,11218.3,0,1,8,1,
2025-10-18T08:29:12,29.91,8.22,626.9,13.18,287.7,9894.0,0,1,8,1,
2025-10-18T08:29:14,29.9,8.09,626.4,9.01,314.8,9257.7,0,1,8,1,
2025-10-18T08:29:16,30.79,8.28,680.8,6.18,280.0,10146.4,0,1,8,1,
2025-10-18T08:29:18,30.44,8.37,577.7,7.08,246.2,8529.0,0,1,8,1,
2025-10-18T08:29:20,30.5,8.02,664.8,7.24,334.6,7622.8,0,1,8,1,
2025-10-18T08:29:22,30.04,7.56,606.9,1.48,374.3,9932.9,0,1,8,1,
2025-10-18T08:29:24,30.23,8.37,553.6,14.99,361.9,8716.1,0,1,8,1,
2025-10-18T08:29:26,30.57,7.9,562.3,5.57,296.2,7732.1,0,1,8,1,
2025-10-18T08:29:28,30.61,8.05,644.7,5.72,238.1,9324.1,0,1,8,1,
2025-10-18T08:29:30,29.04,8.09,524.2,15.95,361.0,9126.9,0,1,8,1,
2025-10-18T08:29:32,30.63,7.95,658.0,8.8,331.9,10526.8,0,1,8,1,
2025-10-18T08:29:34,30.37,8.15,504.2,4.16,314.5,9112.0,0,1,8,1,
2025-10-18T08:29:36,29.43,8.53,726.1,10.41,323.2,8745.3,0,1,8,1,
2025-10-18T08:29:38,29.52,8.11,638.0,3.03,335.0,8813.7,0,1,8,1,
2025-10-18T08:29:40,29.05,7.95,591.0,15.55,345.0,7397.4,0,1,8,1,
2025-10-18T08:29:42,30.24,7.82,695.8,6.12,315.8,10591.0,0,1,8,1,
2025-10-18T08:29:44,29.36,7.85,579.1,12.15,251.6,5601.4,0,1,8,1,
2025-10-18T08:29:46,29.77,8.2,704.0,6.15,301.5,10384.7,0,1,8,1,
2025-10-18T08:29:48,29.07,8.03,633.3,9.8,297.1,9041.3,0,1,8,1,
2025-10-18T08:29:50,28.76,7.98,651.7,4.07,322.7,9536.2,0,1,8,1,
2025-10-18T08:29:52,29.83,8.13,552.6,7.17,347.5,9188.4,0,1,8,1,
2025-10-18T08:29:54,29.71,8.14,670.0,0.0,372.2,8596.5,0,1,8,1,
2025-10-18T08:29:56,30.21,8.32,524.0,5.16,307.0,8059.5,0,1,8,1,
2025-10-18T08:29:58,30.87,7.95,581.1,8.82,265.9,8525.2,0,1,8,1,
2025-10-18T08:30:00,30.16,8.04,613.5,5.88,251.8,9385.9,0,1,8,1,
2025-10-18T08:30:02,30.88,8.1,635.8,10.77,262.9,11043.0,0,1,8,1,
2025-10-18T08:30:04,30.1,8.39,568.7,15.27,354.9,9663.6,0,1,8,1,
2025-10-18T08:30:06,30.12,8.06,704.0,8.56,231.5,7659.4,0,1,8,1,
2025-10-18T08:30:08,29.91,8.16,616.0,12.88,232.2,9172.3,0,1,8,1,
2025-10-18T08:30:10,29.09,8.24,613.4,9.68,281.1,10535.4,0,1,8,1,
2025-10-18T08:30:12,30.52,8.21,610.9,10.32,288.2,10026.7,0,1,8,1,
2025-10-18T08:30:14,30.82,8.29,568.9,9.45,261.8,9686.9,0,1,8,1,
2025-10-18T08:30:16,30.23,7.76,538.7,6.87,306.5,7548.6,0,1,8,1,
2025-10-18T08:30:18,30.19,8.15,606.4,4.98,367.2,10986.5,0,1,8,1,
2025-10-18T08:30:20,29.76,7.99,654.4,6.57,313.7,9887.6,0,1,8,1,
2025-10-18T08:30:22,29.05,8.34,625.1,6.35,316.0,8954.9,0,1,8,1,
2025-10-18T08:30:24,29.13,8.37,622.9,9.77,362.8,7774.6,0,1,8,1,
2025-10-18T08:30:26,30.24,8.05,679.3,0.0,315.5,8276.6,0,1,8,1,
2025-10-18T08:30:28,30.22,8.18,570.5,5.15,315.0,7924.0,0,1,8,1,
2025-10-18T08:30:30,30.42,8.03,416.5,6.5,273.3,7042.5,0,1,8,1,
2025-10-18T08:30:32,29.38,8.12,713.0,9.25,292.7,9547.1,0,1,8,1,
2025-10-18T08:30:34,29.77,7.97,539.2,0.99,302.5,9189.7,0,1,8,1,
2025-10-18T08:30:36,29.95,8.03,553.8,10.43,260.7,9931.2,0,1,8,1,
2025-10-18T08:30:38,29.5,7.96,517.3,5.99,363.9,9618.8,0,1,8,1,
2025-10-18T08:30:40,30.49,8.19,542.7,6.68,284.9,10596.7,0,1,8,1,
2025-10-18T08:30:42,29.4,8.26,682.5,15.32,301.6,9854.8,0,1,8,1,
2025-10-18T08:30:44,31.14,7.99,512.5,0.48,352.1,6740.2,0,1,8,1,
2025-10-18T08:30:46,29.81,8.18,633.0,9.7,330.0,10534.6,0,1,8,1,
2025-10-18T08:30:48,29.52,7.98,565.9,11.32,360.5,9541.5,0,1,8,1,
2025-10-18T08:30:50,30.59,7.89,736.7,14.09,353.1,11138.2,0,1,8,1,
2025-10-18T08:30:52,29.17,8.01,568.5,10.89,272.7,9909.0,0,1,8,1,
2025-10-18T08:30:54,30.69,8.23,639.9,4.05,281.9,10499.5,0,1,8,1,
2025-10-18T08:30:56,30.39,8.09,590.7,0.0,271.8,11293.7,0,1,8,1,
2025-10-18T08:30:58,29.36,8.13,690.5,2.98,328.3,10125.5,0,1,8,1,
2025-10-18T22:00:00,28.01,8.47,479.9,12.18,293.1,6.5,1,1,22,0,
2025-10-18T22:00:02,28.22,7.75,593.7,3.43,324.1,5.6,1,1,22,0,
2025-10-18T22:00:04,28.32,8.11,602.1,9.44,264.8,3.6,1,1,22,0,
2025-10-18T22:00:06,28.59,8.19,565.7,9.14,263.8,7.3,1,1,22,0,
2025-10-18T22:00:08,28.33,8.29,527.3,7.87,309.3,6.3,1,1,22,0,
2025-10-18T22:00:10,27.89,7.73,632.9,11.16,263.3,7.7,1,1,22,0,
2025-10-18T22:00:12,28.59,7.93,584.8,10.66,265.5,5.1,1,1,22,0,
2025-10-18T22:00:14,26.92,8.08,486.3,13.51,286.8,4.6,1,1,22,0,
2025-10-18T22:00:16,27.69,7.84,665.1,1.54,351.1,5.7,1,1,22,0,
2025-10-18T22:00:18,27.4,7.68,680.6,6.16,253.9,7.3,1,1,22,0,
2025-10-18T22:00:20,28.17,7.71,593.0,5.92,344.0,7.1,1,1,22,0,
2025-10-18T22:00:22,28.27,7.97,685.7,9.0,252.7,5.9,1,1,22,0,
2025-10-18T22:00:24,29.04,7.7,558.3,10.25,297.8,3.0,1,1,22,0,
2025-10-18T22:00:26,28.56,8.36,591.8,6.29,238.0,5.5,1,1,22,0,
2025-10-18T22:00:28,28.55,8.0,579.9,7.23,256.3,6.7,1,1,22,0,
2025-10-18T22:00:30,28.46,7.59,675.4,10.72,356.0,2.3,1,1,22,0,
2025-10-18T22:00:32,27.32,7.87,610.2,14.39,328.2,4.5,1,1,22,0,
2025-10-18T22:00:34,27.49,8.15,522.1,13.89,288.6,8.2,1,1,22,0,
2025-10-18T22:00:36,28.34,7.87,548.8,7.98,317.1,5.2,1,1,22,0,
2025-10-18T22:00:38,27.7,7.87,584.7,2.61,318.3,3.0,1,1,22,0,
2025-10-18T22:00:40,27.42,7.56,472.4,4.93,271.6,8.9,1,1,22,0,
2025-10-18T22:00:42,27.74,7.94,604.0,9.39,296.9,2.6,1,1,22,0,
2025-10-18T22:00:44,28.73,8.26,479.0,5.93,288.8,3.1,1,1,22,0,
2025-10-18T22:00:46,28.25,7.75,709.9,12.57,308.5,7.1,1,1,22,0,
2025-10-18T22:00:48,28.55,7.79,531.0,9.23,334.5,5.3,1,1,22,0,
2025-10-18T22:00:50,27.21,7.74,575.6,8.77,378.9,2.2,1,1,22,0,
2025-10-18T22:00:52,28.25,8.2,716.3,7.79,319.7,6.1,1,1,22,0,
2025-10-18T22:00:54,28.1,7.88,606.2,1.4,327.3,5.3,1,1,22,0,
2025-10-18T22:00:56,27.89,8.31,539.5,7.79,379.7,3.3,1,1,22,0,
2025-10-18T22:00:58,27.72,7.87,630.4,9.62,248.3,3.9,1,1,22,0,
2025-10-18T22:01:00,27.7,7.88,605.6,10.25,229.0,7.1,1,1,22,0,
2025-10-18T22:01:02,28.13,8.18,606.7,12.3,318.7,7.7,1,1,22,0,
2025-10-18T22:01:04,28.26,7.88,716.3,11.67,322.9,2.4,1,1,22,0,
2025-10-18T22:01:06,27.36,7.96,588.7,7.16,305.6,8.2,1,1,22,0,
2025-10-18T22:01:08,28.35,7.67,573.3,6.59,284.5,4.2,1,1,22,0,
2025-10-18T22:01:10,27.76,7.65,572.3,7.32,182.8,9.1,1,1,22,0,
2025-10-18T22:01:12,28.54,7.82,581.1,5.49,367.8,8.8,1,1,22,0,
2025-10-18T22:01:14,28.08,8.1,590.5,4.99,283.5,5.3,1,1,22,0,
2025-10-18T22:01:16,27.77,7.86,574.5,8.76,302.1,2.9,1,1,22,0,
2025-10-18T22:01:18,27.64,7.64,638.7,2.68,346.1,7.8,1,1,22,0,
2025-10-18T22:01:20,27.85,7.38,558.3,8.81,259.6,4.0,1,1,22,0,
2025-10-18T22:01:22,28.77,8.03,524.5,4.21,286.9,4.6,1,1,22,0,
2025-10-18T22:01:24,28.25,7.79,610.7,14.81,332.6,4.9,1,1,22,0,
2025-10-18T22:01:26,27.91,7.83,650.8,7.12,301.8,5.1,1,1,22,0,
2025-10-18T22:01:28,27.75,7.63,599.4,8.82,320.0,3.9,1,1,22,0,
2025-10-18T22:01:30,28.61,7.72,682.7,3.76,317.4,6.0,1,1,22,0,
2025-10-18T22:01:32,27.6,7.98,656.8,2.35,320.1,0.0,1,1,22,0,
2025-10-18T22:01:34,27.52,8.23,545.1,5.48,292.1,9.1,1,1,22,0,
2025-10-18T22:01:36,27.08,7.69,669.8,14.57,295.9,2.5,1,1,22,0,
2025-10-18T22:01:38,29.05,8.22,620.7,6.56,298.0,4.7,1,1,22,0,
2025-10-18T22:01:40,28.17,8.19,632.8,5.77,355.1,5.6,1,1,22,0,
2025-10-18T22:01:42,28.34,8.19,513.3,8.89,278.7,1.9,1,1,22,0,
2025-10-18T22:01:44,28.17,8.4,469.6,8.9,325.6,5.2,1,1,22,0,
2025-10-18T22:01:46,27.94,7.64,594.0,6.73,212.4,7.4,1,1,22,0,
2025-10-18T22:01:48,28.48,7.91,593.7,12.22,309.0,6.8,1,1,22,0,
2025-10-18T22:01:50,27.85,8.16,599.2,9.58,249.2,5.6,1,1,22,0,
2025-10-18T22:01:52,27.58,7.77,531.1,5.8,385.0,7.7,1,1,22,0,
2025-10-18T22:01:54,28.96,7.66,584.3,5.12,272.2,3.2,1,1,22,0,
2025-10-18T22:01:56,28.62,7.82,644.1,10.81,392.1,2.0,1,1,22,0,
2025-10-18T22:01:58,28.63,8.13,521.6,12.02,313.4,4.5,1,1,22,0,
2025-10-18T22:02:00,27.59,7.76,703.0,9.0,331.3,3.4,1,1,22,0,
2025-10-18T22:02:02,27.61,8.12,499.0,7.75,301.4,5.2,1,1,22,0,
2025-10-18T22:02:04,27.91,7.98,621.6,11.2,260.6,4.4,1,1,22,0,
2025-10-18T22:02:06,28.6,8.08,497.6,10.05,220.9,5.1,1,1,22,0,
2025-10-18T22:02:08,28.95,7.71,529.9,11.29,238.3,3.7,1,1,22,0,
2025-10-18T22:02:10,28.3,7.77,565.8,11.23,316.9,5.5,1,1,22,0,
2025-10-18T22:02:12,27.83,7.97,572.6,10.37,280.1,4.6,1,1,22,0,
2025-10-18T22:02:14,27.51,7.89,531.3,5.66,310.3,5.4,1,1,22,0,
2025-10-18T22:02:16,28.39,7.81,604.5,10.65,317.8,3.3,1,1,22,0,
2025-10-18T22:02:18,28.07,7.97,580.4,2.74,306.4,9.4,1,1,22,0,
2025-10-18T22:02:20,27.82,7.75,602.4,9.94,347.7,2.5,1,1,22,0,
2025-10-18T22:02:22,28.37,8.02,571.5,10.02,341.2,6.7,1,1,22,0,
2025-10-18T22:02:24,27.43,8.06,576.1,9.22,302.9,4.7,1,1,22,0,
2025-10-18T22:02:26,28.6,7.88,512.8,7.82,307.1,7.5,1,1,22,0,
2025-10-18T22:02:28,28.3,7.73,729.1,9.79,351.0,4.7,1,1,22,0,
2025-10-18T22:02:30,28.27,8.07,653.1,12.17,334.9,4.4,1,1,22,0,
2025-10-18T22:02:32,27.71,7.97,636.0,8.33,342.6,7.9,1,1,22,0,
2025-10-18T22:02:34,27.54,7.73,571.6,9.92,279.0,7.7,1,1,22,0,
2025-10-18T22:02:36,28.21,7.91,493.8,5.05,311.2,0.7,1,1,22,0,
2025-10-18T22:02:38,28.51,7.87,774.6,15.92,292.7,4.8,1,1,22,0,
2025-10-18T22:02:40,28.5,8.24,481.7,3.64,275.1,6.2,1,1,22,0,
2025-10-18T22:02:42,28.25,8.11,508.0,2.05,334.3,3.3,1,1,22,0,
2025-10-18T22:02:44,26.99,7.93,627.6,8.63,281.7,4.7,1,1,22,0,
2025-10-18T22:02:46,27.81,7.63,537.1,10.56,312.9,5.3,1,1,22,0,
2025-10-18T22:02:48,27.5,7.86,449.4,9.54,357.2,2.1,1,1,22,0,
2025-10-18T22:02:50,27.71,7.97,655.2,7.66,272.3,1.1,1,1,22,0,
2025-10-18T22:02:52,28.05,8.31,596.6,8.93,312.9,5.0,1,1,22,0,
2025-10-18T22:02:54,27.59,8.06,593.5,9.05,261.0,7.6,1,1,22,0,
2025-10-18T22:02:56,28.33,7.79,640.1,7.51,268.7,3.5,1,1,22,0,
2025-10-18T22:02:58,27.11,7.99,470.1,5.31,217.0,4.8,1,1,22,0,
2025-10-18T22:03:00,27.92,7.83,517.4,5.48,318.6,3.9,1,1,22,0,
2025-10-18T22:03:02,28.16,7.72,590.9,12.91,323.4,4.2,1,1,22,0,
2025-10-18T22:03:04,28.13,7.85,580.5,8.02,293.4,5.4,1,1,22,0,
2025-10-18T22:03:06,27.5,7.7,496.7,4.2,251.3,5.3,1,1,22,0,
2025-10-18T22:03:08,27.55,8.0,582.1,3.09,326.2,6.6,1,1,22,0,
2025-10-18T22:03:10,27.5,7.98,528.6,9.29,249.4,1.4,1,1,22,0,
2025-10-18T22:03:12,27.81,7.88,556.1,5.45,284.0,5.5,1,1,22,0,
2025-10-18T22:03:14,27.98,7.94,539.8,12.52,253.0,6.0,1,1,22,0,
2025-10-18T22:03:16,28.59,8.0,567.8,7.42,341.4,2.2,1,1,22,0,
2025-10-18T22:03:18,27.51,7.82,654.3,10.14,261.3,4.4,1,1,22,0,
2025-10-18T22:03:20,27.69,7.76,638.7,4.88,364.4,6.7,1,1,22,0,
2025-10-18T22:03:22,28.55,7.81,571.0,4.7,279.0,6.0,1,1,22,0,
2025-10-18T22:03:24,28.65,7.68,558.1,8.55,244.2,6.2,1,1,22,0,
2025-10-18T22:03:26,27.64,7.86,552.9,6.63,299.7,4.6,1,1,22,0,
2025-10-18T22:03:28,27.81,7.75,599.2,13.96,305.6,7.0,1,1,22,0,
2025-10-18T22:03:30,27.3,7.93,514.2,4.57,270.4,7.4,1,1,22,0,
2025-10-18T22:03:32,28.48,7.95,488.0,8.41,312.1,5.4,1,1,22,0,
2025-10-18T22:03:34,27.08,7.72,576.2,10.61,212.2,4.7,1,1,22,0,
2025-10-18T22:03:36,28.07,8.07,621.6,10.75,268.0,1.2,1,1,22,0,
2025-10-18T22:03:38,27.8,8.1,663.6,11.13,317.2,5.8,1,1,22,0,
2025-10-18T22:03:40,27.72,7.87,680.1,6.17,364.6,4.4,1,1,22,0,
2025-10-18T22:03:42,28.66,7.62,615.2,6.79,243.4,5.4,1,1,22,0,
2025-10-18T22:03:44,28.5,7.73,490.1,8.72,296.5,6.1,1,1,22,0,
2025-10-18T22:03:46,28.47,7.89,691.3,9.67,286.1,1.8,1,1,22,0,
2025-10-18T22:03:48,27.87,7.83,637.6,10.39,252.8,5.3,1,1,22,0,
2025-10-18T22:03:50,28.34,8.21,633.3,11.28,302.4,5.8,1,1,22,0,
2025-10-18T22:03:52,28.62,7.63,559.0,6.68,315.2,7.5,1,1,22,0,
2025-10-18T22:03:54,27.7,7.42,555.3,11.74,321.5,5.9,1,1,22,0,
2025-10-18T22:03:56,27.86,7.64,610.9,6.5,387.4,6.1,1,1,22,0,
2025-10-18T22:03:58,27.71,7.78,574.4,8.28,344.7,5.4,1,1,22,0,
2025-10-18T22:04:00,27.63,8.28,583.0,11.31,275.7,5.7,1,1,22,0,
2025-10-18T22:04:02,28.16,7.52,700.9,12.87,284.1,2.8,1,1,22,0,
2025-10-18T22:04:04,28.17,7.92,601.3,9.57,320.2,7.9,1,1,22,0,
2025-10-18T22:04:06,28.28,7.69,661.8,13.92,426.1,2.8,1,1,22,0,
2025-10-18T22:04:08,28.12,7.48,613.2,7.36,376.9,3.5,1,1,22,0,
2025-10-18T22:04:10,27.16,7.81,461.5,11.25,217.4,5.1,1,1,22,0,
2025-10-18T22:04:12,26.96,7.84,678.6,10.08,265.5,4.9,1,1,22,0,
2025-10-18T22:04:14,28.01,7.99,498.0,10.78,191.8,3.7,1,1,22,0,
2025-10-18T22:04:16,27.76,8.03,581.4,4.78,260.6,5.4,1,1,22,0,
2025-10-18T22:04:18,27.96,7.78,551.1,11.09,279.3,4.8,1,1,22,0,
2025-10-18T22:04:20,29.08,7.62,468.9,11.35,272.9,4.4,1,1,22,0,
2025-10-18T22:04:22,27.61,7.85,675.9,11.41,334.5,2.2,1,1,22,0,
2025-10-18T22:04:24,27.42,7.33,531.4,11.87,320.7,4.6,1,1,22,0,
2025-10-18T22:04:26,27.99,7.76,592.3,11.3,235.4,5.6,1,1,22,0,
2025-10-18T22:04:28,28.47,7.82,622.0,17.44,295.8,5.8,1,1,22,0,
2025-10-18T22:04:30,27.63,7.94,607.6,9.58,259.2,5.4,1,1,22,0,
2025-10-18T22:04:32,28.73,7.99,637.7,8.29,330.0,5.6,1,1,22,0,
2025-10-18T22:04:34,27.52,7.96,520.5,7.1,307.6,5.6,1,1,22,0,
2025-10-18T22:04:36,27.41,8.11,614.3,6.89,238.5,4.7,1,1,22,0,
2025-10-18T22:04:38,27.78,7.92,558.2,2.98,284.5,4.4,1,1,22,0,
2025-10-18T22:04:40,28.32,7.76,680.7,3.27,352.4,4.6,1,1,22,0,
2025-10-18T22:04:42,28.43,7.92,648.4,7.84,256.1,7.8,1,1,22,0,
2025-10-18T22:04:44,27.94,7.94,654.1,5.9,323.8,3.8,1,1,22,0,
2025-10-18T22:04:46,27.93,7.91,490.0,6.66,354.0,6.8,1,1,22,0,
2025-10-18T22:04:48,27.97,7.95,562.3,13.07,292.0,5.5,1,1,22,0,
2025-10-18T22:04:50,28.57,7.74,673.5,4.41,365.2,4.3,1,1,22,0,
2025-10-18T22:04:52,27.88,7.52,552.7,5.88,275.7,4.7,1,1,22,0,
2025-10-18T22:04:54,28.48,7.94,598.5,5.71,264.8,8.6,1,1,22,0,
2025-10-18T22:04:56,27.63,8.23,565.4,9.01,342.8,7.5,1,1,22,0,
2025-10-18T22:04:58,27.94,7.82,576.6,10.01,335.7,5.0,1,1,22,0,
2025-10-18T22:05:00,28.31,8.23,602.9,9.93,239.2,0.0,1,1,22,0,
2025-10-18T22:05:02,28.19,7.88,549.1,9.73,297.6,7.3,1,1,22,0,
2025-10-18T22:05:04,28.04,7.75,639.4,8.35,321.1,4.0,1,1,22,0,
2025-10-18T22:05:06,27.68,7.92,580.8,10.44,289.3,1.3,1,1,22,0,
2025-10-18T22:05:08,27.78,8.06,562.2,8.26,339.5,3.6,1,1,22,0,
2025-10-18T22:05:10,27.23,7.87,550.9,6.1,293.0,6.0,1,1,22,0,
2025-10-18T22:05:12,28.0,7.96,688.8,7.97,311.1,4.0,1,1,22,0,
2025-10-18T22:05:14,27.58,7.78,551.3,10.08,394.0,3.6,1,1,22,0,
2025-10-18T22:05:16,27.79,7.89,603.7,9.79,351.4,0.1,1,1,22,0,
2025-10-18T22:05:18,26.81,7.8,645.8,4.3,179.7,6.1,1,1,22,0,
2025-10-18T22:05:20,28.12,7.68,520.9,6.09,304.4,3.7,1,1,22,0,
2025-10-18T22:05:22,28.25,7.33,528.6,5.62,289.7,3.9,1,1,22,0,
2025-10-18T22:05:24,28.4,7.53,582.7,10.68,374.3,4.0,1,1,22,0,
2025-10-18T22:05:26,28.16,7.54,436.5,11.53,299.8,7.4,1,1,22,0,
2025-10-18T22:05:28,27.31,8.0,692.1,10.26,311.1,5.0,1,1,22,0,
2025-10-18T22:05:30,27.21,8.17,543.3,10.51,237.5,2.6,1,1,22,0,
2025-10-18T22:05:32,28.72,7.83,667.2,8.77,226.3,6.8,1,1,22,0,
2025-10-18T22:05:34,27.71,8.04,581.5,4.37,306.6,9.4,1,1,22,0,
2025-10-18T22:05:36,28.25,7.89,644.5,9.63,308.4,2.8,1,1,22,0,
2025-10-18T22:05:38,28.12,8.11,529.8,13.27,296.3,3.2,1,1,22,0,
2025-10-18T22:05:40,28.5,7.84,625.6,8.12,297.6,6.0,1,1,22,0,
2025-10-18T22:05:42,28.15,7.5,512.7,11.79,294.7,4.0,1,1,22,0,
2025-10-18T22:05:44,27.32,7.68,458.7,8.7,276.1,3.1,1,1,22,0,
2025-10-18T22:05:46,27.97,7.97,705.6,4.46,346.4,6.9,1,1,22,0,
2025-10-18T22:05:48,27.61,7.94,552.5,9.56,360.4,6.2,1,1,22,0,
2025-10-18T22:05:50,28.25,7.81,491.0,8.37,348.3,1.9,1,1,22,0,
2025-10-18T22:05:52,27.47,7.93,520.9,6.62,283.1,2.3,1,1,22,0,
2025-10-18T22:05:54,27.51,8.04,501.6,4.21,274.8,6.5,1,1,22,0,
2025-10-18T22:05:56,27.9,7.81,582.7,3.76,319.8,5.8,1,1,22,0,
2025-10-18T22:05:58,27.8,8.1,512.4,12.38,306.2,4.3,1,1,22,0,
2025-10-18T22:06:00,27.99,7.88,653.2,5.77,269.5,7.1,1,1,22,0,
2025-10-18T22:06:02,27.7,8.08,682.0,7.79,327.3,2.7,1,1,22,0,
2025-10-18T22:06:04,28.38,7.94,608.4,7.06,233.6,6.0,1,1,22,0,
2025-10-18T22:06:06,26.97,7.84,636.5,9.58,377.9,7.1,1,1,22,0,
2025-10-18T22:06:08,27.67,7.91,577.2,4.25,262.4,3.9,1,1,22,0,
2025-10-18T22:06:10,26.98,7.91,565.1,3.98,316.2,6.4,1,1,22,0,
2025-10-18T22:06:12,28.11,7.84,615.5,11.04,312.3,3.4,1,1,22,0,
2025-10-18T22:06:14,28.14,8.14,544.2,15.29,279.0,5.1,1,1,22,0,
2025-10-18T22:06:16,27.66,7.94,475.5,7.36,256.3,5.3,1,1,22,0,
2025-10-18T22:06:18,28.5,8.03,437.7,15.13,311.8,3.4,1,1,22,0,
2025-10-18T22:06:20,28.08,7.94,540.0,9.59,275.7,4.2,1,1,22,0,
2025-10-18T22:06:22,27.66,7.61,588.8,10.76,320.6,6.6,1,1,22,0,
2025-10-18T22:06:24,28.16,7.79,630.4,4.93,264.0,3.1,1,1,22,0,
2025-10-18T22:06:26,28.54,8.09,609.2,12.22,264.8,5.7,1,1,22,0,
2025-10-18T22:06:28,27.94,8.07,573.1,7.85,321.6,6.8,1,1,22,0,
2025-10-18T22:06:30,27.67,7.89,516.5,1.51,308.0,6.2,1,1,22,0,
2025-10-18T22:06:32,28.13,7.51,558.9,2.34,354.8,2.8,1,1,22,0,
2025-10-18T22:06:34,28.63,8.09,526.0,5.6,314.0,3.3,1,1,22,0,
2025-10-18T22:06:36,28.05,7.8,473.1,2.31,309.1,3.9,1,1,22,0,
2025-10-18T22:06:38,27.72,8.04,650.4,8.18,286.4,6.0,1,1,22,0,
2025-10-18T22:06:40,27.32,7.94,613.1,11.04,222.5,3.5,1,1,22,0,
2025-10-18T22:06:42,27.56,7.92,608.8,13.49,280.2,4.0,1,1,22,0,
2025-10-18T22:06:44,28.57,7.96,656.1,9.87,253.7,2.3,1,1,22,0,
2025-10-18T22:06:46,27.22,8.03,651.3,14.55,333.7,7.3,1,1,22,0,
2025-10-18T22:06:48,27.71,7.67,631.0,10.25,304.3,5.8,1,1,22,0,
2025-10-18T22:06:50,28.16,8.16,657.7,10.63,333.8,6.0,1,1,22,0,
2025-10-18T22:06:52,27.77,8.05,496.3,12.16,252.2,5.6,1,1,22,0,
2025-10-18T22:06:54,27.58,8.01,578.0,4.22,316.8,3.8,1,1,22,0,
2025-10-18T22:06:56,28.44,7.9,603.7,6.13,276.4,4.1,1,1,22,0,
2025-10-18T22:06:58,28.43,8.24,531.7,12.23,213.2,2.6,1,1,22,0,
2025-10-18T22:07:00,27.52,7.63,485.0,10.24,291.4,5.8,1,1,22,0,
2025-10-18T22:07:02,28.35,7.95,619.5,8.79,252.5,7.1,1,1,22,0,
2025-10-18T22:07:04,27.71,7.71,569.3,6.26,283.3,5.7,1,1,22,0,
2025-10-18T22:07:06,28.17,7.72,550.7,12.22,319.9,9.2,1,1,22,0,
2025-10-18T22:07:08,28.59,8.13,496.7,11.29,297.9,3.9,1,1,22,0,
2025-10-18T22:07:10,28.08,8.09,610.0,6.36,329.7,3.7,1,1,22,0,
2025-10-18T22:07:12,28.11,7.84,566.9,11.3,258.4,8.9,1,1,22,0,
2025-10-18T22:07:14,27.09,7.78,602.2,10.75,296.0,4.9,1,1,22,0,
2025-10-18T22:07:16,28.21,7.85,663.6,11.52,334.9,3.1,1,1,22,0,
2025-10-18T22:07:18,27.96,7.84,519.7,10.08,278.5,6.3,1,1,22,0,
2025-10-18T22:07:20,27.46,8.24,526.2,9.66,331.7,3.9,1,1,22,0,
2025-10-18T22:07:22,28.43,7.65,667.1,9.04,276.1,4.4,1,1,22,0,
2025-10-18T22:07:24,28.4,7.78,535.0,8.34,252.9,8.6,1,1,22,0,
2025-10-18T22:07:26,27.72,8.07,592.6,6.05,299.8,6.6,1,1,22,0,
2025-10-18T22:07:28,27.91,8.14,641.3,11.76,281.6,2.8,1,1,22,0,
2025-10-18T22:07:30,27.69,7.94,612.7,2.49,299.7,5.3,1,1,22,0,
2025-10-18T22:07:32,27.86,8.16,605.3,12.93,291.4,6.9,1,1,22,0,
2025-10-18T22:07:34,28.82,8.16,514.5,8.24,286.2,6.0,1,1,22,0,
2025-10-18T22:07:36,28.34,7.73,584.1,2.94,357.7,4.0,1,1,22,0,
2025-10-18T22:07:38,28.03,7.84,648.8,0.49,299.3,4.8,1,1,22,0,
2025-10-18T22:07:40,27.77,8.25,526.8,11.32,314.3,7.5,1,1,22,0,
2025-10-18T22:07:42,27.67,7.75,645.8,10.28,238.2,3.9,1,1,22,0,
2025-10-18T22:07:44,28.19,8.07,539.2,0.26,320.9,2.6,1,1,22,0,
2025-10-18T22:07:46,26.99,7.33,628.8,9.39,291.0,7.8,1,1,22,0,
2025-10-18T22:07:48,28.32,8.22,496.4,8.9,235.3,4.5,1,1,22,0,
2025-10-18T22:07:50,27.88,8.03,582.7,10.87,328.1,9.3,1,1,22,0,
2025-10-18T22:07:52,27.84,7.71,594.8,6.59,359.3,4.4,1,1,22,0,
2025-10-18T22:07:54,27.72,7.81,623.1,8.53,274.3,8.3,1,1,22,0,
2025-10-18T22:07:56,27.57,7.91,619.1,4.11,319.2,2.9,1,1,22,0,
2025-10-18T22:07:58,28.41,7.71,621.6,12.32,334.5,5.5,1,1,22,0,
2025-10-18T22:08:00,27.88,7.78,668.3,6.9,258.5,6.3,1,1,22,0,
2025-10-18T22:08:02,27.6,7.71,493.4,7.55,296.7,5.5,1,1,22,0,
2025-10-18T22:08:04,28.48,8.01,568.5,8.41,320.4,7.5,1,1,22,0,
2025-10-18T22:08:06,28.06,7.81,520.4,4.66,326.7,6.2,1,1,22,0,
2025-10-18T22:08:08,28.29,7.87,664.4,7.55,338.2,4.9,1,1,22,0,
2025-10-18T22:08:10,27.7,8.02,604.6,10.07,303.3,4.9,1,1,22,0,
2025-10-18T22:08:12,29.19,8.14,623.4,9.34,340.3,6.0,1,1,22,0,
2025-10-18T22:08:14,28.01,7.84,575.1,0.0,308.4,4.0,1,1,22,0,
2025-10-18T22:08:16,28.8,7.9,508.7,8.85,258.2,5.9,1,1,22,0,
2025-10-18T22:08:18,28.15,8.09,532.5,9.1,245.4,6.4,1,1,22,0,
2025-10-18T22:08:20,28.26,8.0,580.1,10.24,364.2,4.4,1,1,22,0,
2025-10-18T22:08:22,28.07,7.68,527.9,9.29,344.2,4.5,1,1,22,0,
2025-10-18T22:08:24,27.88,7.82,547.9,9.88,240.1,7.6,1,1,22,0,
2025-10-18T22:08:26,27.67,8.04,503.8,11.01,326.9,5.8,1,1,22,0,
2025-10-18T22:08:28,27.5,7.95,509.0,8.24,341.2,6.6,1,1,22,0,
2025-10-18T22:08:30,28.01,7.71,618.7,9.06,207.2,6.6,1,1,22,0,
2025-10-18T22:08:32,27.99,8.14,514.3,0.0,311.2,5.6,1,1,22,0,
2025-10-18T22:08:34,27.15,7.7,745.3,8.08,329.2,3.7,1,1,22,0,
2025-10-18T22:08:36,26.95,7.87,564.1,7.8,295.4,5.5,1,1,22,0,
2025-10-18T22:08:38,27.92,7.65,609.2,3.15,218.0,6.5,1,1,22,0,
2025-10-18T22:08:40,28.25,7.89,496.3,6.88,289.5,1.8,1,1,22,0,
2025-10-18T22:08:42,27.63,8.03,665.6,7.74,330.3,1.2,1,1,22,0,
2025-10-18T22:08:44,28.33,7.74,598.4,8.26,352.8,3.3,1,1,22,0,
2025-10-18T22:08:46,28.31,7.84,570.5,8.45,266.2,5.0,1,1,22,0,
2025-10-18T22:08:48,27.97,7.95,585.1,11.39,336.9,2.9,1,1,22,0,
2025-10-18T22:08:50,28.43,7.66,615.3,10.86,223.5,5.2,1,1,22,0,
2025-10-18T22:08:52,27.77,7.75,661.1,7.04,267.7,5.2,1,1,22,0,
2025-10-18T22:08:54,28.34,7.87,650.0,10.59,212.9,3.9,1,1,22,0,
2025-10-18T22:08:56,27.72,8.0,422.5,16.65,321.2,5.3,1,1,22,0,
2025-10-18T22:08:58,28.59,8.37,632.2,11.85,305.2,4.7,1,1,22,0,
2025-10-18T22:09:00,27.76,7.73,538.8,4.95,297.0,1.6,1,1,22,0,
2025-10-18T22:09:02,28.1,7.89,588.8,7.43,423.1,7.7,1,1,22,0,
2025-10-18T22:09:04,27.38,7.95,543.5,5.96,246.4,5.9,1,1,22,0,
2025-10-18T22:09:06,27.66,8.09,639.6,13.12,265.9,6.0,1,1,22,0,
2025-10-18T22:09:08,28.32,7.81,533.7,13.83,309.1,6.3,1,1,22,0,
2025-10-18T22:09:10,27.59,7.66,545.8,8.63,257.4,5.0,1,1,22,0,
2025-10-18T22:09:12,27.16,7.68,620.3,10.81,284.3,3.0,1,1,22,0,
2025-10-18T22:09:14,27.49,7.83,618.7,11.78,280.1,2.7,1,1,22,0,
2025-10-18T22:09:16,28.13,7.74,548.9,12.98,333.1,5.3,1,1,22,0,
2025-10-18T22:09:18,27.36,7.94,643.8,7.87,354.0,7.6,1,1,22,0,
2025-10-18T22:09:20,28.83,7.96,615.2,13.24,317.9,4.0,1,1,22,0,
2025-10-18T22:09:22,27.78,7.95,502.6,8.57,343.9,0.6,1,1,22,0,
2025-10-18T22:09:24,28.77,8.12,552.4,10.63,300.1,7.5,1,1,22,0,
2025-10-18T22:09:26,28.49,7.62,615.2,8.38,303.3,3.5,1,1,22,0,
2025-10-18T22:09:28,28.87,8.11,535.6,5.0,284.6,5.9,1,1,22,0,
2025-10-18T22:09:30,28.12,8.15,627.4,11.91,313.1,2.2,1,1,22,0,
2025-10-18T22:09:32,27.9,8.11,576.9,10.51,287.3,2.9,1,1,22,0,
2025-10-18T22:09:34,27.94,7.96,540.7,8.29,262.4,7.2,1,1,22,0,
2025-10-18T22:09:36,27.85,8.19,671.7,8.76,259.7,0.8,1,1,22,0,
2025-10-18T22:09:38,27.26,7.63,662.7,9.35,315.6,0.6,1,1,22,0,
2025-10-18T22:09:40,27.4,8.08,597.2,8.56,322.6,8.3,1,1,22,0,
2025-10-18T22:09:42,27.89,7.91,591.6,16.18,216.0,6.4,1,1,22,0,
2025-10-18T22:09:44,27.94,8.01,540.6,8.85,328.5,11.2,1,1,22,0,
2025-10-18T22:09:46,28.4,7.73,554.6,7.64,228.2,4.3,1,1,22,0,
2025-10-18T22:09:48,28.37,7.65,642.9,10.46,270.6,4.7,1,1,22,0,
2025-10-18T22:09:50,28.8,8.05,580.5,8.29,303.1,4.0,1,1,22,0,
2025-10-18T22:09:52,26.95,8.31,589.3,10.19,297.7,3.5,1,1,22,0,
2025-10-18T22:09:54,27.91,7.58,716.6,5.3,258.7,4.1,1,1,22,0,
2025-10-18T22:09:56,28.64,7.9,505.8,12.76,329.2,6.1,1,1,22,0,
2025-10-18T22:09:58,28.36,8.38,711.1,6.94,365.0,5.8,1,1,22,0,
2025-10-18T08:48:00,29.3,7.38,684.7,31.87,249.7,4071.1,0,0,8,1,
2025-10-18T08:48:02,27.76,7.79,801.0,38.13,243.7,3351.2,0,0,8,1,
2025-10-18T08:48:04,29.2,7.73,590.5,28.78,242.6,3019.5,0,0,8,1,
2025-10-18T08:48:06,28.92,7.69,672.5,50.47,179.9,1658.9,0,0,8,1,
2025-10-18T08:48:08,29.45,7.75,702.8,56.08,198.8,3289.2,0,0,8,1,
2025-10-18T08:48:10,28.29,7.75,754.9,24.45,212.1,3100.8,0,0,8,1,
2025-10-18T08:48:12,29.02,8.06,730.1,54.78,140.4,3135.9,0,0,8,1,
2025-10-18T08:48:14,29.05,7.53,786.1,63.25,199.0,3505.0,0,0,8,1,
2025-10-18T08:48:16,29.05,7.62,536.1,32.94,116.5,4704.1,0,0,8,1,
2025-10-18T08:48:18,28.93,7.71,780.0,28.78,154.0,3068.1,0,0,8,1,
2025-10-18T08:48:20,29.62,7.93,722.3,40.78,224.0,3201.7,0,0,8,1,
2025-10-18T08:48:22,28.38,7.81,603.4,40.81,171.2,5539.4,0,0,8,1,
2025-10-18T08:48:24,28.98,7.45,687.9,45.19,300.4,2410.5,0,0,8,1,
2025-10-18T08:48:26,28.05,8.0,575.7,35.64,184.5,2930.4,0,0,8,1,
2025-10-18T08:48:28,29.41,7.63,675.4,39.86,209.0,3097.8,0,0,8,1,
2025-10-18T08:48:30,29.26,8.01,735.3,44.54,105.1,3050.2,0,0,8,1,
2025-10-18T08:48:32,29.29,7.98,637.7,33.41,165.6,3536.4,0,0,8,1,
2025-10-18T08:48:34,29.62,7.7,781.7,41.23,192.5,2788.6,0,0,8,1,
2025-10-18T08:48:36,29.45,7.88,904.8,31.48,231.1,2470.8,0,0,8,1,
2025-10-18T08:48:38,28.48,7.8,712.4,69.18,189.0,1869.8,0,0,8,1,
2025-10-18T08:48:40,29.16,7.28,691.7,40.16,247.7,3973.6,0,0,8,1,
2025-10-18T08:48:42,28.7,7.76,631.0,28.72,218.6,1726.4,0,0,8,1,
2025-10-18T08:48:44,28.75,7.55,749.5,58.01,121.9,1147.0,0,0,8,1,
2025-10-18T08:48:46,28.93,7.8,719.7,35.54,188.0,3367.5,0,0,8,1,
2025-10-18T08:48:48,29.62,7.31,666.8,42.14,144.9,4731.2,0,0,8,1,
2025-10-18T08:48:50,28.62,7.79,750.0,34.09,89.2,2571.3,0,0,8,1,
2025-10-18T08:48:52,29.62,7.72,623.8,49.26,180.2,2489.8,0,0,8,1,
2025-10-18T08:48:54,29.09,7.99,914.4,48.27,269.6,2494.0,0,0,8,1,
2025-10-18T08:48:56,28.38,7.82,709.6,29.21,189.5,3399.3,0,0,8,1,
2025-10-18T08:48:58,29.22,7.93,726.2,34.93,169.2,1801.0,0,0,8,1,
2025-10-18T08:49:00,30.07,7.8,679.8,30.71,376.1,1926.7,0,0,8,1,
2025-10-18T08:49:02,28.74,7.9,754.0,49.58,308.5,3506.2,0,0,8,1,
2025-10-18T08:49:04,28.37,7.74,727.7,60.68,116.1,4202.6,0,0,8,1,
2025-10-18T08:49:06,29.11,8.01,690.8,31.58,245.1,3654.4,0,0,8,1,
2025-10-18T08:49:08,29.58,7.8,646.0,24.41,249.2,3423.9,0,0,8,1,
2025-10-18T08:49:10,28.42,7.67,658.0,25.17,150.9,1866.2,0,0,8,1,
2025-10-18T08:49:12,28.75,7.62,553.6,60.23,275.2,2221.0,0,0,8,1,
2025-10-18T08:49:14,29.16,7.9,807.2,31.81,265.5,2452.1,0,0,8,1,
2025-10-18T08:49:16,28.2,7.98,816.2,65.88,128.0,3698.9,0,0,8,1,
2025-10-18T08:49:18,28.75,8.0,567.7,27.37,153.4,3079.0,0,0,8,1,
2025-10-18T08:49:20,28.62,7.96,792.4,46.0,297.1,3415.8,0,0,8,1,
2025-10-18T08:49:22,28.27,8.14,645.5,49.1,294.4,3456.7,0,0,8,1,
2025-10-18T08:49:24,28.1,7.57,819.0,38.31,204.8,3758.8,0,0,8,1,
2025-10-18T08:49:26,29.42,7.87,681.2,36.87,251.5,3553.6,0,0,8,1,
2025-10-18T08:49:28,28.85,8.07,688.4,31.48,154.5,2021.3,0,0,8,1,
2025-10-18T08:49:30,28.84,8.11,627.5,41.88,160.6,2739.7,0,0,8,1,
2025-10-18T08:49:32,28.09,7.74,682.6,45.4,213.4,1801.6,0,0,8,1,
2025-10-18T08:49:34,29.65,7.85,717.9,39.91,168.9,3217.8,0,0,8,1,
2025-10-18T08:49:36,29.29,7.36,651.5,37.45,215.4,4193.3,0,0,8,1,
2025-10-18T08:49:38,28.54,7.68,653.9,31.98,179.2,3770.8,0,0,8,1,
2025-10-18T08:49:40,28.37,7.91,546.8,34.39,180.2,4674.9,0,0,8,1,
2025-10-18T08:49:42,28.84,7.25,520.1,40.34,236.8,3375.5,0,0,8,1,
2025-10-18T08:49:44,29.1,8.09,651.4,48.95,102.1,2095.1,0,0,8,1,
2025-10-18T08:49:46,27.92,7.73,695.8,41.14,203.7,2072.4,0,0,8,1,
2025-10-18T08:49:48,28.89,7.43,822.7,36.96,170.7,4588.9,0,0,8,1,
2025-10-18T08:49:50,28.25,7.52,601.3,39.32,225.9,3739.7,0,0,8,1,
2025-10-18T08:49:52,30.54,7.24,754.8,34.43,164.8,2380.2,0,0,8,1,
2025-10-18T08:49:54,28.45,8.22,775.8,40.23,281.1,1487.5,0,0,8,1,
2025-10-18T08:49:56,28.2,7.26,637.1,41.62,206.2,3149.3,0,0,8,1,
2025-10-18T08:49:58,28.15,8.0,721.6,47.33,86.4,3311.5,0,0,8,1,
2025-10-18T08:50:00,28.29,7.7,748.1,40.91,148.9,3006.3,0,0,8,1,
2025-10-18T08:50:02,28.08,8.09,681.5,51.19,168.4,2476.4,0,0,8,1,
2025-10-18T08:50:04,28.54,8.02,636.2,46.45,177.1,1024.0,0,0,8,1,
2025-10-18T08:50:06,28.66,7.51,703.1,28.1,255.6,2908.9,0,0,8,1,
2025-10-18T08:50:08,28.89,7.96,786.8,39.8,153.7,1226.0,0,0,8,1,
2025-10-18T08:50:10,28.59,7.65,709.6,36.55,241.3,2387.0,0,0,8,1,
2025-10-18T08:50:12,28.97,8.1,730.8,39.4,163.9,2366.8,0,0,8,1,
2025-10-18T08:50:14,28.49,7.66,768.0,37.78,119.0,4768.2,0,0,8,1,
2025-10-18T08:50:16,29.19,7.45,660.2,41.11,302.3,1891.9,0,0,8,1,
2025-10-18T08:50:18,29.59,8.15,643.4,37.22,137.8,2796.5,0,0,8,1,
2025-10-18T08:50:20,28.98,7.96,798.1,32.52,82.0,2978.8,0,0,8,1,
2025-10-18T08:50:22,29.18,7.86,670.6,41.25,290.9,3381.7,0,0,8,1,
2025-10-18T08:50:24,28.78,7.67,684.7,56.37,189.0,2980.2,0,0,8,1,
2025-10-18T08:50:26,28.71,8.07,876.4,44.51,205.0,3036.8,0,0,8,1,
2025-10-18T08:50:28,27.57,7.99,712.1,44.28,157.3,2615.5,0,0,8,1,
2025-10-18T08:50:30,28.75,8.06,665.9,60.83,225.9,1724.3,0,0,8,1,
2025-10-18T08:50:32,28.92,7.64,502.5,55.99,242.2,3533.2,0,0,8,1,
2025-10-18T08:50:34,29.1,7.45,656.5,48.42,136.9,468.2,0,0,8,1,
2025-10-18T08:50:36,28.86,7.76,712.2,47.29,238.3,3258.8,0,0,8,1,
2025-10-18T08:50:38,29.72,7.42,745.4,46.27,125.6,1497.1,0,0,8,1,
2025-10-18T08:50:40,28.55,7.63,767.8,33.85,148.6,2388.4,0,0,8,1,
2025-10-18T08:50:42,29.67,7.8,683.9,38.9,277.5,2250.8,0,0,8,1,
2025-10-18T08:50:44,29.79,7.85,685.6,65.01,136.7,2646.3,0,0,8,1,
2025-10-18T08:50:46,28.26,8.04,852.0,56.7,273.4,2802.4,0,0,8,1,
2025-10-18T08:50:48,28.78,7.38,883.2,44.69,170.5,4328.1,0,0,8,1,
2025-10-18T08:50:50,28.42,7.9,684.5,46.39,196.2,1549.1,0,0,8,1,
2025-10-18T08:50:52,29.05,8.06,697.4,47.75,137.3,2973.7,0,0,8,1,
2025-10-18T08:50:54,28.63,7.99,702.8,46.9,265.3,3691.6,0,0,8,1,
2025-10-18T08:50:56,29.16,7.55,699.7,34.67,179.4,2625.5,0,0,8,1,
2025-10-18T08:50:58,28.41,7.31,639.9,41.93,119.1,3015.7,0,0,8,1,
2025-10-18T08:51:00,30.14,8.06,847.9,43.91,270.1,2276.0,0,0,8,1,
2025-10-18T08:51:02,28.61,7.12,806.8,55.4,166.8,2746.0,0,0,8,1,
2025-10-18T08:51:04,28.55,7.9,801.2,22.57,224.6,2723.3,0,0,8,1,
2025-10-18T08:51:06,29.07,7.91,683.1,38.96,187.2,3970.3,0,0,8,1,
2025-10-18T08:51:08,29.25,7.86,585.6,36.21,253.9,3037.7,0,0,8,1,
2025-10-18T08:51:10,29.4,8.24,793.5,40.93,169.3,446.5,0,0,8,1,
2025-10-18T08:51:12,28.9,7.72,735.1,38.46,180.8,1220.6,0,0,8,1,
2025-10-18T08:51:14,28.44,7.92,854.4,39.02,219.7,3952.5,0,0,8,1,
2025-10-18T08:51:16,28.51,7.89,633.4,48.65,209.1,3298.5,0,0,8,1,
2025-10-18T08:51:18,28.53,7.98,887.6,29.92,179.6,3231.6,0,0,8,1,
2025-10-18T08:51:20,29.47,7.66,445.0,53.59,245.6,1257.1,0,0,8,1,
2025-10-18T08:51:22,28.64,8.19,830.3,49.39,189.4,3083.0,0,0,8,1,
2025-10-18T08:51:24,28.92,8.08,621.2,31.94,260.6,2955.6,0,0,8,1,
2025-10-18T08:51:26,29.83,7.63,695.1,30.78,200.4,1521.5,0,0,8,1,
2025-10-18T08:51:28,28.71,7.44,762.5,47.17,96.2,4333.9,0,0,8,1,
2025-10-18T08:51:30,30.5,7.81,642.3,68.24,120.9,3020.1,0,0,8,1,
2025-10-18T08:51:32,29.11,8.14,732.4,35.01,142.9,2658.2,0,0,8,1,
2025-10-18T08:51:34,28.4,7.81,649.2,25.06,275.3,2502.3,0,0,8,1,
2025-10-18T08:51:36,28.24,7.76,706.2,22.54,219.9,1952.8,0,0,8,1,
2025-10-18T08:51:38,30.03,7.93,664.0,32.55,193.7,3612.8,0,0,8,1,
2025-10-18T08:51:40,28.98,7.75,705.3,33.96,179.4,914.2,0,0,8,1,
2025-10-18T08:51:42,29.58,7.87,630.4,58.99,205.2,1963.9,0,0,8,1,
2025-10-18T08:51:44,29.51,7.9,735.5,35.74,227.0,2738.2,0,0,8,1,
2025-10-18T08:51:46,29.33,7.32,661.0,57.22,154.0,2396.2,0,0,8,1,
2025-10-18T08:51:48,28.73,7.5,501.3,37.69,208.2,2947.5,0,0,8,1,
2025-10-18T08:51:50,28.91,7.81,792.1,38.1,165.6,2718.9,0,0,8,1,
2025-10-18T08:51:52,29.35,8.15,643.5,40.99,220.3,2007.4,0,0,8,1,
2025-10-18T08:51:54,29.01,7.43,540.8,43.67,177.0,3202.3,0,0,8,1,
2025-10-18T08:51:56,28.99,7.56,695.9,27.67,283.5,1644.0,0,0,8,1,
2025-10-18T08:51:58,28.88,7.54,751.3,36.69,168.9,3853.2,0,0,8,1,
2025-10-18T08:52:00,29.02,7.93,611.7,25.95,206.4,2681.2,0,0,8,1,
2025-10-18T08:52:02,29.38,7.78,718.5,23.77,313.3,2835.8,0,0,8,1,
2025-10-18T08:52:04,29.42,7.59,727.7,26.97,227.1,2644.0,0,0,8,1,
2025-10-18T08:52:06,29.02,7.97,589.1,33.16,227.4,5098.2,0,0,8,1,
2025-10-18T08:52:08,28.92,7.95,690.4,59.42,95.2,3094.6,0,0,8,1,
2025-10-18T08:52:10,28.02,7.17,726.8,41.39,182.9,2893.8,0,0,8,1,
2025-10-18T08:52:12,30.86,7.74,745.9,33.51,217.7,2761.8,0,0,8,1,
2025-10-18T08:52:14,28.75,8.25,805.9,41.37,61.7,2639.0,0,0,8,1,
2025-10-18T08:52:16,30.62,7.74,799.3,54.42,213.1,2158.2,0,0,8,1,
2025-10-18T08:52:18,27.54,7.97,626.7,41.76,125.0,2734.8,0,0,8,1,
2025-10-18T08:52:20,29.02,7.87,599.7,51.97,164.2,1325.5,0,0,8,1,
2025-10-18T08:52:22,28.93,7.81,714.5,53.62,185.8,2880.4,0,0,8,1,
2025-10-18T08:52:24,28.34,8.01,716.6,35.8,85.7,4444.4,0,0,8,1,
2025-10-18T08:52:26,28.26,7.65,732.3,28.03,110.4,876.1,0,0,8,1,
2025-10-18T08:52:28,29.43,7.66,963.5,30.06,144.7,2434.6,0,0,8,1,
2025-10-18T08:52:30,29.15,7.68,755.1,30.21,117.1,1201.8,0,0,8,1,
2025-10-18T08:52:32,27.67,7.67,672.9,33.69,274.6,4228.0,0,0,8,1,
2025-10-18T08:52:34,28.8,7.35,649.0,34.0,160.6,2302.3,0,0,8,1,
2025-10-18T08:52:36,28.61,7.7,642.8,42.08,221.6,2089.4,0,0,8,1,
2025-10-18T08:52:38,29.76,7.55,554.4,43.81,151.0,3321.3,0,0,8,1,
2025-10-18T08:52:40,27.56,8.15,760.5,25.0,111.3,4672.3,0,0,8,1,
2025-10-18T08:52:42,28.56,7.59,496.1,36.49,186.3,3715.5,0,0,8,1,
2025-10-18T08:52:44,28.16,7.42,740.6,50.07,105.7,4081.5,0,0,8,1,
2025-10-18T08:52:46,29.02,8.07,693.7,14.78,190.9,4060.1,0,0,8,1,
2025-10-18T08:52:48,28.46,7.7,684.1,11.0,300.3,2098.6,0,0,8,1,
2025-10-18T08:52:50,29.3,7.78,813.2,44.06,185.9,2106.5,0,0,8,1,
2025-10-18T08:52:52,29.48,7.33,758.1,29.01,275.1,3161.3,0,0,8,1,
2025-10-18T08:52:54,29.39,7.82,542.3,31.39,240.3,3166.7,0,0,8,1,
2025-10-18T08:52:56,29.71,7.9,613.0,32.04,206.2,686.0,0,0,8,1,
2025-10-18T08:52:58,30.0,7.91,810.4,24.19,274.7,5231.5,0,0,8,1,
2025-10-18T08:53:00,28.21,7.99,700.1,24.56,229.6,3833.6,0,0,8,1,
2025-10-18T08:53:02,28.64,8.09,550.0,25.05,208.2,3025.4,0,0,8,1,
2025-10-18T08:53:04,28.57,8.0,747.8,48.58,192.6,3602.6,0,0,8,1,
2025-10-18T08:53:06,28.73,8.31,626.9,61.05,202.1,1624.5,0,0,8,1,
2025-10-18T08:53:08,29.82,7.83,776.6,52.24,220.3,2407.8,0,0,8,1,
2025-10-18T08:53:10,29.59,7.8,761.7,18.46,226.8,2361.4,0,0,8,1,
2025-10-18T08:53:12,29.99,7.96,721.6,44.86,140.1,4623.3,0,0,8,1,
2025-10-18T08:53:14,30.19,7.9,843.1,34.31,152.2,3040.9,0,0,8,1,
2025-10-18T08:53:16,29.26,7.7,748.4,43.06,140.1,3518.8,0,0,8,1,
2025-10-18T08:53:18,29.52,7.84,803.7,27.83,228.1,1829.7,0,0,8,1,
2025-10-18T08:53:20,28.33,7.64,615.2,34.52,187.2,3837.2,0,0,8,1,
2025-10-18T08:53:22,28.81,7.4,802.6,31.63,196.5,3446.5,0,0,8,1,
2025-10-18T08:53:24,29.12,8.07,743.1,31.39,330.7,3194.3,0,0,8,1,
2025-10-18T08:53:26,28.91,8.04,722.5,43.99,349.5,2724.9,0,0,8,1,
2025-10-18T08:53:28,28.81,7.83,796.4,24.93,82.1,2412.9,0,0,8,1,
2025-10-18T08:53:30,28.02,7.69,745.2,31.09,114.4,3069.3,0,0,8,1,
2025-10-18T08:53:32,29.52,7.38,773.8,48.17,257.2,4218.5,0,0,8,1,
2025-10-18T08:53:34,30.32,7.71,709.9,35.84,200.1,4532.9,0,0,8,1,
2025-10-18T08:53:36,28.19,7.58,823.9,50.2,178.2,3854.4,0,0,8,1,
2025-10-18T08:53:38,29.2,8.18,706.7,50.26,358.5,3598.1,0,0,8,1,
2025-10-18T08:53:40,29.03,7.98,667.1,63.88,210.8,2727.1,0,0,8,1,
2025-10-18T08:53:42,28.5,8.07,778.0,35.03,234.6,1491.4,0,0,8,1,
2025-10-18T08:53:44,29.11,7.91,853.7,32.29,123.3,2104.6,0,0,8,1,
2025-10-18T08:53:46,28.2,8.13,839.4,43.2,273.3,3134.0,0,0,8,1,
2025-10-18T08:53:48,28.94,7.72,672.1,24.52,215.9,2959.7,0,0,8,1,
2025-10-18T08:53:50,29.45,7.82,685.4,31.29,204.3,3738.2,0,0,8,1,
2025-10-18T08:53:52,28.31,7.82,721.0,32.82,164.7,3230.6,0,0,8,1,
2025-10-18T08:53:54,28.32,7.89,619.4,50.63,340.3,2139.2,0,0,8,1,
2025-10-18T08:53:56,29.32,7.62,793.7,27.35,228.8,2127.0,0,0,8,1,
2025-10-18T08:53:58,28.88,7.54,774.0,31.63,233.1,2655.9,0,0,8,1,
2025-10-18T08:56:00,28.44,8.23,1108.6,10.63,326.5,3221.9,0,1,8,1,
2025-10-18T08:56:02,29.09,8.5,1102.1,5.63,265.1,3452.6,0,1,8,1,
2025-10-18T08:56:04,29.43,8.21,1103.7,6.56,304.5,3428.8,0,1,8,1,
2025-10-18T08:56:06,28.52,8.39,1141.9,9.86,249.2,4683.3,0,1,8,1,
2025-10-18T08:56:08,28.8,8.16,1207.6,8.88,176.1,4257.6,0,1,8,1,
2025-10-18T08:56:10,29.45,8.02,1107.2,7.39,286.2,4448.5,0,1,8,1,
2025-10-18T08:56:12,28.42,8.02,1211.1,5.31,257.2,4871.5,0,1,8,1,
2025-10-18T08:56:14,27.87,7.89,1389.5,8.16,306.8,3846.0,0,1,8,1,
2025-10-18T08:56:16,28.42,8.29,1093.9,10.4,230.9,2679.5,0,1,8,1,
2025-10-18T08:56:18,28.67,8.15,1181.2,6.37,329.6,4876.7,0,1,8,1,
2025-10-18T08:56:20,28.98,8.14,992.5,15.86,246.9,3251.2,0,1,8,1,
2025-10-18T08:56:22,28.71,8.43,1197.2,13.84,304.1,2923.6,0,1,8,1,
2025-10-18T08:56:24,28.16,8.39,874.5,9.55,178.5,3523.4,0,1,8,1,
2025-10-18T08:56:26,28.35,8.13,1133.7,6.71,364.6,5867.5,0,1,8,1,
2025-10-18T08:56:28,27.92,8.52,1152.1,10.39,246.8,3340.3,0,1,8,1,
2025-10-18T08:56:30,28.99,8.23,1142.8,6.09,205.3,2358.6,0,1,8,1,
2025-10-18T08:56:32,28.51,7.96,1168.1,14.11,310.0,3967.7,0,1,8,1,
2025-10-18T08:56:34,28.46,8.58,1262.5,9.02,178.7,4393.9,0,1,8,1,
2025-10-18T08:56:36,28.91,8.07,1234.9,8.91,240.8,1512.2,0,1,8,1,
2025-10-18T08:56:38,28.39,8.39,1124.2,10.16,212.2,4360.4,0,1,8,1,
2025-10-18T08:56:40,28.39,8.01,1359.9,12.79,219.8,4497.8,0,1,8,1,
2025-10-18T08:56:42,28.77,8.33,996.7,13.02,221.5,3642.2,0,1,8,1,
2025-10-18T08:56:44,29.82,8.26,1153.6,3.38,319.5,2654.8,0,1,8,1,
2025-10-18T08:56:46,28.0,8.13,1370.0,12.32,242.1,4308.3,0,1,8,1,
2025-10-18T08:56:48,28.2,8.23,1208.8,12.91,298.4,4494.0,0,1,8,1,
2025-10-18T08:56:50,28.32,8.35,1189.0,6.75,229.8,4084.5,0,1,8,1,
2025-10-18T08:56:52,28.96,8.16,1054.9,10.17,255.7,4185.8,0,1,8,1,
2025-10-18T08:56:54,28.96,8.4,1128.7,8.15,198.0,4698.8,0,1,8,1,
2025-10-18T08:56:56,29.22,8.14,1171.0,14.4,275.3,4436.2,0,1,8,1,
2025-10-18T08:56:58,27.9,8.34,1088.5,6.6,232.7,3414.2,0,1,8,1,
2025-10-18T08:57:00,28.39,7.91,1315.1,13.38,152.6,4978.5,0,1,8,1,
2025-10-18T08:57:02,28.09,8.37,1191.8,10.09,240.7,5212.1,0,1,8,1,
2025-10-18T08:57:04,27.88,8.32,1332.2,12.15,366.2,3471.1,0,1,8,1,
2025-10-18T08:57:06,28.98,8.18,1348.0,9.98,230.6,5306.1,0,1,8,1,
2025-10-18T08:57:08,28.25,7.92,1138.0,11.86,319.6,4111.1,0,1,8,1,
2025-10-18T08:57:10,29.16,7.93,1146.8,9.13,244.3,4084.1,0,1,8,1,
2025-10-18T08:57:12,28.85,8.11,1216.7,9.86,203.7,3886.3,0,1,8,1,
2025-10-18T08:57:14,28.43,8.17,1203.8,10.23,228.4,5272.7,0,1,8,1,
2025-10-18T08:57:16,27.92,8.06,1533.6,6.89,182.3,4734.5,0,1,8,1,
2025-10-18T08:57:18,27.46,8.15,1457.5,5.37,150.9,2500.8,0,1,8,1,
2025-10-18T08:57:20,28.95,8.42,1138.5,12.05,319.5,5787.3,0,1,8,1,
2025-10-18T08:57:22,28.38,7.74,1101.5,8.72,237.1,3812.1,0,1,8,1,
2025-10-18T08:57:24,29.06,8.45,1179.4,13.3,267.9,4064.5,0,1,8,1,
2025-10-18T08:57:26,28.95,8.21,1446.9,5.68,224.2,3873.5,0,1,8,1,
2025-10-18T08:57:28,28.72,8.45,1197.1,5.73,292.1,4755.0,0,1,8,1,
2025-10-18T08:57:30,27.53,8.2,1009.2,8.01,204.9,4809.3,0,1,8,1,
2025-10-18T08:57:32,28.56,7.94,1305.6,5.7,266.5,3186.0,0,1,8,1,
2025-10-18T08:57:34,28.32,8.3,1262.6,14.01,245.9,4306.5,0,1,8,1,
2025-10-18T08:57:36,28.28,8.24,1252.7,9.71,159.8,4331.5,0,1,8,1,
2025-10-18T08:57:38,28.68,8.06,1045.9,14.43,274.6,3770.9,0,1,8,1,
2025-10-18T08:57:40,27.93,8.04,1356.3,10.41,222.5,4509.7,0,1,8,1,
2025-10-18T08:57:42,28.09,8.5,1362.3,8.6,218.6,1381.9,0,1,8,1,
2025-10-18T08:57:44,27.76,7.93,1216.2,9.02,182.7,3718.8,0,1,8,1,
2025-10-18T08:57:46,28.75,8.31,972.0,9.62,180.8,4901.7,0,1,8,1,
2025-10-18T08:57:48,28.89,8.02,1108.1,8.62,137.4,4336.0,0,1,8,1,
2025-10-18T08:57:50,28.36,8.39,1068.2,8.14,174.7,2995.7,0,1,8,1,
2025-10-18T08:57:52,27.91,8.4,1116.2,10.37,231.0,2730.5,0,1,8,1,
2025-10-18T08:57:54,28.42,8.32,1055.1,12.43,207.5,3517.0,0,1,8,1,
2025-10-18T08:57:56,28.77,8.07,1204.5,9.06,256.5,1619.3,0,1,8,1,
2025-10-18T08:57:58,27.59,8.32,1324.5,7.27,237.8,4294.7,0,1,8,1,
2025-10-18T08:58:00,28.85,7.79,1093.7,9.0,285.2,6498.4,0,1,8,1,
2025-10-18T08:58:02,28.39,7.92,1248.3,13.96,255.4,3093.4,0,1,8,1,
2025-10-18T08:58:04,28.98,8.33,1076.9,11.14,299.9,5181.9,0,1,8,1,
2025-10-18T08:58:06,28.47,8.13,1347.3,6.37,271.9,2630.0,0,1,8,1,
2025-10-18T08:58:08,29.03,8.15,1352.2,11.47,188.8,5424.6,0,1,8,1,
2025-10-18T08:58:10,29.28,8.38,1108.6,9.08,257.3,3296.3,0,1,8,1,
2025-10-18T08:58:12,29.35,8.23,875.6,11.02,232.6,3925.1,0,1,8,1,
2025-10-18T08:58:14,28.32,8.36,1334.4,10.85,233.0,3958.7,0,1,8,1,
2025-10-18T08:58:16,28.51,8.04,1269.5,11.38,327.0,5255.3,0,1,8,1,
2025-10-18T08:58:18,28.16,8.36,1085.9,12.09,224.2,2976.7,0,1,8,1,
2025-10-18T08:58:20,28.64,7.67,989.9,9.47,254.1,3630.7,0,1,8,1,
2025-10-18T08:58:22,27.71,8.04,1246.9,11.75,249.2,5156.8,0,1,8,1,
2025-10-18T08:58:24,28.7,8.05,1166.3,5.79,244.6,5112.1,0,1,8,1,
2025-10-18T08:58:26,28.84,8.48,1163.7,14.04,240.3,5471.6,0,1,8,1,
2025-10-18T08:58:28,28.49,8.34,1377.0,9.42,260.9,5288.9,0,1,8,1,
2025-10-18T08:58:30,28.43,7.94,1457.2,8.59,257.9,5156.0,0,1,8,1,
2025-10-18T08:58:32,28.2,8.0,1230.4,4.62,235.6,4245.0,0,1,8,1,
2025-10-18T08:58:34,28.37,7.89,1391.3,10.31,321.6,3740.0,0,1,8,1,
2025-10-18T08:58:36,28.06,8.25,1174.1,6.47,323.5,3377.7,0,1,8,1,
2025-10-18T08:58:38,27.58,8.47,1139.5,8.18,161.7,5740.9,0,1,8,1,
2025-10-18T08:58:40,27.86,8.21,1309.5,11.27,247.0,2298.3,0,1,8,1,
2025-10-18T08:58:42,28.1,8.24,1105.5,10.61,284.1,4962.5,0,1,8,1,
2025-10-18T08:58:44,27.89,8.64,1292.1,9.99,304.5,6365.4,0,1,8,1,
2025-10-18T08:58:46,27.78,8.15,914.6,10.58,268.3,3960.8,0,1,8,1,
2025-10-18T08:58:48,28.17,7.79,1244.8,14.37,220.4,4440.1,0,1,8,1,
2025-10-18T08:58:50,27.72,8.29,1152.8,7.71,212.0,3606.4,0,1,8,1,
2025-10-18T08:58:52,28.69,7.94,1152.3,9.88,195.0,5796.7,0,1,8,1,
2025-10-18T08:58:54,28.07,8.07,1082.6,15.4,277.6,3063.4,0,1,8,1,
2025-10-18T08:58:56,29.05,8.24,1230.9,8.97,212.5,4337.8,0,1,8,1,
2025-10-18T08:58:58,28.23,8.56,1047.7,14.61,244.4,4299.1,0,1,8,1,
2025-10-18T08:59:00,28.92,8.07,1303.7,1.88,214.0,3075.9,0,1,8,1,
2025-10-18T08:59:02,27.87,8.16,1246.3,12.11,262.0,3334.3,0,1,8,1,
2025-10-18T08:59:04,28.68,8.22,1312.3,12.33,251.5,3102.7,0,1,8,1,
2025-10-18T08:59:06,28.17,8.09,1162.2,10.8,285.8,3948.9,0,1,8,1,
2025-10-18T08:59:08,28.51,8.23,1138.1,7.22,162.2,3304.9,0,1,8,1,
2025-10-18T08:59:10,28.74,8.06,1171.5,11.4,276.0,2920.5,0,1,8,1,
2025-10-18T08:59:12,29.0,8.43,1064.4,7.53,309.6,3853.1,0,1,8,1,
2025-10-18T08:59:14,27.39,7.92,1170.1,6.51,229.3,4032.4,0,1,8,1,
2025-10-18T08:59:16,29.23,8.14,1328.7,14.29,321.7,4284.8,0,1,8,1,
2025-10-18T08:59:18,27.52,8.29,1325.8,9.76,337.2,4859.8,0,1,8,1,
2025-10-18T08:59:20,28.78,8.42,1240.0,2.52,225.0,5197.2,0,1,8,1,
2025-10-18T08:59:22,28.1,8.16,1074.6,15.35,334.1,3116.1,0,1,8,1,
2025-10-18T08:59:24,28.57,8.06,1273.8,11.53,290.6,4331.9,0,1,8,1,
2025-10-18T08:59:26,29.97,7.99,994.7,8.82,171.6,2507.5,0,1,8,1,
2025-10-18T08:59:28,28.0,8.02,1085.4,11.55,224.7,3820.5,0,1,8,1,
2025-10-18T08:59:30,28.95,8.05,1168.3,11.1,152.9,1615.1,0,1,8,1,
2025-10-18T08:59:32,28.67,8.3,1447.7,10.47,291.0,3804.5,0,1,8,1,
2025-10-18T08:59:34,28.65,8.53,945.1,11.24,356.8,4282.0,0,1,8,1,
2025-10-18T08:59:36,29.33,8.07,1196.2,10.1,139.1,2831.8,0,1,8,1,
2025-10-18T08:59:38,27.95,8.36,1304.7,10.97,291.2,3835.9,0,1,8,1,
2025-10-18T08:59:40,29.1,8.2,1206.9,9.2,284.2,3578.8,0,1,8,1,
2025-10-18T08:59:42,28.99,7.97,1068.1,12.06,245.6,3546.1,0,1,8,1,
2025-10-18T08:59:44,28.95,8.08,1176.0,14.2,327.0,5572.4,0,1,8,1,
2025-10-18T08:59:46,28.36,8.45,1086.1,7.28,132.5,5672.9,0,1,8,1,
2025-10-18T08:59:48,28.07,8.17,1090.8,12.09,231.2,2695.2,0,1,8,1,
2025-10-18T08:59:50,28.72,7.91,1099.5,3.68,178.8,4178.5,0,1,8,1,
2025-10-18T08:59:52,27.52,7.9,1199.7,8.37,349.6,5833.9,0,1,8,1,
2025-10-18T08:59:54,28.07,8.31,1289.9,8.21,175.2,3987.7,0,1,8,1,
2025-10-18T08:59:56,28.41,8.11,1253.1,7.75,192.4,4109.1,0,1,8,1,
2025-10-18T08:59:58,28.69,7.96,1311.4,4.69,221.1,3742.0,0,1,8,1,
2025-10-18T09:00:00,28.18,8.09,1424.5,7.45,372.1,4437.1,0,1,9,1,
2025-10-18T09:00:02,28.55,8.3,1503.6,7.02,194.0,3245.1,0,1,9,1,
2025-10-18T09:00:04,28.52,7.85,1202.7,15.08,257.6,3707.3,0,1,9,1,
2025-10-18T09:00:06,28.19,8.38,1100.9,15.54,346.7,4256.8,0,1,9,1,
2025-10-18T09:00:08,28.49,8.41,1331.4,7.58,223.7,2677.7,0,1,9,1,
2025-10-18T09:00:10,28.7,8.33,1038.0,8.63,182.6,3101.2,0,1,9,1,
2025-10-18T09:00:12,28.78,8.05,1163.9,5.12,259.3,3955.7,0,1,9,1,
2025-10-18T09:00:14,28.14,8.16,1221.6,7.56,176.2,5805.6,0,1,9,1,
2025-10-18T09:00:16,28.18,8.18,1321.3,20.59,187.8,4449.8,0,1,9,1,
2025-10-18T09:00:18,28.15,8.09,1113.6,6.62,247.9,2525.5,0,1,9,1,
2025-10-18T09:00:20,28.97,8.21,1250.7,8.6,231.6,4287.6,0,1,9,1,
2025-10-18T09:00:22,27.92,8.13,1096.8,7.33,144.5,5339.3,0,1,9,1,
2025-10-18T09:00:24,28.16,8.43,1328.3,6.14,195.6,6560.5,0,1,9,1,
2025-10-18T09:00:26,29.38,8.19,1230.9,8.11,271.6,3282.8,0,1,9,1,
2025-10-18T09:00:28,27.48,7.94,1202.5,6.61,246.6,2925.3,0,1,9,1,
2025-10-18T09:00:30,28.11,8.37,1229.7,9.97,293.9,4480.6,0,1,9,1,
2025-10-18T09:00:32,29.22,8.11,1148.4,6.1,228.6,4964.8,0,1,9,1,
2025-10-18T09:00:34,29.15,8.39,984.7,13.25,158.1,4898.1,0,1,9,1,
2025-10-18T09:00:36,28.32,8.34,1040.1,13.51,176.8,3331.5,0,1,9,1,
2025-10-18T09:00:38,28.0,7.85,1211.3,15.42,383.3,4097.2,0,1,9,1,
2025-10-18T09:00:40,29.06,8.25,1259.9,8.97,259.8,4537.5,0,1,9,1,
2025-10-18T09:00:42,28.21,8.18,1193.0,12.48,196.7,3948.5,0,1,9,1,
2025-10-18T09:00:44,29.46,8.43,1361.9,10.07,266.0,5002.2,0,1,9,1,
2025-10-18T09:00:46,29.28,7.81,1042.1,13.93,236.2,3328.3,0,1,9,1,
2025-10-18T09:00:48,27.87,8.09,1031.7,16.27,248.9,3942.0,0,1,9,1,
2025-10-18T09:00:50,28.79,8.39,1313.5,13.22,218.5,3702.1,0,1,9,1,
2025-10-18T09:00:52,28.88,8.09,1199.4,11.2,289.3,2222.3,0,1,9,1,
2025-10-18T09:00:54,28.86,8.15,1284.9,12.33,330.4,5353.5,0,1,9,1,
2025-10-18T09:00:56,29.17,8.49,1235.0,10.1,293.6,4732.1,0,1,9,1,
2025-10-18T09:00:58,28.35,8.28,1195.8,7.44,314.5,4055.2,0,1,9,1,
2025-10-18T09:01:00,29.52,7.87,1133.2,10.1,306.9,4399.5,0,1,9,1,
2025-10-18T09:01:02,28.66,7.97,1061.2,10.97,181.8,3468.1,0,1,9,1,
2025-10-18T09:01:04,28.75,8.0,1392.6,13.67,171.4,3067.6,0,1,9,1,
2025-10-18T09:01:06,27.36,8.04,1292.0,8.76,273.0,2477.7,0,1,9,1,
2025-10-18T09:01:08,28.9,8.09,1201.5,9.72,186.4,2846.9,0,1,9,1,
2025-10-18T09:01:10,28.98,8.28,1326.0,10.97,257.1,2274.0,0,1,9,1,
2025-10-18T09:01:12,28.36,8.19,1434.4,12.06,326.8,4597.5,0,1,9,1,
2025-10-18T09:01:14,28.14,8.22,1228.3,7.18,230.8,3794.2,0,1,9,1,
2025-10-18T09:01:16,29.3,7.78,1344.7,7.19,181.4,5179.9,0,1,9,1,
2025-10-18T09:01:18,28.87,8.45,1296.1,16.18,277.9,3843.5,0,1,9,1,
2025-10-18T09:01:20,28.67,8.45,1106.5,8.04,234.6,1895.4,0,1,9,1,
2025-10-18T09:01:22,28.57,7.82,1206.4,12.6,226.2,5677.1,0,1,9,1,
2025-10-18T09:01:24,27.77,8.44,1281.0,4.85,385.5,3936.3,0,1,9,1,
2025-10-18T09:01:26,28.06,7.92,1173.6,9.62,255.1,3702.2,0,1,9,1,
2025-10-18T09:01:28,28.82,8.12,967.8,9.55,131.6,4353.8,0,1,9,1,
2025-10-18T09:01:30,28.01,8.23,1357.7,7.15,303.1,3566.6,0,1,9,1,
2025-10-18T09:01:32,29.38,8.13,1099.1,12.06,228.2,3158.6,0,1,9,1,
2025-10-18T09:01:34,28.26,8.19,1361.1,4.2,251.2,4624.9,0,1,9,1,
2025-10-18T09:01:36,28.6,8.46,1191.1,9.45,279.6,4099.3,0,1,9,1,
2025-10-18T09:01:38,28.3,8.3,1121.7,8.17,223.6,5353.1,0,1,9,1,
2025-10-18T09:01:40,26.89,8.28,1204.1,4.96,265.5,4475.8,0,1,9,1,
2025-10-18T09:01:42,28.79,7.67,1364.0,7.79,284.3,4741.1,0,1,9,1,
2025-10-18T09:01:44,28.06,8.33,1153.7,3.79,308.4,3225.0,0,1,9,1,
2025-10-18T09:01:46,28.07,8.12,1232.7,9.83,277.4,2660.5,0,1,9,1,
2025-10-18T09:01:48,28.13,8.18,1427.7,9.66,304.3,4038.6,0,1,9,1,
2025-10-18T09:01:50,28.26,8.15,1179.8,11.81,318.7,4359.7,0,1,9,1,
2025-10-18T09:01:52,29.09,8.01,1150.2,7.83,265.7,3641.0,0,1,9,1,
2025-10-18T09:01:54,28.86,8.01,1205.2,12.06,146.7,6121.6,0,1,9,1,
2025-10-18T09:01:56,28.36,7.79,1219.0,10.1,245.9,4991.2,0,1,9,1,
2025-10-18T09:01:58,28.87,8.26,1254.0,9.69,338.8,2520.8,0,1,9,1,
2025-10-18T22:00:00,27.57,7.42,706.9,12.94,27.9,1.2,0,0,22,0,
2025-10-18T22:00:02,27.64,7.77,561.1,24.93,315.7,0.6,0,0,22,0,
2025-10-18T22:00:04,26.85,7.3,651.0,21.38,108.6,2.6,0,0,22,0,
2025-10-18T22:00:06,26.94,6.97,727.5,4.35,135.7,4.1,0,0,22,0,
2025-10-18T22:00:08,27.49,7.12,646.0,17.7,161.2,1.7,0,0,22,0,
2025-10-18T22:00:10,26.98,7.82,667.2,22.36,106.0,2.3,0,0,22,0,
2025-10-18T22:00:12,27.37,7.47,584.7,12.02,198.2,0.6,0,0,22,0,
2025-10-18T22:00:14,27.07,7.24,698.9,14.23,141.8,1.0,0,0,22,0,
2025-10-18T22:00:16,26.54,7.03,673.5,13.58,224.0,2.0,0,0,22,0,
2025-10-18T22:00:18,27.86,7.85,644.2,21.89,109.1,3.5,0,0,22,0,
2025-10-18T22:00:20,28.49,7.4,677.1,26.16,139.7,0.3,0,0,22,0,
2025-10-18T22:00:22,27.94,7.42,662.8,12.99,29.8,1.2,0,0,22,0,
2025-10-18T22:00:24,27.95,7.34,750.6,13.78,76.2,0.9,0,0,22,0,
2025-10-18T22:00:26,27.46,7.59,595.8,26.21,287.7,1.0,0,0,22,0,
2025-10-18T22:00:28,28.12,7.14,725.3,24.28,210.4,1.0,0,0,22,0,
2025-10-18T22:00:30,26.02,7.24,606.2,12.13,158.6,0.6,0,0,22,0,
2025-10-18T22:00:32,27.09,7.14,599.9,24.73,103.7,0.5,0,0,22,0,
2025-10-18T22:00:34,27.27,7.48,681.9,0.0,221.5,2.4,0,0,22,0,
2025-10-18T22:00:36,26.97,7.16,618.5,13.46,165.7,0.0,0,0,22,0,
2025-10-18T22:00:38,26.94,7.78,585.0,25.46,174.9,0.0,0,0,22,0,
2025-10-18T22:00:40,27.82,7.37,618.1,19.47,183.2,1.7,0,0,22,0,
2025-10-18T22:00:42,28.09,7.5,553.7,15.16,356.0,1.7,0,0,22,0,
2025-10-18T22:00:44,28.68,7.75,666.9,19.81,147.4,0.0,0,0,22,0,
2025-10-18T22:00:46,27.51,7.7,608.0,20.47,209.6,0.1,0,0,22,0,
2025-10-18T22:00:48,27.27,7.15,592.4,10.27,87.0,2.4,0,0,22,0,
2025-10-18T22:00:50,27.04,7.43,614.8,25.07,241.8,1.9,0,0,22,0,
2025-10-18T22:00:52,27.65,7.34,566.6,29.66,96.8,1.7,0,0,22,0,
2025-10-18T22:00:54,28.03,7.26,722.7,22.59,271.0,0.5,0,0,22,0,
2025-10-18T22:00:56,26.86,7.27,664.6,18.35,122.5,0.0,0,0,22,0,
2025-10-18T22:00:58,27.74,7.89,682.5,21.65,190.1,1.4,0,0,22,0,
2025-10-18T22:01:00,27.97,7.5,628.1,13.22,132.6,1.3,0,0,22,0,
2025-10-18T22:01:02,27.34,7.48,680.7,23.0,239.8,1.1,0,0,22,0,
2025-10-18T22:01:04,26.85,7.31,653.1,6.99,247.2,1.1,0,0,22,0,
2025-10-18T22:01:06,27.69,7.74,605.9,21.44,142.3,0.8,0,0,22,0,
2025-10-18T22:01:08,27.11,7.82,623.7,22.2,18.7,2.2,0,0,22,0,
2025-10-18T22:01:10,28.03,7.42,634.1,20.4,310.2,0.0,0,0,22,0,
2025-10-18T22:01:12,27.89,7.17,648.6,16.51,120.0,1.0,0,0,22,0,
2025-10-18T22:01:14,26.93,7.66,524.4,21.24,127.1,0.0,0,0,22,0,
2025-10-18T22:01:16,27.6,7.01,652.8,9.46,182.3,0.1,0,0,22,0,
2025-10-18T22:01:18,27.27,7.47,595.9,17.65,44.0,1.6,0,0,22,0,
2025-10-18T22:01:20,28.38,8.1,656.4,22.73,25.4,2.5,0,0,22,0,
2025-10-18T22:01:22,27.89,7.28,736.6,16.47,117.9,1.5,0,0,22,0,
2025-10-18T22:01:24,26.97,7.66,576.1,11.7,86.3,1.8,0,0,22,0,
2025-10-18T22:01:26,27.19,7.06,607.6,17.81,67.3,0.0,0,0,22,0,
2025-10-18T22:01:28,28.56,7.18,627.4,15.8,120.5,1.6,0,0,22,0,
2025-10-18T22:01:30,27.97,7.32,563.4,25.65,143.3,2.7,0,0,22,0,
2025-10-18T22:01:32,26.38,7.45,784.3,15.88,134.2,1.3,0,0,22,0,
2025-10-18T22:01:34,27.22,7.32,626.4,14.24,236.0,1.5,0,0,22,0,
2025-10-18T22:01:36,27.63,7.6,631.5,13.35,107.8,1.0,0,0,22,0,
2025-10-18T22:01:38,26.97,7.27,613.9,30.75,-44.2,0.8,0,0,22,0,
2025-10-18T22:01:40,28.36,7.43,702.7,18.6,103.3,0.0,0,0,22,0,
2025-10-18T22:01:42,27.6,7.21,594.0,15.01,272.1,3.4,0,0,22,0,
2025-10-18T22:01:44,27.61,7.28,567.6,20.81,274.8,0.8,0,0,22,0,
2025-10-18T22:01:46,26.31,7.57,719.0,8.48,162.4,1.5,0,0,22,0,
2025-10-18T22:01:48,27.46,7.2,721.1,15.58,46.0,0.0,0,0,22,0,
2025-10-18T22:01:50,28.13,7.55,656.2,15.36,113.0,0.0,0,0,22,0,
2025-10-18T22:01:52,27.28,6.87,598.5,16.13,192.7,1.0,0,0,22,0,
2025-10-18T22:01:54,27.9,7.74,724.1,20.82,150.8,0.0,0,0,22,0,
2025-10-18T22:01:56,27.87,7.82,673.9,29.5,43.2,0.0,0,0,22,0,
2025-10-18T22:01:58,27.93,7.47,742.0,17.91,89.2,0.8,0,0,22,0,
2025-10-18T22:02:00,26.73,7.12,718.1,23.24,175.4,0.0,0,0,22,0,
2025-10-18T22:02:02,27.32,7.09,732.4,14.5,74.0,1.0,0,0,22,0,
2025-10-18T22:02:04,27.18,7.77,598.6,9.6,-0.7,1.0,0,0,22,0,
2025-10-18T22:02:06,27.22,7.04,733.2,22.0,148.0,2.4,0,0,22,0,
2025-10-18T22:02:08,27.83,7.19,577.3,22.91,177.7,1.2,0,0,22,0,
2025-10-18T22:02:10,27.08,7.55,597.1,17.39,251.3,0.3,0,0,22,0,
2025-10-18T22:02:12,26.71,7.14,719.6,19.53,141.0,0.5,0,0,22,0,
2025-10-18T22:02:14,27.74,7.19,671.4,13.61,87.2,0.4,0,0,22,0,
2025-10-18T22:02:16,27.31,7.39,666.5,0.0,93.5,0.6,0,0,22,0,
2025-10-18T22:02:18,28.25,7.13,661.4,26.97,58.1,1.4,0,0,22,0,
2025-10-18T22:02:20,27.1,7.27,593.8,13.61,340.5,1.8,0,0,22,0,
2025-10-18T22:02:22,28.05,7.52,537.6,20.37,225.1,0.1,0,0,22,0,
2025-10-18T22:02:24,27.98,7.58,779.6,15.49,73.2,0.6,0,0,22,0,
2025-10-18T22:02:26,28.22,6.94,505.2,18.54,119.0,1.0,0,0,22,0,
2025-10-18T22:02:28,27.97,7.26,518.9,30.27,80.2,0.0,0,0,22,0,
2025-10-18T22:02:30,28.05,7.3,645.6,20.9,225.9,0.7,0,0,22,0,
2025-10-18T22:02:32,28.26,6.87,703.2,12.96,246.1,1.1,0,0,22,0,
2025-10-18T22:02:34,27.16,7.57,712.5,21.85,77.9,0.5,0,0,22,0,
2025-10-18T22:02:36,27.5,7.39,702.5,5.91,173.4,0.7,0,0,22,0,
2025-10-18T22:02:38,27.08,7.21,635.0,0.0,100.9,0.1,0,0,22,0,
2025-10-18T22:02:40,27.77,7.2,634.9,27.25,219.6,1.9,0,0,22,0,
2025-10-18T22:02:42,27.25,7.54,633.6,16.82,178.7,0.4,0,0,22,0,
2025-10-18T22:02:44,28.25,7.36,693.3,26.73,222.2,0.0,0,0,22,0,
2025-10-18T22:02:46,27.72,7.61,712.4,11.32,104.0,2.0,0,0,22,0,
2025-10-18T22:02:48,27.12,7.33,760.3,17.71,99.1,0.1,0,0,22,0,
2025-10-18T22:02:50,27.67,7.07,632.7,20.0,240.9,1.7,0,0,22,0,
2025-10-18T22:02:52,27.14,7.69,629.0,10.59,138.0,2.4,0,0,22,0,
2025-10-18T22:02:54,27.58,7.4,764.6,9.41,60.0,0.0,0,0,22,0,
2025-10-18T22:02:56,27.69,7.44,758.0,19.46,121.7,1.0,0,0,22,0,
2025-10-18T22:02:58,27.56,6.98,839.7,21.12,164.7,1.6,0,0,22,0,
2025-10-18T22:03:00,27.85,7.36,605.8,21.6,177.0,0.2,0,0,22,0,
2025-10-18T22:03:02,28.21,7.47,701.1,26.35,151.5,1.3,0,0,22,0,
2025-10-18T22:03:04,27.91,7.22,653.8,18.75,83.1,3.3,0,0,22,0,
2025-10-18T22:03:06,26.8,7.08,742.0,22.28,78.2,1.6,0,0,22,0,
2025-10-18T22:03:08,28.23,7.39,831.9,7.66,198.6,2.2,0,0,22,0,
2025-10-18T22:03:10,27.95,7.35,629.7,20.66,207.1,1.6,0,0,22,0,
2025-10-18T22:03:12,28.02,7.15,634.1,12.36,123.0,2.0,0,0,22,0,
2025-10-18T22:03:14,27.55,8.05,663.5,18.36,157.4,0.4,0,0,22,0,
2025-10-18T22:03:16,27.47,7.68,658.0,13.24,85.2,0.5,0,0,22,0,
2025-10-18T22:03:18,27.54,7.7,556.2,16.08,160.1,0.0,0,0,22,0,
2025-10-18T22:03:20,27.08,7.23,594.3,19.15,138.8,0.4,0,0,22,0,
2025-10-18T22:03:22,27.71,7.83,764.7,6.46,190.4,0.8,0,0,22,0,
2025-10-18T22:03:24,27.58,7.3,658.2,18.91,109.5,0.1,0,0,22,0,
2025-10-18T22:03:26,27.28,7.46,691.9,23.12,115.4,1.3,0,0,22,0,
2025-10-18T22:03:28,27.98,7.69,645.9,16.67,163.4,0.0,0,0,22,0,
2025-10-18T22:03:30,27.4,7.59,694.9,16.38,165.2,0.2,0,0,22,0,
2025-10-18T22:03:32,27.85,7.38,630.7,15.83,145.6,0.6,0,0,22,0,
2025-10-18T22:03:34,27.83,7.3,761.5,26.79,87.6,1.1,0,0,22,0,
2025-10-18T22:03:36,27.17,7.32,790.2,16.15,175.2,1.5,0,0,22,0,
2025-10-18T22:03:38,27.0,7.19,565.6,12.68,-49.5,1.5,0,0,22,0,
2025-10-18T22:03:40,28.53,7.44,550.9,14.14,117.9,0.0,0,0,22,0,
2025-10-18T22:03:42,27.93,7.6,569.1,22.35,256.9,2.9,0,0,22,0,
2025-10-18T22:03:44,28.93,7.17,847.7,15.87,108.5,1.3,0,0,22,0,
2025-10-18T22:03:46,27.21,7.5,557.6,16.57,240.0,0.9,0,0,22,0,
2025-10-18T22:03:48,27.57,7.52,731.9,8.07,190.9,0.7,0,0,22,0,
2025-10-18T22:03:50,27.58,7.66,566.4,11.92,14.5,0.5,0,0,22,0,
2025-10-18T22:03:52,28.17,7.37,556.2,15.09,45.8,0.0,0,0,22,0,
2025-10-18T22:03:54,27.69,7.11,727.9,17.57,156.0,0.7,0,0,22,0,
2025-10-18T22:03:56,27.89,7.6,673.5,21.39,135.2,1.5,0,0,22,0,
2025-10-18T22:03:58,27.33,7.4,630.8,15.26,101.8,1.5,0,0,22,0,
2025-10-18T22:04:00,28.16,7.69,562.0,25.74,127.7,1.6,0,0,22,0,
2025-10-18T22:04:02,27.05,7.44,672.0,9.09,192.6,2.3,0,0,22,0,
2025-10-18T22:04:04,27.41,7.74,636.7,23.1,-5.3,3.4,0,0,22,0,
2025-10-18T22:04:06,28.25,7.33,512.0,19.73,48.9,1.4,0,0,22,0,
2025-10-18T22:04:08,27.71,7.16,728.5,22.83,218.3,1.0,0,0,22,0,
2025-10-18T22:04:10,26.79,7.64,631.1,9.66,244.6,3.1,0,0,22,0,
2025-10-18T22:04:12,27.48,7.94,656.4,15.72,105.9,2.6,0,0,22,0,
2025-10-18T22:04:14,27.11,7.58,610.9,15.24,222.1,0.6,0,0,22,0,
2025-10-18T22:04:16,27.3,7.68,761.8,21.87,104.2,0.5,0,0,22,0,
2025-10-18T22:04:18,27.54,7.48,580.8,22.34,156.0,0.0,0,0,22,0,
2025-10-18T22:04:20,27.04,7.27,644.9,29.34,166.7,0.2,0,0,22,0,
2025-10-18T22:04:22,27.61,7.31,672.7,21.48,234.6,1.0,0,0,22,0,
2025-10-18T22:04:24,28.32,7.63,600.5,31.26,172.9,0.2,0,0,22,0,
2025-10-18T22:04:26,28.33,7.92,647.7,14.98,137.9,1.7,0,0,22,0,
2025-10-18T22:04:28,28.14,7.54,657.1,26.99,128.1,2.0,0,0,22,0,
2025-10-18T22:04:30,27.36,7.51,642.1,17.66,123.6,2.3,0,0,22,0,
2025-10-18T22:04:32,27.13,7.21,798.5,23.87,-17.0,0.4,0,0,22,0,
2025-10-18T22:04:34,26.59,7.16,430.3,17.18,70.1,1.1,0,0,22,0,
2025-10-18T22:04:36,26.69,7.42,621.0,27.01,248.8,1.8,0,0,22,0,
2025-10-18T22:04:38,27.34,7.9,541.3,9.58,144.1,3.3,0,0,22,0,
2025-10-18T22:04:40,27.4,7.35,549.1,23.68,216.7,1.8,0,0,22,0,
2025-10-18T22:04:42,27.19,7.22,559.5,18.5,74.4,0.0,0,0,22,0,
2025-10-18T22:04:44,27.29,7.28,612.3,20.8,155.5,0.7,0,0,22,0,
2025-10-18T22:04:46,27.59,7.15,657.4,18.9,44.8,2.0,0,0,22,0,
2025-10-18T22:04:48,27.06,7.42,731.5,23.55,152.4,0.6,0,0,22,0,
2025-10-18T22:04:50,27.97,7.57,606.7,13.23,4.9,1.2,0,0,22,0,
2025-10-18T22:04:52,27.46,7.68,675.1,26.01,101.2,2.1,0,0,22,0,
2025-10-18T22:04:54,27.24,7.59,547.9,19.41,11.1,0.7,0,0,22,0,
2025-10-18T22:04:56,27.72,7.27,576.5,23.08,142.8,0.5,0,0,22,0,
2025-10-18T22:04:58,27.52,8.06,730.7,24.98,180.5,1.2,0,0,22,0,
2025-10-18T22:05:00,26.3,7.23,616.4,6.75,69.0,0.0,0,0,22,0,
2025-10-18T22:05:02,27.48,7.6,727.5,20.49,82.6,0.0,0,0,22,0,
2025-10-18T22:05:04,26.62,7.08,587.8,17.04,79.0,1.3,0,0,22,0,
2025-10-18T22:05:06,27.38,7.4,729.8,10.92,179.3,1.0,0,0,22,0,
2025-10-18T22:05:08,27.33,7.62,711.5,12.32,137.2,1.3,0,0,22,0,
2025-10-18T22:05:10,27.36,7.55,669.7,29.0,42.9,0.9,0,0,22,0,
2025-10-18T22:05:12,27.05,7.55,536.8,20.08,105.9,0.3,0,0,22,0,
2025-10-18T22:05:14,26.78,7.28,725.9,17.85,193.9,2.7,0,0,22,0,
2025-10-18T22:05:16,27.63,7.26,682.7,14.73,114.7,0.0,0,0,22,0,
2025-10-18T22:05:18,27.96,7.3,662.7,11.78,180.5,0.2,0,0,22,0,
2025-10-18T22:05:20,27.43,7.62,705.4,17.87,26.2,4.0,0,0,22,0,
2025-10-18T22:05:22,28.37,7.58,597.3,17.32,112.0,2.3,0,0,22,0,
2025-10-18T22:05:24,27.63,7.2,617.0,24.73,262.0,2.5,0,0,22,0,
2025-10-18T22:05:26,27.88,7.34,423.1,19.78,149.9,1.1,0,0,22,0,
2025-10-18T22:05:28,27.53,7.07,689.0,21.79,197.8,1.9,0,0,22,0,
2025-10-18T22:05:30,27.8,7.3,645.0,18.55,157.5,2.0,0,0,22,0,
2025-10-18T22:05:32,27.82,7.92,804.5,18.48,-118.6,2.2,0,0,22,0,
2025-10-18T22:05:34,27.23,7.2,622.1,15.32,192.9,0.0,0,0,22,0,
2025-10-18T22:05:36,26.96,7.49,693.6,21.85,94.9,0.0,0,0,22,0,
2025-10-18T22:05:38,27.25,7.46,754.0,5.72,134.5,0.0,0,0,22,0,
2025-10-18T22:05:40,26.67,7.64,688.1,20.7,214.5,0.5,0,0,22,0,
2025-10-18T22:05:42,27.28,7.95,632.7,22.41,150.4,0.0,0,0,22,0,
2025-10-18T22:05:44,26.48,7.26,723.9,22.73,214.0,0.0,0,0,22,0,
2025-10-18T22:05:46,28.31,7.16,664.9,17.94,137.8,2.3,0,0,22,0,
2025-10-18T22:05:48,27.15,7.06,651.4,15.6,386.4,1.7,0,0,22,0,
2025-10-18T22:05:50,27.3,7.14,518.4,11.85,158.0,2.4,0,0,22,0,
2025-10-18T22:05:52,28.06,7.46,627.4,19.61,113.7,2.7,0,0,22,0,
2025-10-18T22:05:54,27.41,7.38,494.9,16.83,208.6,0.0,0,0,22,0,
2025-10-18T22:05:56,27.12,7.6,546.6,24.35,112.7,0.6,0,0,22,0,
2025-10-18T22:05:58,26.94,7.49,822.2,22.69,89.5,2.1,0,0,22,0,
2025-10-18T22:06:00,27.34,7.74,706.5,0.34,79.7,1.9,0,0,22,0,
2025-10-18T22:06:02,27.58,7.14,605.6,6.56,143.8,3.2,0,0,22,0,
2025-10-18T22:06:04,27.9,7.95,711.8,24.16,288.2,1.4,0,0,22,0,
2025-10-18T22:06:06,27.41,7.66,751.8,15.12,99.5,1.1,0,0,22,0,
2025-10-18T22:06:08,27.92,7.6,550.3,29.47,105.1,0.7,0,0,22,0,
2025-10-18T22:06:10,27.05,8.07,666.9,12.89,210.5,1.8,0,0,22,0,
2025-10-18T22:06:12,27.41,7.61,592.2,15.04,9.3,0.0,0,0,22,0,
2025-10-18T22:06:14,28.4,7.81,654.6,27.98,138.8,0.8,0,0,22,0,
2025-10-18T22:06:16,27.53,7.37,634.9,24.86,160.5,1.7,0,0,22,0,
2025-10-18T22:06:18,28.02,7.5,582.1,9.88,160.4,0.8,0,0,22,0,
2025-10-18T22:06:20,27.54,7.4,830.9,10.02,10.7,1.3,0,0,22,0,
2025-10-18T22:06:22,27.31,7.48,690.9,25.7,44.5,0.4,0,0,22,0,
2025-10-18T22:06:24,27.71,7.59,803.5,23.73,146.0,0.1,0,0,22,0,
2025-10-18T22:06:26,27.22,7.25,695.9,19.54,57.3,0.6,0,0,22,0,
2025-10-18T22:06:28,27.94,7.49,689.8,20.3,263.9,1.2,0,0,22,0,
2025-10-18T22:06:30,27.31,7.17,667.5,3.36,137.1,0.8,0,0,22,0,
2025-10-18T22:06:32,26.82,7.17,706.7,19.38,157.1,1.3,0,0,22,0,
2025-10-18T22:06:34,27.55,7.71,658.6,9.25,264.1,1.4,0,0,22,0,
2025-10-18T22:06:36,27.21,7.09,677.7,17.3,260.2,0.7,0,0,22,0,
2025-10-18T22:06:38,27.08,7.62,714.8,19.01,197.3,1.0,0,0,22,0,
2025-10-18T22:06:40,27.62,7.69,693.8,16.98,244.7,0.0,0,0,22,0,
2025-10-18T22:06:42,28.53,6.97,606.1,17.75,139.7,2.0,0,0,22,0,
2025-10-18T22:06:44,26.97,7.47,609.5,19.77,145.5,1.1,0,0,22,0,
2025-10-18T22:06:46,27.23,7.27,670.1,23.66,108.1,0.1,0,0,22,0,
2025-10-18T22:06:48,27.81,7.39,708.1,12.57,25.4,0.5,0,0,22,0,
2025-10-18T22:06:50,27.12,7.38,605.4,22.45,129.8,1.2,0,0,22,0,
2025-10-18T22:06:52,27.58,7.45,648.3,21.06,94.3,2.4,0,0,22,0,
2025-10-18T22:06:54,27.38,7.07,663.2,12.89,196.6,3.2,0,0,22,0,
2025-10-18T22:06:56,27.11,7.48,527.1,20.72,88.0,0.4,0,0,22,0,
2025-10-18T22:06:58,26.95,7.58,720.5,18.14,89.5,2.6,0,0,22,0,
2025-10-18T22:07:00,27.12,6.86,682.1,11.37,219.2,0.6,0,0,22,0,
2025-10-18T22:07:02,27.8,7.75,565.4,14.6,144.7,2.5,0,0,22,0,
2025-10-18T22:07:04,27.17,7.25,683.5,14.54,160.7,0.0,0,0,22,0,
2025-10-18T22:07:06,28.61,7.06,627.5,17.81,283.9,0.0,0,0,22,0,
2025-10-18T22:07:08,28.49,7.59,679.2,12.09,190.0,0.3,0,0,22,0,
2025-10-18T22:07:10,28.13,7.16,642.1,14.67,80.9,1.7,0,0,22,0,
2025-10-18T22:07:12,27.77,7.7,525.4,24.39,325.4,0.5,0,0,22,0,
2025-10-18T22:07:14,28.45,7.33,553.9,16.17,223.4,0.2,0,0,22,0,
2025-10-18T22:07:16,27.2,7.55,650.2,21.51,166.6,1.5,0,0,22,0,
2025-10-18T22:07:18,27.28,7.46,585.1,25.73,105.6,2.1,0,0,22,0,
2025-10-18T22:07:20,27.38,7.45,615.4,11.9,27.9,0.0,0,0,22,0,
2025-10-18T22:07:22,27.34,7.45,720.7,15.33,88.3,0.0,0,0,22,0,
2025-10-18T22:07:24,27.74,7.75,738.6,22.26,194.7,2.7,0,0,22,0,
2025-10-18T22:07:26,27.67,7.56,627.5,9.83,102.1,1.0,0,0,22,0,
2025-10-18T22:07:28,27.53,7.88,655.7,25.07,119.5,0.7,0,0,22,0,
2025-10-18T22:07:30,26.84,7.21,686.9,18.05,216.0,1.2,0,0,22,0,
2025-10-18T22:07:32,27.32,7.94,643.4,24.98,121.9,1.7,0,0,22,0,
2025-10-18T22:07:34,27.96,7.45,485.2,18.11,236.1,1.5,0,0,22,0,
2025-10-18T22:07:36,27.72,6.97,599.6,20.47,178.7,2.2,0,0,22,0,
2025-10-18T22:07:38,27.43,7.5,651.1,12.08,-7.9,1.4,0,0,22,0,
2025-10-18T22:07:40,27.59,7.25,536.7,21.78,131.4,1.6,0,0,22,0,
2025-10-18T22:07:42,28.43,6.86,601.0,16.74,251.8,0.0,0,0,22,0,
2025-10-18T22:07:44,28.47,7.43,643.3,16.81,119.5,2.0,0,0,22,0,
2025-10-18T22:07:46,26.97,7.49,623.1,13.43,331.0,1.4,0,0,22,0,
2025-10-18T22:07:48,27.81,7.68,550.5,28.51,-25.6,0.2,0,0,22,0,
2025-10-18T22:07:50,27.27,7.55,665.3,17.0,149.2,0.0,0,0,22,0,
2025-10-18T22:07:52,26.75,7.58,698.6,27.51,94.7,1.7,0,0,22,0,
2025-10-18T22:07:54,27.36,7.7,721.5,19.27,126.2,2.0,0,0,22,0,
2025-10-18T22:07:56,27.82,7.23,557.1,16.27,256.1,2.1,0,0,22,0,
2025-10-18T22:07:58,26.94,7.11,739.2,11.19,185.7,0.4,0,0,22,0,
2025-10-18T22:08:00,28.31,7.21,730.0,19.11,167.7,0.0,0,0,22,0,
2025-10-18T22:08:02,26.4,7.34,667.3,11.25,73.8,1.6,0,0,22,0,
2025-10-18T22:08:04,27.78,7.37,704.6,10.95,125.1,2.6,0,0,22,0,
2025-10-18T22:08:06,27.53,7.43,811.4,9.6,205.8,2.7,0,0,22,0,
2025-10-18T22:08:08,27.34,7.61,581.3,13.88,176.9,1.8,0,0,22,0,
2025-10-18T22:08:10,28.06,7.79,645.3,25.16,126.0,1.9,0,0,22,0,
2025-10-18T22:08:12,27.6,7.51,679.6,8.37,71.3,1.1,0,0,22,0,
2025-10-18T22:08:14,26.66,7.61,711.0,19.96,71.5,2.4,0,0,22,0,
2025-10-18T22:08:16,28.52,7.44,685.7,19.21,187.1,0.9,0,0,22,0,
2025-10-18T22:08:18,27.48,7.63,814.2,9.6,142.7,0.0,0,0,22,0,
2025-10-18T22:08:20,28.3,7.25,549.0,21.83,272.1,1.7,0,0,22,0,
2025-10-18T22:08:22,27.6,7.5,749.0,12.75,142.2,0.5,0,0,22,0,
2025-10-18T22:08:24,26.92,7.32,727.5,21.4,195.1,1.1,0,0,22,0,
2025-10-18T22:08:26,27.76,7.2,628.3,19.15,169.4,1.3,0,0,22,0,
2025-10-18T22:08:28,27.43,7.31,871.0,23.44,178.9,0.8,0,0,22,0,
2025-10-18T22:08:30,27.27,7.37,670.5,6.72,40.1,0.4,0,0,22,0,
2025-10-18T22:08:32,27.6,7.34,753.5,9.11,97.4,2.5,0,0,22,0,
2025-10-18T22:08:34,27.57,7.62,793.6,13.84,143.0,0.7,0,0,22,0,
2025-10-18T22:08:36,26.52,7.32,711.7,21.24,193.3,0.6,0,0,22,0,
2025-10-18T22:08:38,27.17,7.72,615.2,19.76,161.4,2.5,0,0,22,0,
2025-10-18T22:08:40,27.99,7.08,566.9,21.47,145.5,0.5,0,0,22,0,
2025-10-18T22:08:42,28.01,7.45,653.7,22.68,123.7,2.6,0,0,22,0,
2025-10-18T22:08:44,27.11,7.56,750.4,9.74,126.0,2.1,0,0,22,0,
2025-10-18T22:08:46,28.08,7.36,598.6,23.74,232.8,0.0,0,0,22,0,
2025-10-18T22:08:48,26.9,7.46,694.1,16.21,197.6,0.3,0,0,22,0,
2025-10-18T22:08:50,26.44,7.29,654.4,16.34,68.9,0.0,0,0,22,0,
2025-10-18T22:08:52,27.24,7.62,737.9,25.13,92.9,0.0,0,0,22,0,
2025-10-18T22:08:54,27.75,7.56,678.0,5.92,89.3,1.0,0,0,22,0,
2025-10-18T22:08:56,27.74,7.59,660.1,19.98,155.9,1.7,0,0,22,0,
2025-10-18T22:08:58,27.66,7.42,631.2,18.49,183.9,1.3,0,0,22,0,
2025-10-18T22:09:00,27.69,7.74,668.6,14.11,211.9,0.0,0,0,22,0,
2025-10-18T22:09:02,26.96,7.48,686.1,10.53,123.2,0.4,0,0,22,0,
2025-10-18T22:09:04,27.26,7.64,699.5,17.89,111.8,0.0,0,0,22,0,
2025-10-18T22:09:06,28.21,7.55,600.5,22.32,145.1,0.7,0,0,22,0,
2025-10-18T22:09:08,27.72,7.21,625.9,18.73,115.0,1.7,0,0,22,0,
2025-10-18T22:09:10,28.43,7.21,533.4,5.99,139.5,0.3,0,0,22,0,
2025-10-18T22:09:12,27.6,7.43,537.8,7.11,170.7,1.1,0,0,22,0,
2025-10-18T22:09:14,27.29,6.99,683.0,25.63,169.5,0.2,0,0,22,0,
2025-10-18T22:09:16,27.52,7.06,724.1,18.49,26.2,0.7,0,0,22,0,
2025-10-18T22:09:18,27.73,7.32,630.7,10.65,189.7,0.4,0,0,22,0,
2025-10-18T22:09:20,26.42,7.31,718.7,15.68,271.7,1.4,0,0,22,0,
2025-10-18T22:09:22,27.67,7.37,645.2,16.42,128.8,1.5,0,0,22,0,
2025-10-18T22:09:24,27.03,7.13,571.4,30.27,187.1,1.3,0,0,22,0,
2025-10-18T22:09:26,26.97,7.56,641.8,19.29,81.6,1.2,0,0,22,0,
2025-10-18T22:09:28,27.29,7.21,701.4,8.77,189.5,1.7,0,0,22,0,
2025-10-18T22:09:30,27.06,7.19,634.4,19.69,139.3,1.4,0,0,22,0,
2025-10-18T22:09:32,28.38,7.27,529.9,22.96,267.8,1.4,0,0,22,0,
2025-10-18T22:09:34,26.96,7.37,571.7,21.86,55.4,0.7,0,0,22,0,
2025-10-18T22:09:36,27.0,7.43,624.4,19.06,151.6,0.0,0,0,22,0,
2025-10-18T22:09:38,27.81,7.39,580.8,31.45,183.4,0.8,0,0,22,0,
2025-10-18T22:09:40,28.21,7.86,639.8,20.08,80.8,0.9,0,0,22,0,
2025-10-18T22:09:42,27.4,7.45,673.3,21.36,166.6,0.0,0,0,22,0,
2025-10-18T22:09:44,27.03,7.26,630.2,24.3,68.6,0.6,0,0,22,0,
2025-10-18T22:09:46,27.98,7.33,682.2,17.16,168.0,0.8,0,0,22,0,
2025-10-18T22:09:48,27.83,7.01,624.6,19.78,187.4,2.5,0,0,22,0,
2025-10-18T22:09:50,27.3,7.77,603.9,25.97,207.2,0.1,0,0,22,0,
2025-10-18T22:09:52,27.65,7.39,693.8,16.66,128.5,2.4,0,0,22,0,
2025-10-18T22:09:54,27.45,7.61,634.2,28.0,102.5,0.4,0,0,22,0,
2025-10-18T22:09:56,28.26,7.29,762.1,23.35,139.2,0.0,0,0,22,0,
2025-10-18T22:09:58,27.49,7.43,731.7,27.53,102.1,1.8,0,0,22,0,
2025-10-18T22:10:00,27.47,7.63,620.2,17.81,273.0,0.0,0,1,22,0,
2025-10-18T22:10:02,27.40,7.68,644.3,19.65,316.1,274.7,0,1,22,0,
2025-10-18T22:10:04,27.82,7.92,630.9,14.57,309.2,0.0,1,1,22,0,
2025-10-18T22:10:06,28.39,7.61,654.4,15.99,323.0,0.0,0,0,22,0,
2025-10-18T22:10:08,25.24,7.54,563.9,18.50,316.5,0.0,0,0,22,0,
2025-10-18T22:10:10,27.52,7.60,636.0,18.27,315.1,609.8,1,1,22,0,
2025-10-18T22:10:12,27.04,7.52,595.1,17.00,266.2,3390.1,0,0,22,0,
2025-10-18T22:10:14,28.29,7.94,663.4,18.34,358.4,0.0,0,0,22,0,
2025-10-18T22:10:16,28.46,7.37,630.3,16.01,262.6,1133.1,1,0,22,0,
2025-10-18T22:10:18,28.16,7.54,588.7,11.67,332.4,0.0,1,1,22,0,
2025-10-18T22:10:20,26.95,7.60,499.1,10.67,248.8,702.1,0,1,22,0,
2025-10-18T22:10:22,27.84,7.69,703.9,18.57,295.1,0.0,1,1,22,0,
2025-10-18T22:10:24,28.70,7.65,764.7,13.56,367.6,281.2,0,1,22,0,
2025-10-18T22:10:26,27.46,7.94,685.1,17.76,149.3,1115.3,0,1,22,0,
2025-10-18T22:10:28,27.04,7.66,748.7,10.78,256.5,2026.5,0,1,22,0,
2025-10-18T22:10:30,27.69,7.41,643.4,10.16,328.7,124.5,1,0,22,0,
2025-10-18T22:10:32,28.83,7.40,619.5,16.29,376.0,0.0,1,1,22,0,
2025-10-18T22:10:34,28.98,7.80,631.6,12.91,211.4,393.6,1,0,22,0,
2025-10-18T22:10:36,27.05,7.72,518.2,13.42,294.4,1273.5,0,0,22,0,
2025-10-18T22:10:38,26.59,7.75,664.2,16.97,241.5,1706.7,1,1,22,0,
2025-10-18T22:10:40,28.75,7.78,648.1,23.61,293.4,0.0,1,0,22,0,
2025-10-18T22:10:42,27.71,7.76,711.7,12.95,185.0,539.2,0,1,22,0,
2025-10-18T22:10:44,28.38,7.78,558.4,17.07,269.2,0.0,0,1,22,0,
2025-10-18T22:10:46,26.93,7.76,662.2,12.69,302.0,1541.1,0,1,22,0,
2025-10-18T22:10:48,27.60,8.11,497.6,17.78,263.2,0.0,0,0,22,0,
2025-10-18T22:10:50,29.62,7.57,652.5,13.04,242.0,207.5,0,1,22,0,
2025-10-18T22:10:52,25.71,8.06,616.3,21.97,224.6,529.5,0,0,22,0,
2025-10-18T22:10:54,26.25,7.55,661.1,17.77,351.0,0.0,0,0,22,0,
2025-10-18T22:10:56,28.72,7.75,491.0,14.86,356.9,3097.2,1,1,22,0,
2025-10-18T22:10:58,26.48,7.49,631.3,17.01,311.9,0.0,0,0,22,0,
2025-10-18T22:11:00,26.56,7.79,466.1,13.67,304.7,2250.8,1,1,22,0,
2025-10-18T22:11:02,27.24,7.51,580.8,21.11,334.7,802.4,0,0,22,0,
2025-10-18T22:11:04,28.16,7.72,612.5,24.26,362.9,0.0,1,1,22,0,
2025-10-18T22:11:06,28.30,7.39,470.1,7.37,276.1,0.0,0,1,22,0,
2025-10-18T22:11:08,26.50,7.26,651.0,16.48,334.6,1227.1,1,0,22,0,
2025-10-18T22:11:10,27.48,7.53,591.6,12.66,160.9,338.9,0,1,22,0,
2025-10-18T22:11:12,26.96,7.73,748.2,15.15,252.1,0.0,0,0,22,0,
2025-10-18T22:11:14,27.49,7.67,757.1,18.77,336.9,0.0,0,0,22,0,
2025-10-18T22:11:16,27.88,7.74,574.4,23.00,311.2,0.0,0,1,22,0,
2025-10-18T22:11:18,27.60,7.75,655.3,6.84,216.3,1201.7,1,0,22,0,
2025-10-18T22:11:20,29.22,7.25,681.9,7.33,368.7,474.7,1,0,22,0,
2025-10-18T22:11:22,28.18,7.28,648.5,12.08,286.1,0.0,0,0,22,0,
2025-10-18T22:11:24,27.89,8.02,570.1,15.84,291.1,0.0,1,1,22,0,
2025-10-18T22:11:26,26.75,8.01,683.4,14.33,245.0,0.0,0,1,22,0,
2025-10-18T22:11:28,28.01,7.62,671.1,14.54,322.0,0.0,1,1,22,0,
2025-10-18T22:11:30,27.50,7.49,562.2,12.04,225.9,1332.1,1,0,22,0,
2025-10-18T22:11:32,29.65,7.66,519.6,13.47,275.9,0.0,1,1,22,0,
2025-10-18T22:11:34,27.19,7.51,574.9,22.15,271.2,0.0,1,1,22,0,
2025-10-18T22:11:36,26.98,7.76,679.0,18.00,357.0,0.0,0,0,22,0,
2025-10-18T22:11:38,27.24,7.90,685.6,15.01,214.5,906.3,0,1,22,0,
2025-10-18T22:11:40,27.02,7.71,479.5,16.44,289.6,0.0,1,1,22,0,
2025-10-18T22:11:42,27.05,7.53,676.7,8.94,261.7,0.0,1,1,22,0,
2025-10-18T22:11:44,27.63,7.89,644.0,13.74,213.4,1130.6,1,0,22,0,
2025-10-18T22:11:46,26.93,7.67,623.9,14.65,280.6,0.0,1,1,22,0,
2025-10-18T22:11:48,28.62,8.11,605.7,14.86,280.5,2839.1,0,0,22,0,
2025-10-18T22:11:50,26.28,7.14,486.5,9.47,338.8,0.0,0,1,22,0,
2025-10-18T22:11:52,28.15,7.44,720.2,11.03,237.9,291.8,1,0,22,0,
2025-10-18T22:11:54,27.71,7.42,588.8,12.71,319.9,657.3,1,1,22,0,
2025-10-18T22:11:56,27.12,7.63,640.7,21.11,274.6,0.0,0,1,22,0,
2025-10-18T22:11:58,27.07,7.73,494.9,19.17,206.7,0.0,0,0,22,0,
2025-10-18T22:12:00,27.53,7.67,558.1,20.37,362.4,0.0,0,0,22,0,
2025-10-18T22:12:02,26.43,7.58,637.1,17.77,267.7,253.3,1,0,22,0,
2025-10-18T22:12:04,27.15,7.73,592.2,15.43,270.8,0.0,1,0,22,0,
2025-10-18T22:12:06,28.87,7.71,679.3,18.35,331.0,544.7,1,1,22,0,
2025-10-18T22:12:08,27.66,7.47,629.7,7.45,279.7,698.7,1,1,22,0,
2025-10-18T22:12:10,28.44,7.66,556.4,9.35,226.7,0.0,0,1,22,0,
2025-10-18T22:12:12,28.11,7.67,701.1,19.24,244.5,0.0,0,0,22,0,
2025-10-18T22:12:14,28.21,7.90,627.6,13.03,340.0,0.0,1,1,22,0,
2025-10-18T22:12:16,27.09,7.94,696.0,13.96,275.2,0.0,0,0,22,0,
2025-10-18T22:12:18,28.84,7.87,683.9,10.62,394.4,2892.2,0,1,22,0,
2025-10-18T22:12:20,26.82,7.74,564.1,14.86,339.9,0.0,1,0,22,0,
2025-10-18T22:12:22,26.49,7.38,608.2,10.88,265.5,0.0,1,0,22,0,
2025-10-18T22:12:24,26.60,7.61,523.7,17.55,267.6,2837.0,0,1,22,0,
2025-10-18T22:12:26,28.10,7.56,534.2,16.21,270.4,352.8,0,1,22,0,
2025-10-18T22:12:28,27.98,8.01,550.5,21.95,266.6,0.0,1,0,22,0,
2025-10-18T22:12:30,28.83,7.82,510.4,15.48,251.1,0.0,0,0,22,0,
2025-10-18T22:12:32,28.13,7.74,606.6,11.81,225.7,0.0,0,1,22,0,
2025-10-18T22:12:34,27.58,7.48,611.8,11.96,279.8,829.9,1,1,22,0,
2025-10-18T22:12:36,26.11,7.58,647.4,17.56,192.1,342.8,0,1,22,0,
2025-10-18T22:12:38,27.51,7.75,645.3,17.70,284.0,333.5,0,1,22,0,
2025-10-18T22:12:40,28.73,7.62,616.2,13.03,323.3,0.0,0,0,22,0,
2025-10-18T22:12:42,26.65,7.70,637.1,16.19,338.4,0.0,0,1,22,0,
2025-10-18T22:12:44,28.73,7.79,665.6,15.75,236.8,0.0,0,1,22,0,
2025-10-18T22:12:46,27.71,7.39,640.7,12.23,220.4,0.0,0,0,22,0,
2025-10-18T22:12:48,28.37,7.65,558.4,11.22,271.7,0.0,1,1,22,0,
2025-10-18T22:12:50,27.32,7.56,640.7,16.40,340.2,145.8,0,1,22,0,
2025-10-18T22:12:52,27.76,7.97,605.6,10.79,232.1,0.0,0,0,22,0,
2025-10-18T22:12:54,26.49,7.26,549.7,17.27,207.9,0.0,0,1,22,0,
2025-10-18T22:12:56,27.99,7.81,627.4,9.81,273.2,820.4,0,0,22,0,
2025-10-18T22:12:58,28.59,7.58,599.4,15.06,336.7,489.1,1,1,22,0,
2025-10-18T22:13:00,29.53,7.94,675.1,10.51,486.4,0.0,0,1,22,0,
2025-10-18T22:13:02,29.06,7.74,528.1,16.07,310.1,0.0,0,0,22,0,
2025-10-18T22:13:04,27.21,7.66,591.6,17.94,227.8,0.0,1,0,22,0,
2025-10-18T22:13:06,27.08,8.13,662.4,10.34,234.1,460.7,1,0,22,0,
2025-10-18T22:13:08,26.71,7.80,730.2,14.56,225.2,0.0,1,1,22,0,
2025-10-18T22:13:10,27.65,7.38,631.0,12.31,159.9,0.0,0,0,22,0,
2025-10-18T22:13:12,29.35,8.03,587.9,13.13,317.9,1605.8,0,1,22,0,
2025-10-18T22:13:14,29.59,7.64,594.0,15.48,311.9,0.0,0,1,22,0,
2025-10-18T22:13:16,27.35,8.04,679.9,14.63,228.7,0.0,0,1,22,0,
2025-10-18T22:13:18,28.91,7.39,607.7,21.97,169.6,1783.8,0,0,22,0,
2025-10-18T22:13:20,27.44,7.82,407.2,7.33,248.9,171.7,0,1,22,0,
2025-10-18T22:13:22,26.53,7.58,568.7,15.98,312.0,2126.1,0,1,22,0,
2025-10-18T22:13:24,27.64,7.60,624.4,8.75,300.4,0.0,0,0,22,0,
2025-10-18T22:13:26,28.64,7.63,708.5,16.09,186.3,0.0,0,1,22,0,
2025-10-18T22:13:28,26.62,7.62,615.6,10.95,262.1,0.0,0,0,22,0,
2025-10-18T22:13:30,26.87,7.92,547.5,8.68,345.3,0.0,1,1,22,0,
2025-10-18T22:13:32,27.30,7.33,641.2,14.22,350.6,944.1,0,0,22,0,
2025-10-18T22:13:34,27.58,7.45,708.8,18.29,321.5,0.0,0,0,22,0,
2025-10-18T22:13:36,29.14,7.76,609.7,18.73,321.3,1485.4,0,0,22,0,
2025-10-18T22:13:38,27.78,7.73,695.0,10.97,287.0,3207.5,1,1,22,0,
2025-10-18T22:13:40,27.58,7.81,754.3,15.43,347.3,0.0,1,1,22,0,
2025-10-18T22:13:42,26.92,7.88,580.7,11.78,279.9,2824.8,1,1,22,0,
2025-10-18T22:13:44,26.94,7.68,545.6,12.72,326.0,66.2,0,0,22,0,
2025-10-18T22:13:46,27.42,7.92,582.6,8.92,351.6,699.9,0,0,22,0,
2025-10-18T22:13:48,27.24,8.01,577.0,12.68,229.9,0.0,0,0,22,0,
2025-10-18T22:13:50,26.67,7.34,523.2,8.76,251.3,0.0,0,0,22,0,
2025-10-18T22:13:52,27.56,7.57,595.5,21.37,293.2,785.5,0,0,22,0,
2025-10-18T22:13:54,25.65,7.57,654.1,12.30,308.5,0.0,0,0,22,0,
2025-10-18T22:13:56,27.36,7.74,665.5,14.49,386.7,0.0,0,0,22,0,
2025-10-18T22:13:58,29.19,7.59,545.7,20.28,348.0,271.7,0,0,22,0,
2025-10-18T22:14:00,27.04,7.43,701.0,6.47,311.2,763.1,1,0,22,0,
2025-10-18T22:14:02,25.75,7.49,632.5,16.42,333.9,0.0,1,1,22,0,
2025-10-18T22:14:04,28.99,8.03,600.7,19.39,374.1,1797.3,1,1,22,0,
2025-10-18T22:14:06,26.89,7.37,696.8,13.61,278.5,0.0,0,1,22,0,
2025-10-18T22:14:08,26.68,7.67,645.2,14.69,239.1,1221.3,0,0,22,0,
2025-10-18T22:14:10,28.71,7.84,442.3,11.96,245.0,1214.5,1,1,22,0,
2025-10-18T22:14:12,28.17,7.48,575.7,10.11,270.6,0.0,0,1,22,0,
2025-10-18T22:14:14,28.42,7.84,736.3,17.85,290.2,1061.4,0,1,22,0,
2025-10-18T22:14:16,28.76,8.00,766.4,15.14,297.8,702.9,1,1,22,0,
2025-10-18T22:14:18,27.49,7.62,751.1,15.66,283.7,1354.8,1,1,22,0,
2025-10-18T22:14:20,27.54,7.42,625.8,10.45,291.6,0.0,1,1,22,0,
2025-10-18T22:14:22,27.85,7.64,657.1,7.14,219.7,0.0,0,1,22,0,
2025-10-18T22:14:24,26.70,7.69,596.2,10.73,298.1,0.0,1,0,22,0,
2025-10-18T22:14:26,28.26,7.72,568.8,11.26,199.1,4150.6,0,1,22,0,
2025-10-18T22:14:28,27.28,7.60,587.1,7.53,225.1,0.0,0,1,22,0,
2025-10-18T22:14:30,26.98,7.70,587.2,18.73,258.8,435.2,0,0,22,0,
2025-10-18T22:14:32,27.24,7.74,651.1,14.31,292.0,0.0,1,0,22,0,
2025-10-18T22:14:34,28.03,7.42,551.0,12.34,266.5,747.2,1,0,22,0,
2025-10-18T22:14:36,27.60,7.26,594.7,4.66,238.7,0.0,0,1,22,0,
2025-10-18T22:14:38,27.25,7.54,733.2,19.86,217.2,1875.5,0,0,22,0,
2025-10-18T22:14:40,28.97,7.21,668.2,9.99,272.1,0.0,0,0,22,0,
2025-10-18T22:14:42,27.54,7.79,610.4,11.71,276.7,250.9,0,0,22,0,
2025-10-18T22:14:44,27.20,7.72,616.3,14.26,279.1,0.0,0,1,22,0,
2025-10-18T22:14:46,26.61,7.89,643.2,9.89,295.6,354.2,1,0,22,0,
2025-10-18T22:14:48,27.27,7.52,585.6,11.08,238.9,518.3,0,1,22,0,
2025-10-18T22:14:50,26.94,7.73,592.9,10.84,271.7,0.0,1,0,22,0,
2025-10-18T22:14:52,28.36,7.67,637.2,17.11,278.3,1367.8,1,0,22,0,
2025-10-18T22:14:54,28.00,7.83,604.3,10.49,329.8,0.0,1,0,22,0,
2025-10-18T22:14:56,27.77,7.67,750.6,11.22,216.2,0.0,0,1,22,0,
2025-10-18T22:14:58,27.74,7.69,571.0,21.41,203.4,0.0,0,1,22,0,
2025-10-18T22:15:00,27.98,7.54,555.7,12.42,242.4,855.0,1,1,22,0,
2025-10-18T22:15:02,28.13,7.87,691.1,18.14,322.3,0.0,0,0,22,0,
2025-10-18T22:15:04,27.86,7.53,656.1,17.11,205.6,0.0,0,1,22,0,
2025-10-18T22:15:06,27.75,7.43,631.3,8.25,161.5,1123.3,0,0,22,0,
2025-10-18T22:15:08,26.32,7.38,600.1,13.36,334.0,749.3,1,1,22,0,
2025-10-18T22:15:10,28.60,7.74,599.6,19.07,377.3,1044.7,1,0,22,0,
2025-10-18T22:15:12,28.36,7.44,550.1,14.80,188.2,0.0,0,1,22,0,
2025-10-18T22:15:14,28.08,7.39,593.4,19.09,291.5,526.4,1,0,22,0,
2025-10-18T22:15:16,26.81,7.92,584.9,14.93,280.8,1622.3,0,1,22,0,
2025-10-18T22:15:18,28.07,7.82,613.3,19.01,240.9,1725.9,0,0,22,0,
2025-10-18T22:15:20,27.97,7.70,603.1,12.05,266.8,0.0,0,0,22,0,
2025-10-18T22:15:22,27.00,7.89,669.0,17.88,363.4,0.0,1,0,22,0,
2025-10-18T22:15:24,28.32,7.59,539.4,19.96,311.7,0.0,0,0,22,0,
2025-10-18T22:15:26,27.17,7.44,583.4,11.67,246.3,1134.0,1,1,22,0,
2025-10-18T22:15:28,28.58,7.59,633.6,17.15,373.9,1378.7,1,0,22,0,
2025-10-18T22:15:30,28.55,7.30,689.7,15.85,283.0,0.0,1,1,22,0,
2025-10-18T22:15:32,28.36,7.36,643.3,12.76,227.7,669.7,0,1,22,0,
2025-10-18T22:15:34,26.91,7.72,627.3,10.63,233.7,0.0,0,1,22,0,
2025-10-18T22:15:36,28.04,7.50,818.9,11.24,236.5,391.6,1,1,22,0,
2025-10-18T22:15:38,29.22,7.58,640.1,12.93,280.0,2124.4,0,0,22,0,
2025-10-18T22:15:40,28.99,7.89,662.0,12.36,283.6,0.0,0,1,22,0,
2025-10-18T22:15:42,25.59,7.85,641.4,19.31,272.5,383.9,1,1,22,0,
2025-10-18T22:15:44,27.86,8.30,616.2,15.68,375.4,0.0,0,0,22,0,
2025-10-18T22:15:46,28.08,7.79,679.9,9.59,335.3,1796.2,0,1,22,0,
2025-10-18T22:15:48,28.21,7.73,672.9,10.66,270.4,0.0,1,1,22,0,
2025-10-18T22:15:50,27.51,7.72,519.0,18.43,254.3,300.7,0,0,22,0,
2025-10-18T22:15:52,28.68,7.68,630.0,17.22,211.4,951.7,1,1,22,0,
2025-10-18T22:15:54,27.40,7.59,653.9,14.76,215.4,0.0,0,0,22,0,
2025-10-18T22:15:56,26.82,7.80,498.3,6.52,279.8,373.3,0,1,22,0,
2025-10-18T22:15:58,27.46,7.38,643.4,8.54,271.8,486.2,0,0,22,0,
2025-10-18T22:16:00,28.31,7.97,522.7,16.36,212.0,0.0,1,0,22,0,
2025-10-18T22:16:02,26.88,7.70,672.9,15.73,403.6,968.1,0,0,22,0,
2025-10-18T22:16:04,26.94,7.62,628.9,12.40,220.3,2028.8,0,1,22,0,
2025-10-18T22:16:06,28.21,7.80,716.7,10.78,322.9,0.0,0,1,22,0,
2025-10-18T22:16:08,25.56,7.67,503.1,14.13,276.8,0.0,0,0,22,0,
2025-10-18T22:16:10,26.84,7.61,718.2,17.84,254.0,1903.4,0,0,22,0,
2025-10-18T22:16:12,27.44,7.71,672.7,12.28,324.1,107.0,0,0,22,0,
2025-10-18T22:16:14,28.74,7.79,545.8,20.44,221.7,0.0,1,0,22,0,
2025-10-18T22:16:16,27.65,7.61,738.9,17.85,243.9,1144.1,0,0,22,0,
2025-10-18T22:16:18,26.65,7.22,545.6,19.89,219.6,0.0,1,0,22,0,
2025-10-18T22:16:20,27.60,7.76,620.6,10.32,226.4,1292.2,1,1,22,0,
2025-10-18T22:16:22,24.75,7.88,593.4,23.69,251.9,159.6,0,1,22,0,
2025-10-18T22:16:24,28.39,7.53,718.2,18.17,307.3,0.0,1,1,22,0,
2025-10-18T22:16:26,25.77,7.55,693.7,9.93,350.3,0.0,0,1,22,0,
2025-10-18T22:16:28,28.04,7.75,707.5,20.42,348.9,412.5,1,0,22,0,
2025-10-18T22:16:30,26.43,7.57,679.6,16.77,367.6,114.3,0,0,22,0,
2025-10-18T22:16:32,27.76,7.59,726.9,14.01,201.0,773.5,1,0,22,0,
2025-10-18T22:16:34,27.84,7.38,703.6,24.48,169.8,1384.3,1,1,22,0,
2025-10-18T22:16:36,27.91,7.76,579.5,20.64,205.8,2862.0,0,0,22,0,
2025-10-18T22:16:38,27.60,7.94,593.6,14.35,257.9,1754.5,0,1,22,0,
2025-10-18T22:16:40,28.09,7.62,567.3,9.63,196.5,0.0,0,0,22,0,
2025-10-18T22:16:42,27.87,7.67,570.1,10.93,225.4,0.0,0,0,22,0,
2025-10-18T22:16:44,26.34,7.66,584.7,24.71,181.2,390.6,0,1,22,0,
2025-10-18T22:16:46,27.88,7.69,553.2,16.71,301.4,1953.3,1,0,22,0,
2025-10-18T22:16:48,27.42,7.26,664.6,14.67,231.5,1426.5,1,1,22,0,
2025-10-18T22:16:50,27.53,7.81,675.6,16.89,223.2,1407.6,1,0,22,0,
2025-10-18T22:16:52,28.03,7.81,574.5,13.38,285.3,0.0,0,1,22,0,
2025-10-18T22:16:54,27.53,7.70,706.2,13.40,317.4,0.0,1,1,22,0,
2025-10-18T22:16:56,25.74,7.67,583.3,11.28,176.2,0.0,0,0,22,0,
2025-10-18T22:16:58,27.38,7.32,580.9,18.02,247.3,0.0,0,1,22,0,
2025-10-18T22:17:00,26.07,7.65,588.9,26.82,268.3,0.0,0,1,22,0,
2025-10-18T22:17:02,27.83,7.49,736.9,12.49,300.6,1705.3,0,1,22,0,
2025-10-18T22:17:04,28.13,7.80,551.7,15.73,228.0,0.0,1,0,22,0,
2025-10-18T22:17:06,29.04,8.18,624.0,11.63,226.7,2370.5,0,0,22,0,
2025-10-18T22:17:08,27.09,8.01,557.1,19.41,352.2,0.0,0,0,22,0,
2025-10-18T22:17:10,27.52,7.62,447.4,16.66,299.5,0.0,0,0,22,0,
2025-10-18T22:17:12,27.12,7.60,560.9,10.97,296.9,0.0,0,1,22,0,
2025-10-18T22:17:14,28.01,7.63,688.3,15.41,328.9,1865.9,0,0,22,0,
2025-10-18T22:17:16,29.20,7.47,625.8,13.57,304.2,848.0,1,0,22,0,
2025-10-18T22:17:18,26.83,7.63,699.7,22.81,251.8,1215.2,0,0,22,0,
2025-10-18T22:17:20,26.74,7.42,592.8,13.33,281.5,1908.8,1,0,22,0,
2025-10-18T22:17:22,27.38,7.82,657.0,21.03,259.2,1303.4,0,0,22,0,
2025-10-18T22:17:24,27.53,7.76,597.6,11.50,380.8,0.0,0,0,22,0,
2025-10-18T22:17:26,27.41,7.82,613.6,11.40,240.4,501.7,0,1,22,0,
2025-10-18T22:17:28,25.57,7.55,615.4,12.95,225.4,0.0,1,0,22,0,
2025-10-18T22:17:30,26.34,7.60,696.4,16.34,274.8,0.0,0,1,22,0,
2025-10-18T22:17:32,25.63,7.52,491.5,20.16,325.2,0.0,1,0,22,0,
2025-10-18T22:17:34,27.04,7.92,653.4,14.05,219.2,0.0,0,0,22,0,
2025-10-18T22:17:36,28.08,7.60,660.1,13.32,444.9,0.0,1,1,22,0,
2025-10-18T22:17:38,29.72,7.46,756.0,11.33,351.1,225.6,1,0,22,0,
2025-10-18T22:17:40,27.02,8.25,549.3,13.75,379.4,0.0,0,1,22,0,
2025-10-18T22:17:42,28.01,7.74,575.8,15.79,315.1,2225.6,0,0,22,0,
2025-10-18T22:17:44,27.63,7.54,720.3,8.30,310.8,0.0,1,0,22,0,
2025-10-18T22:17:46,27.80,7.76,604.4,17.70,277.3,1143.7,0,0,22,0,
2025-10-18T22:17:48,27.14,7.96,729.7,15.42,273.1,0.0,1,1,22,0,
2025-10-18T22:17:50,26.72,7.79,714.3,11.18,269.7,769.0,0,1,22,0,
2025-10-18T22:17:52,27.12,7.57,655.0,16.72,278.9,0.0,0,1,22,0,
2025-10-18T22:17:54,26.50,7.71,602.7,12.59,281.5,2466.9,0,1,22,0,
2025-10-18T22:17:56,26.27,7.76,707.6,17.43,344.1,787.2,0,0,22,0,
2025-10-18T22:17:58,28.07,7.80,593.5,14.75,300.1,1899.8,1,1,22,0,
2025-10-18T22:18:00,27.96,7.45,550.9,14.63,337.3,673.5,0,0,22,0,
2025-10-18T22:18:02,26.28,7.88,625.6,9.75,328.5,481.3,1,0,22,0,
2025-10-18T22:18:04,27.91,7.63,644.3,14.59,200.9,1418.5,0,0,22,0,
2025-10-18T22:18:06,27.03,7.49,696.7,14.82,361.8,0.0,1,0,22,0,
2025-10-18T22:18:08,27.01,7.45,591.1,11.96,309.7,1685.4,0,0,22,0,
2025-10-18T22:18:10,27.61,7.68,686.3,15.48,248.1,0.0,0,0,22,0,
2025-10-18T22:18:12,27.61,7.84,601.6,24.29,275.8,0.0,0,1,22,0,
2025-10-18T22:18:14,27.79,7.25,675.3,15.27,291.6,336.7,0,0,22,0,
2025-10-18T22:18:16,29.01,7.76,586.2,16.68,302.4,2856.3,1,1,22,0,
2025-10-18T22:18:18,27.20,8.02,620.9,11.52,212.9,0.0,1,1,22,0,
2025-10-18T22:18:20,28.42,7.89,638.7,18.33,404.3,1394.4,0,0,22,0,
2025-10-18T22:18:22,26.93,7.51,440.6,15.29,356.6,0.0,0,1,22,0,
2025-10-18T22:18:24,27.16,7.72,544.3,19.70,174.5,571.1,1,0,22,0,
2025-10-18T22:18:26,28.29,7.24,458.4,10.99,252.4,0.0,1,1,22,0,
2025-10-18T22:18:28,26.37,7.30,645.7,13.56,274.3,0.0,1,0,22,0,
2025-10-18T22:18:30,26.14,7.41,672.9,21.27,268.7,0.0,0,0,22,0,
2025-10-18T22:18:32,26.48,8.10,791.9,15.91,306.7,0.0,0,1,22,0,
2025-10-18T22:18:34,27.66,7.93,671.8,23.52,190.0,0.0,1,1,22,0,
2025-10-18T22:18:36,27.16,7.78,546.2,14.62,406.3,2413.7,0,0,22,0,
2025-10-18T22:18:38,28.34,7.56,550.8,17.65,285.5,893.6,1,0,22,0,
2025-10-18T22:18:40,26.78,7.56,664.0,17.93,204.2,1936.2,0,0,22,0,
2025-10-18T22:18:42,27.32,7.52,707.3,5.61,239.8,0.0,1,0,22,0,
2025-10-18T22:18:44,28.30,7.94,472.3,15.65,203.9,0.0,1,1,22,0,
2025-10-18T22:18:46,28.84,7.26,569.5,9.08,189.9,1528.1,1,0,22,0,
2025-10-18T22:18:48,28.67,7.67,560.1,18.97,242.0,0.0,0,1,22,0,
2025-10-18T22:18:50,28.74,7.67,713.7,15.37,256.5,3929.6,1,0,22,0,
2025-10-18T22:18:52,26.85,7.34,656.1,13.98,305.7,572.3,1,1,22,0,
2025-10-18T22:18:54,27.88,7.52,574.1,17.33,221.0,1125.7,0,1,22,0,
2025-10-18T22:18:56,26.90,7.30,549.3,8.50,281.5,0.0,1,0,22,0,
2025-10-18T22:18:58,27.72,7.67,667.1,19.15,191.8,1109.4,0,0,22,0,
2025-10-18T22:19:00,28.51,7.80,674.5,15.73,357.7,0.0,0,1,22,0,
2025-10-18T22:19:02,29.43,7.87,700.7,11.95,403.7,780.5,1,0,22,0,
2025-10-18T22:19:04,26.32,7.49,611.6,11.08,309.0,507.5,1,0,22,0,
2025-10-18T22:19:06,26.13,7.93,570.3,20.85,384.8,3342.2,0,1,22,0,
2025-10-18T22:19:08,27.90,7.65,504.6,17.94,229.3,2138.8,0,1,22,0,
2025-10-18T22:19:10,27.63,7.61,596.0,27.39,228.5,197.5,0,1,22,0,
2025-10-18T22:19:12,27.03,7.39,711.4,17.85,305.8,0.0,1,1,22,0,
2025-10-18T22:19:14,27.30,7.38,624.0,11.52,284.4,208.7,1,1,22,0,
2025-10-18T22:19:16,27.54,7.77,657.3,19.03,227.0,0.0,1,1,22,0,
2025-10-18T22:19:18,28.61,7.81,596.9,18.52,265.8,1459.2,1,0,22,0,
2025-10-18T22:19:20,29.66,7.35,589.6,13.93,258.0,641.4,1,1,22,0,
2025-10-18T22:19:22,28.49,7.74,557.1,17.19,317.1,615.4,1,0,22,0,
2025-10-18T22:19:24,27.11,7.59,674.7,17.12,326.9,0.0,0,0,22,0,
2025-10-18T22:19:26,27.21,7.82,683.5,7.74,309.4,0.0,1,0,22,0,
2025-10-18T22:19:28,27.84,7.83,807.7,12.68,258.2,2204.6,0,0,22,0,
2025-10-18T22:19:30,27.64,7.85,656.4,11.35,333.5,1303.2,0,1,22,0,
2025-10-18T22:19:32,27.13,7.43,702.5,13.70,264.7,0.0,1,0,22,0,
2025-10-18T22:19:34,28.27,7.34,558.7,17.54,252.6,0.0,0,0,22,0,
2025-10-18T22:19:36,27.69,7.58,707.8,14.73,226.9,1091.3,0,0,22,0,
2025-10-18T22:19:38,26.07,7.56,533.5,21.57,203.7,0.0,1,0,22,0,
2025-10-18T22:19:40,27.14,7.50,615.3,14.04,362.3,0.0,1,0,22,0,
2025-10-18T22:19:42,28.53,7.61,682.0,15.20,213.6,6.5,0,0,22,0,
2025-10-18T22:19:44,26.75,7.73,641.1,9.72,229.4,116.2,1,1,22,0,
2025-10-18T22:19:46,25.61,7.92,752.1,21.34,309.9,1060.8,0,1,22,0,
2025-10-18T22:19:48,26.58,7.68,527.9,17.34,260.5,1193.9,0,1,22,0,
2025-10-18T22:19:50,28.36,7.43,609.5,12.85,320.9,14.3,1,1,22,0,
2025-10-18T22:19:52,25.49,7.47,636.1,19.05,311.5,1955.1,0,1,22,0,
2025-10-18T22:19:54,27.15,7.57,569.9,12.83,269.5,0.0,0,0,22,0,
2025-10-18T22:19:56,27.99,7.70,659.2,13.15,252.0,1495.3,1,0,22,0,
2025-10-18T22:19:58,26.33,7.61,549.1,11.85,236.6,0.0,0,0,22,0,
2025-10-18T22:20:00,28.15,7.37,599.6,20.28,305.4,501.2,1,1,22,0,
2025-10-18T22:20:02,28.17,7.94,555.3,14.72,315.0,1169.5,1,0,22,0,
2025-10-18T22:20:04,27.15,7.39,717.1,15.00,249.8,170.1,1,1,22,0,
2025-10-18T22:20:06,28.40,7.72,665.9,15.13,336.5,0.0,0,1,22,0,
2025-10-18T22:20:08,27.23,7.47,671.4,11.09,292.0,294.0,0,1,22,0,
2025-10-18T22:20:10,27.43,7.91,666.0,18.85,275.6,0.0,0,1,22,0,
2025-10-18T22:20:12,28.77,7.89,657.7,11.57,287.1,0.0,0,1,22,0,
2025-10-18T22:20:14,28.02,7.65,684.3,9.15,218.0,5224.8,0,1,22,0,
2025-10-18T22:20:16,27.99,7.46,748.9,14.74,288.2,2665.7,0,1,22,0,
2025-10-18T22:20:18,27.29,7.39,647.3,16.89,290.1,1038.2,1,1,22,0,
2025-10-18T22:20:20,27.38,7.90,579.2,20.59,269.4,1190.7,0,0,22,0,
2025-10-18T22:20:22,27.43,7.58,747.5,13.37,430.1,0.0,0,1,22,0,
2025-10-18T22:20:24,28.05,7.55,596.4,7.71,285.9,0.0,0,0,22,0,
2025-10-18T22:20:26,27.49,7.87,533.3,16.68,297.7,0.0,0,1,22,0,
2025-10-18T22:20:28,28.40,7.59,687.3,13.90,374.9,157.5,0,0,22,0,
2025-10-18T22:20:30,26.32,7.74,612.1,16.13,242.3,0.0,0,1,22,0,
2025-10-18T22:20:32,27.40,8.03,579.8,19.48,222.0,0.0,1,0,22,0,
2025-10-18T22:20:34,27.99,7.69,644.4,10.66,357.2,2065.3,0,1,22,0,
2025-10-18T22:20:36,28.18,7.62,614.0,13.03,261.0,0.0,0,1,22,0,
2025-10-18T22:20:38,27.21,7.53,523.0,21.24,308.0,1333.1,1,0,22,0,
2025-10-18T22:20:40,27.73,7.95,627.1,14.82,251.0,228.5,1,0,22,0,
2025-10-18T22:20:42,28.99,7.68,713.3,4.13,254.1,469.6,1,1,22,0,
2025-10-18T22:20:44,27.55,7.57,572.0,22.61,341.7,1950.9,0,1,22,0,
2025-10-18T22:20:46,28.10,7.66,619.0,14.90,245.2,0.0,0,0,22,0,
2025-10-18T22:20:48,28.14,7.83,574.1,7.69,301.6,453.8,0,0,22,0,
2025-10-18T22:20:50,25.87,8.00,612.9,17.02,276.1,699.0,0,0,22,0,
2025-10-18T22:20:52,26.38,7.44,578.4,7.77,254.6,0.0,0,1,22,0,
2025-10-18T22:20:54,27.59,7.49,768.8,17.87,341.7,0.0,1,1,22,0,
2025-10-18T22:20:56,26.68,7.52,832.1,13.36,306.8,0.0,0,0,22,0,
2025-10-18T22:20:58,26.70,7.89,641.9,5.09,281.3,0.0,1,1,22,0,
2025-10-18T22:21:00,27.91,7.68,648.3,10.39,235.2,0.0,0,0,22,0,
2025-10-18T22:21:02,28.57,7.78,585.9,12.85,255.8,1678.1,1,0,22,0,
2025-10-18T22:21:04,26.73,7.61,539.8,9.33,271.5,0.0,0,0,22,0,
2025-10-18T22:21:06,27.78,7.60,692.0,17.20,207.9,674.0,1,0,22,0,
2025-10-18T22:21:08,27.57,7.56,599.5,9.00,350.1,3087.1,0,0,22,0,
2025-10-18T22:21:10,27.50,7.54,713.2,19.99,266.5,3019.8,0,1,22,0,
2025-10-18T22:21:12,27.85,7.51,729.7,17.47,260.5,0.0,0,1,22,0,
2025-10-18T22:21:14,26.44,7.66,591.8,17.27,337.3,1221.7,0,1,22,0,
2025-10-18T22:21:16,27.33,7.66,662.2,12.73,226.8,362.8,1,0,22,0,
2025-10-18T22:21:18,28.31,7.46,726.6,11.62,237.6,718.7,0,0,22,0,
2025-10-18T22:21:20,27.55,7.74,570.4,18.39,308.2,0.0,0,0,22,0,
2025-10-18T22:21:22,27.93,7.64,572.4,15.71,307.5,0.0,0,1,22,0,
2025-10-18T22:21:24,27.95,7.91,595.5,20.27,208.3,541.1,0,0,22,0,
2025-10-18T22:21:26,28.25,8.06,631.5,12.01,336.5,177.6,1,1,22,0,
2025-10-18T22:21:28,28.58,7.31,631.6,14.93,221.2,0.0,0,1,22,0,
2025-10-18T22:21:30,26.95,7.63,603.4,15.07,366.7,77.8,1,0,22,0,
2025-10-18T22:21:32,28.47,7.51,607.5,11.32,302.9,26.1,1,1,22,0,
2025-10-18T22:21:34,27.75,7.59,559.9,13.23,319.4,0.0,1,1,22,0,
2025-10-18T22:21:36,28.04,7.37,622.4,11.51,277.0,666.4,1,0,22,0,
2025-10-18T22:21:38,27.15,7.60,668.2,18.85,223.3,1081.4,0,1,22,0,
2025-10-18T22:21:40,27.35,7.81,657.9,16.60,239.8,0.0,0,1,22,0,
2025-10-18T22:21:42,28.01,7.51,672.4,16.64,239.3,1443.0,0,1,22,0,
2025-10-18T22:21:44,27.83,7.66,564.6,17.48,279.5,0.0,0,0,22,0,
2025-10-18T22:21:46,27.69,7.68,724.4,5.04,349.8,2029.3,1,0,22,0,
2025-10-18T22:21:48,26.87,7.45,620.9,22.31,299.9,189.8,0,1,22,0,
2025-10-18T22:21:50,28.95,7.97,658.0,11.85,339.0,532.6,1,0,22,0,
2025-10-18T22:21:52,27.99,7.48,732.3,16.12,297.8,981.1,1,1,22,0,
2025-10-18T22:21:54,27.78,7.62,589.5,12.95,264.2,1505.2,0,1,22,0,
2025-10-18T22:21:56,27.51,7.77,673.4,22.90,203.4,0.0,0,0,22,0,
2025-10-18T22:21:58,29.17,7.64,572.4,18.88,159.1,417.1,0,1,22,0,
2025-10-18T22:22:00,27.94,7.82,656.8,23.35,283.4,0.0,0,1,22,0,
2025-10-18T22:22:02,27.98,6.87,659.7,14.70,256.1,0.0,0,0,22,0,
2025-10-18T22:22:04,30.43,7.89,653.9,22.60,295.1,0.0,0,0,22,0,
2025-10-18T22:22:06,28.14,7.90,665.4,9.20,291.3,0.0,0,0,22,0,
2025-10-18T22:22:08,26.53,7.56,706.8,26.01,327.1,0.0,1,1,22,0,
2025-10-18T22:22:10,28.15,7.74,644.7,19.80,403.0,133.4,1,1,22,0,
2025-10-18T22:22:12,27.18,7.22,662.6,12.07,352.4,375.4,0,0,22,0,
2025-10-18T22:22:14,28.62,7.33,693.6,14.05,331.6,0.0,1,1,22,0,
2025-10-18T22:22:16,27.94,7.75,745.6,12.75,357.2,0.0,1,0,22,0,
2025-10-18T22:22:18,26.88,7.23,639.5,12.23,251.0,0.0,1,0,22,0,
2025-10-18T22:22:20,28.61,7.89,789.8,11.92,142.7,2953.0,0,1,22,0,
2025-10-18T22:22:22,25.98,7.39,676.4,14.43,161.6,0.0,1,0,22,0,
2025-10-18T22:22:24,27.79,8.23,699.9,22.24,353.3,1283.7,0,0,22,0,
2025-10-18T22:22:26,26.93,7.71,628.1,16.50,278.9,788.9,1,1,22,0,
2025-10-18T22:22:28,27.34,7.14,689.1,11.91,230.0,1334.8,1,1,22,0,
2025-10-18T22:22:30,28.46,7.44,612.0,12.80,375.1,1329.3,1,1,22,0,
2025-10-18T22:22:32,27.94,7.64,660.7,18.40,272.2,0.0,0,1,22,0,
2025-10-18T22:22:34,26.57,7.51,610.5,15.11,310.9,0.0,0,1,22,0,
2025-10-18T22:22:36,28.09,7.74,667.8,20.75,264.4,0.0,1,1,22,0,
2025-10-18T22:22:38,27.62,7.72,507.4,11.66,309.6,1208.9,0,1,22,0,
2025-10-18T22:22:40,26.96,7.43,633.0,15.87,301.8,1142.1,1,0,22,0,
2025-10-18T22:22:42,27.28,7.85,525.3,15.40,337.9,1070.8,1,0,22,0,
2025-10-18T22:22:44,26.93,7.82,621.5,19.46,286.5,1214.9,1,0,22,0,
2025-10-18T22:22:46,27.41,7.59,579.4,19.15,352.2,0.0,0,0,22,0,
2025-10-18T22:22:48,27.99,7.47,490.9,13.22,167.8,575.6,0,1,22,0,
2025-10-18T22:22:50,28.77,7.48,477.6,14.89,305.8,0.0,0,1,22,0,
2025-10-18T22:22:52,27.63,7.54,814.4,13.95,290.3,0.0,0,0,22,0,
2025-10-18T22:22:54,24.76,7.93,535.5,9.56,274.0,3194.3,0,1,22,0,
2025-10-18T22:22:56,26.91,7.79,602.1,17.86,172.0,859.8,0,0,22,0,
2025-10-18T22:22:58,26.67,7.63,593.9,16.16,201.1,0.0,0,0,22,0,
2025-10-18T22:23:00,27.22,7.62,608.5,19.83,248.5,1316.9,1,1,22,0,
2025-10-18T22:23:02,27.41,7.63,621.8,17.20,214.4,0.0,1,0,22,0,
2025-10-18T22:23:04,27.28,7.79,623.8,5.99,288.9,0.0,0,1,22,0,
2025-10-18T22:23:06,27.40,7.89,617.4,13.28,300.1,0.0,0,1,22,0,
2025-10-18T22:23:08,27.93,7.52,540.7,17.88,294.4,1012.4,0,0,22,0,
2025-10-18T22:23:10,27.71,7.26,664.4,10.66,305.7,1136.3,0,1,22,0,
2025-10-18T22:23:12,28.70,7.33,673.1,15.47,332.1,0.0,1,1,22,0,
2025-10-18T22:23:14,28.82,7.51,608.4,22.37,201.9,56.0,1,1,22,0,
2025-10-18T22:23:16,26.76,7.85,690.2,22.26,236.4,0.0,1,0,22,0,
2025-10-18T22:23:18,27.59,7.35,612.9,18.86,317.3,1678.1,0,0,22,0,
2025-10-18T22:23:20,26.79,7.42,619.4,19.08,375.0,426.3,0,1,22,0,
2025-10-18T22:23:22,28.70,7.51,620.7,14.69,278.5,2651.5,1,0,22,0,
2025-10-18T22:23:24,27.01,7.50,581.7,17.59,279.2,1689.7,0,0,22,0,
2025-10-18T22:23:26,27.27,7.72,525.1,14.57,309.5,0.0,0,0,22,0,
2025-10-18T22:23:28,27.47,7.75,820.3,19.66,210.6,0.0,1,0,22,0,
2025-10-18T22:23:30,28.19,7.55,698.1,20.51,360.4,0.0,0,0,22,0,
2025-10-18T22:23:32,26.88,7.40,609.7,9.26,322.6,102.7,0,1,22,0,
2025-10-18T22:23:34,28.98,7.73,587.1,13.86,274.3,0.0,0,0,22,0,
2025-10-18T22:23:36,28.72,7.49,492.9,14.64,340.7,0.0,1,1,22,0,
2025-10-18T22:23:38,28.08,7.77,670.6,8.66,313.9,2048.5,1,1,22,0,
2025-10-18T22:23:40,26.69,7.92,584.7,21.60,259.1,1068.9,1,0,22,0,
2025-10-18T22:23:42,25.83,7.73,482.4,10.18,384.1,1391.2,0,0,22,0,
2025-10-18T22:23:44,27.04,7.77,757.5,17.62,303.9,831.3,0,0,22,0,
2025-10-18T22:23:46,28.43,7.54,583.0,20.80,291.5,0.0,0,1,22,0,
2025-10-18T22:23:48,27.54,7.65,610.6,21.70,325.8,2196.2,0,0,22,0,
2025-10-18T22:23:50,28.66,7.81,580.4,11.98,332.8,0.0,1,1,22,0,
2025-10-18T22:23:52,27.49,7.68,569.9,21.80,310.1,2079.1,0,1,22,0,
2025-10-18T22:23:54,27.31,7.49,675.5,17.85,251.8,0.0,0,1,22,0,
2025-10-18T22:23:56,27.23,7.97,575.7,12.93,417.8,0.0,1,0,22,0,
2025-10-18T22:23:58,27.23,7.76,776.4,12.13,247.5,695.1,0,1,22,0,
2025-10-18T22:24:00,27.48,7.39,660.6,18.34,271.1,0.0,0,1,22,0,
2025-10-18T22:24:02,27.32,7.65,731.0,14.80,273.7,0.0,0,1,22,0,
2025-10-18T22:24:04,26.77,7.83,588.2,15.37,253.8,0.0,1,0,22,0,
2025-10-18T22:24:06,27.23,7.52,598.0,13.66,292.6,0.0,0,1,22,0,
2025-10-18T22:24:08,27.92,7.72,642.8,17.53,274.5,1818.1,1,0,22,0,
2025-10-18T22:24:10,27.53,7.71,580.2,15.06,325.0,0.0,1,0,22,0,
2025-10-18T22:24:12,29.02,7.45,608.6,13.01,335.6,1018.9,0,1,22,0,
2025-10-18T22:24:14,27.58,7.80,686.5,14.76,255.4,262.9,1,1,22,0,
2025-10-18T22:24:16,27.19,8.01,584.0,21.05,356.7,1446.0,1,0,22,0,
2025-10-18T22:24:18,27.31,7.56,581.0,18.35,198.6,0.0,1,0,22,0,
2025-10-18T22:24:20,27.97,7.84,682.2,14.25,199.2,1916.3,0,0,22,0,
2025-10-18T22:24:22,27.73,7.57,619.9,13.69,310.3,0.0,0,0,22,0,
2025-10-18T22:24:24,28.04,7.37,656.6,18.55,271.6,382.8,0,0,22,0,
2025-10-18T22:24:26,28.07,7.64,658.1,14.06,265.7,347.2,1,1,22,0,
2025-10-18T22:24:28,27.22,7.37,638.1,9.79,140.6,0.0,0,1,22,0,
2025-10-18T22:24:30,26.22,7.62,713.2,18.32,280.5,1409.6,0,1,22,0,
2025-10-18T22:24:32,28.21,7.44,651.4,14.90,260.0,0.0,0,0,22,0,
2025-10-18T22:24:34,27.84,7.60,576.1,15.16,297.4,36.1,1,0,22,0,
2025-10-18T22:24:36,27.06,7.74,506.3,16.83,177.3,1003.9,0,1,22,0,
2025-10-18T22:24:38,26.29,7.66,685.7,17.48,279.1,110.9,1,0,22,0,
2025-10-18T22:24:40,27.04,7.54,580.4,14.86,216.2,0.0,1,1,22,0,
2025-10-18T22:24:42,27.77,7.88,537.5,12.95,200.7,464.2,0,1,22,0,
2025-10-18T22:24:44,27.64,7.52,556.5,21.32,324.6,0.0,0,0,22,0,
2025-10-18T22:24:46,28.12,7.69,698.6,19.91,275.3,0.0,0,1,22,0,
2025-10-18T22:24:48,28.41,7.58,510.3,16.86,274.6,0.0,0,0,22,0,
2025-10-18T22:24:50,28.23,7.43,638.6,10.67,205.2,0.0,1,1,22,0,
2025-10-18T22:24:52,27.32,7.65,750.8,11.98,214.8,298.6,0,1,22,0,
2025-10-18T22:24:54,26.32,7.51,676.0,17.86,188.1,0.0,0,1,22,0,
2025-10-18T22:24:56,29.59,7.60,632.3,11.81,422.2,0.0,0,1,22,0,
2025-10-18T22:24:58,26.41,7.82,627.4,11.63,247.2,0.0,0,0,22,0,
2025-10-18T22:25:00,27.19,7.56,586.8,12.67,233.7,1847.6,0,0,22,0,
2025-10-18T22:25:02,28.63,7.60,606.8,11.68,318.4,985.3,0,0,22,0,
2025-10-18T22:25:04,27.13,7.48,626.2,7.32,256.1,2765.3,0,1,22,0,
2025-10-18T22:25:06,28.10,7.68,605.5,12.66,280.0,0.0,1,1,22,0,
2025-10-18T22:25:08,28.33,7.40,595.2,21.43,378.8,637.7,1,0,22,0,
2025-10-18T22:25:10,27.48,7.26,623.7,9.87,287.5,2564.7,0,1,22,0,
2025-10-18T22:25:12,26.55,7.27,494.6,21.51,327.1,0.0,0,1,22,0,
2025-10-18T22:25:14,27.59,7.94,655.3,7.07,338.3,0.0,0,0,22,0,
2025-10-18T22:25:16,27.64,7.41,531.6,10.81,324.8,0.0,1,0,22,0,
2025-10-18T22:25:18,27.81,7.77,560.1,14.66,216.8,895.3,1,0,22,0,
2025-10-18T22:25:20,27.57,7.84,617.8,12.75,307.6,1136.3,1,0,22,0,
2025-10-18T22:25:22,26.61,7.46,536.9,15.31,219.5,2027.3,1,1,22,0,
2025-10-18T22:25:24,27.74,7.73,555.4,14.87,256.5,0.0,1,1,22,0,
2025-10-18T22:25:26,27.18,7.82,651.0,21.56,97.8,0.0,0,0,22,0,
2025-10-18T22:25:28,28.94,7.68,485.0,17.90,222.1,0.0,0,0,22,0,
2025-10-18T22:25:30,26.74,8.06,693.0,13.66,236.6,0.0,0,0,22,0,
2025-10-18T22:25:32,26.45,7.91,608.3,15.40,308.9,0.0,0,0,22,0,
2025-10-18T22:25:34,28.72,8.09,619.7,14.89,355.1,954.0,0,0,22,0,
2025-10-18T22:25:36,27.23,7.70,522.0,13.54,374.0,0.0,0,0,22,0,
2025-10-18T22:25:38,27.59,7.54,567.2,15.91,295.7,364.4,0,0,22,0,
2025-10-18T22:25:40,27.02,7.59,624.2,18.96,239.9,0.0,1,0,22,0,
2025-10-18T22:25:42,26.34,7.60,541.5,10.45,206.6,0.0,1,0,22,0,
2025-10-18T22:25:44,28.84,7.88,618.6,16.61,285.7,0.0,1,0,22,0,
2025-10-18T22:25:46,26.50,7.70,673.6,18.01,300.3,0.0,0,1,22,0,
2025-10-18T22:25:48,26.72,7.26,659.6,8.79,186.1,2567.1,0,0,22,0,
2025-10-18T22:25:50,27.66,7.67,556.6,12.17,324.3,0.0,0,0,22,0,
2025-10-18T22:25:52,27.08,7.83,577.0,11.19,300.6,958.1,0,1,22,0,
2025-10-18T22:25:54,28.27,7.99,709.9,8.75,441.1,0.0,0,1,22,0,
2025-10-18T22:25:56,27.52,7.73,719.8,18.72,230.9,220.9,1,0,22,0,
2025-10-18T22:25:58,28.61,7.82,677.6,12.95,207.5,711.4,1,0,22,0,
2025-10-18T22:26:00,26.81,7.58,598.0,18.87,321.3,151.9,1,0,22,0,
2025-10-18T22:26:02,26.01,7.81,703.6,19.86,324.1,0.0,1,1,22,0,
2025-10-18T22:26:04,27.07,7.62,522.6,10.23,299.1,0.0,0,1,22,0,
2025-10-18T22:26:06,27.87,7.61,640.1,15.35,266.2,104.1,0,1,22,0,
2025-10-18T22:26:08,25.95,7.43,544.9,13.40,342.2,107.4,0,1,22,0,
2025-10-18T22:26:10,27.86,8.00,621.9,11.70,215.9,488.1,1,1,22,0,
2025-10-18T22:26:12,26.69,7.33,661.6,9.83,313.3,1572.4,0,1,22,0,
2025-10-18T22:26:14,28.85,7.57,739.9,13.69,228.4,256.6,1,1,22,0,
2025-10-18T22:26:16,28.40,7.73,673.9,15.72,323.6,0.0,0,1,22,0,
2025-10-18T22:26:18,30.02,7.82,579.0,20.58,177.5,0.0,0,1,22,0,
2025-10-18T22:26:20,27.07,7.63,590.0,11.86,220.4,0.0,0,1,22,0,
2025-10-18T22:26:22,28.51,7.53,543.2,21.42,217.1,252.4,0,1,22,0,
2025-10-18T22:26:24,27.95,7.75,717.0,17.68,288.5,994.4,1,0,22,0,
2025-10-18T22:26:26,28.08,7.76,669.9,9.08,217.6,305.2,1,1,22,0,
2025-10-18T22:26:28,27.70,7.62,716.0,16.40,321.1,1793.3,1,0,22,0,
2025-10-18T22:26:30,28.25,7.71,703.1,24.12,222.5,0.0,1,0,22,0,
2025-10-18T22:26:32,27.21,7.52,693.6,17.24,390.4,0.0,1,0,22,0,
2025-10-18T22:26:34,26.31,7.45,647.0,12.71,256.8,0.0,0,1,22,0,
2025-10-18T22:26:36,26.45,7.74,636.7,18.92,308.7,713.5,0,1,22,0,
2025-10-18T22:26:38,27.15,7.71,693.4,17.59,268.3,0.0,0,1,22,0,
2025-10-18T22:26:40,28.36,7.81,693.0,18.97,334.9,0.0,0,0,22,0,
2025-10-18T22:26:42,26.74,7.63,710.8,16.32,292.7,2619.9,0,1,22,0,
2025-10-18T22:26:44,26.35,7.49,635.8,8.84,304.1,552.5,0,1,22,0,
2025-10-18T22:26:46,28.06,7.53,679.3,12.13,312.3,2160.7,0,0,22,0,
2025-10-18T22:26:48,27.68,7.68,567.7,9.96,259.0,1335.7,1,0,22,0,
2025-10-18T22:26:50,27.56,8.05,568.8,16.76,266.7,2208.0,0,1,22,0,
2025-10-18T22:26:52,27.82,7.44,566.9,18.71,278.9,1317.8,1,0,22,0,
2025-10-18T22:26:54,27.44,7.27,565.3,9.41,199.5,834.7,1,1,22,0,
2025-10-18T22:26:56,26.94,7.77,525.2,13.07,271.3,0.0,0,1,22,0,
2025-10-18T22:26:58,28.02,7.72,694.9,13.08,315.8,508.5,1,1,22,0,
2025-10-18T22:27:00,25.66,8.04,563.9,11.81,262.3,0.0,0,0,22,0,
2025-10-18T22:27:02,26.98,7.49,658.6,20.58,295.0,0.0,1,0,22,0,
2025-10-18T22:27:04,26.95,7.65,637.2,15.95,280.1,153.5,1,0,22,0,
2025-10-18T22:27:06,27.76,7.48,554.5,18.25,190.7,0.0,1,1,22,0,
2025-10-18T22:27:08,27.24,8.03,683.7,13.12,323.1,0.0,0,1,22,0,
2025-10-18T22:27:10,28.66,7.55,623.0,19.08,296.7,456.6,1,0,22,0,
2025-10-18T22:27:12,28.34,7.19,719.3,9.86,204.5,0.0,0,0,22,0,
2025-10-18T22:27:14,27.79,7.33,703.3,13.93,209.1,574.7,1,1,22,0,
2025-10-18T22:27:16,28.76,7.78,733.2,14.78,286.0,1329.9,0,1,22,0,
2025-10-18T22:27:18,29.30,7.68,628.3,16.77,232.9,0.0,1,0,22,0,
2025-10-18T22:27:20,26.77,7.69,671.6,13.05,358.8,0.0,0,1,22,0,
2025-10-18T22:27:22,28.06,7.97,661.2,13.05,292.2,1134.8,0,1,22,0,
2025-10-18T22:27:24,29.19,7.94,581.6,9.73,209.4,0.0,0,1,22,0,
2025-10-18T22:27:26,26.35,7.69,424.8,15.56,368.4,0.0,0,0,22,0,
2025-10-18T22:27:28,28.23,7.58,644.0,20.16,372.9,957.2,0,1,22,0,
2025-10-18T22:27:30,26.70,7.66,611.1,12.72,364.2,0.0,0,0,22,0,
2025-10-18T22:27:32,28.22,7.67,573.8,13.27,247.6,0.0,0,1,22,0,
2025-10-18T22:27:34,26.38,7.71,573.2,18.51,301.0,2228.1,1,0,22,0,
2025-10-18T22:27:36,27.50,7.78,690.3,18.84,283.4,756.4,1,1,22,0,
2025-10-18T22:27:38,26.80,7.74,735.8,23.03,338.7,2165.9,1,1,22,0,
2025-10-18T22:27:40,29.35,7.65,516.9,14.32,290.2,0.0,0,0,22,0,
2025-10-18T22:27:42,26.49,7.84,747.3,17.70,203.3,409.9,0,1,22,0,
2025-10-18T22:27:44,26.86,7.86,677.2,13.72,307.7,208.5,0,0,22,0,
2025-10-18T22:27:46,27.97,7.91,602.3,13.00,289.8,0.0,0,1,22,0,
2025-10-18T22:27:48,27.44,7.24,585.8,17.23,259.2,0.0,1,0,22,0,
2025-10-18T22:27:50,26.94,7.90,505.5,11.62,309.5,480.7,1,1,22,0,
2025-10-18T22:27:52,27.42,7.81,593.8,12.49,176.9,1066.9,1,0,22,0,
2025-10-18T22:27:54,28.51,7.62,634.1,15.79,268.7,0.0,0,0,22,0,
2025-10-18T22:27:56,28.08,7.72,648.3,15.88,330.2,0.0,1,1,22,0,
2025-10-18T22:27:58,27.64,7.58,624.8,17.32,215.5,0.0,1,1,22,0,
2025-10-18T22:28:00,27.33,7.93,718.7,20.61,359.9,489.0,0,1,22,0,
2025-10-18T22:28:02,25.18,7.74,574.0,14.20,143.3,1376.6,0,1,22,0,
2025-10-18T22:28:04,26.56,7.50,568.7,11.12,202.3,0.0,1,1,22,0,
2025-10-18T22:28:06,26.02,7.57,565.6,16.36,277.1,1308.6,1,0,22,0,
2025-10-18T22:28:08,28.08,7.51,619.1,15.10,397.6,0.0,0,1,22,0,
2025-10-18T22:28:10,26.92,7.73,629.0,15.48,240.3,1148.4,0,1,22,0,
2025-10-18T22:28:12,28.36,7.94,575.5,17.49,275.3,1581.6,1,0,22,0,
2025-10-18T22:28:14,28.98,7.47,605.1,12.00,275.6,0.0,0,0,22,0,
2025-10-18T22:28:16,27.91,7.81,564.7,10.80,269.4,2056.0,1,1,22,0,
2025-10-18T22:28:18,28.66,7.74,640.7,16.71,269.5,2322.7,0,1,22,0,
2025-10-18T22:28:20,28.21,7.85,595.0,17.90,339.2,0.0,0,0,22,0,
2025-10-18T22:28:22,26.76,8.00,650.7,14.59,283.4,0.0,0,1,22,0,
2025-10-18T22:28:24,28.50,7.35,644.9,13.20,284.7,0.0,0,1,22,0,
2025-10-18T22:28:26,27.58,7.61,511.4,16.67,125.3,0.0,0,0,22,0,
2025-10-18T22:28:28,27.30,7.82,613.9,14.15,341.6,0.0,1,0,22,0,
2025-10-18T22:28:30,28.20,8.06,660.1,12.88,339.1,1411.3,1,1,22,0,
2025-10-18T22:28:32,27.53,7.76,630.3,14.48,372.9,758.7,0,0,22,0,
2025-10-18T22:28:34,27.33,7.72,644.8,16.46,186.6,0.0,0,0,22,0,
2025-10-18T22:28:36,28.80,7.77,590.7,8.25,308.2,844.2,0,0,22,0,
2025-10-18T22:28:38,27.67,7.30,585.5,15.98,260.7,0.0,1,0,22,0,
2025-10-18T22:28:40,26.64,7.68,598.0,20.94,293.1,956.2,1,0,22,0,
2025-10-18T22:28:42,27.33,8.03,704.5,12.40,309.0,460.8,1,1,22,0,
2025-10-18T22:28:44,27.58,7.67,583.8,12.02,284.2,370.1,0,0,22,0,
2025-10-18T22:28:46,27.70,7.98,580.5,10.83,229.0,1228.1,0,0,22,0,
2025-10-18T22:28:48,27.00,7.54,606.6,13.50,259.8,44.5,0,1,22,0,
2025-10-18T22:28:50,28.02,7.56,596.2,15.17,185.6,0.0,0,1,22,0,
2025-10-18T22:28:52,27.39,7.51,564.2,19.06,394.5,1511.5,1,1,22,0,
2025-10-18T22:28:54,27.88,7.61,635.8,13.66,158.7,0.0,0,1,22,0,
2025-10-18T22:28:56,27.17,7.30,626.0,16.15,322.3,630.0,0,0,22,0,
2025-10-18T22:28:58,28.79,7.84,583.5,14.49,239.0,0.0,0,1,22,0,
2025-10-18T22:29:00,27.60,7.45,706.7,18.51,241.8,1327.8,0,0,22,0,
2025-10-18T22:29:02,27.88,7.77,576.2,17.10,387.8,4337.3,0,1,22,0,
2025-10-18T22:29:04,26.49,8.23,597.5,18.44,285.2,0.0,0,0,22,0,
2025-10-18T22:29:06,27.02,7.61,643.7,5.91,276.4,3694.2,0,1,22,0,
2025-10-18T22:29:08,27.22,7.10,558.3,12.27,326.6,70.9,1,1,22,0,
2025-10-18T22:29:10,27.72,7.63,674.8,9.50,268.7,1874.7,0,0,22,0,
2025-10-18T22:29:12,27.74,7.71,604.5,16.72,231.2,1491.2,1,0,22,0,
2025-10-18T22:29:14,28.36,7.77,727.1,11.79,263.9,0.0,1,0,22,0,
2025-10-18T22:29:16,27.16,7.42,706.7,12.05,252.3,2275.3,0,1,22,0,
2025-10-18T22:29:18,29.05,7.78,553.5,21.02,184.2,1530.5,0,1,22,0,
2025-10-18T22:29:20,26.90,7.44,749.0,15.50,245.3,923.5,1,1,22,0,
2025-10-18T22:29:22,28.23,7.85,632.1,16.27,273.7,0.0,0,0,22,0,
2025-10-18T22:29:24,26.96,7.66,610.7,18.88,295.4,549.1,0,1,22,0,
2025-10-18T22:29:26,27.29,7.71,507.3,14.92,300.2,670.6,0,1,22,0,
2025-10-18T22:29:28,27.26,7.55,542.8,10.65,280.5,659.7,0,1,22,0,
2025-10-18T22:29:30,27.95,7.62,593.3,11.30,252.0,1123.8,0,1,22,0,
2025-10-18T22:29:32,26.70,8.22,469.5,6.89,251.1,399.2,1,0,22,0,
2025-10-18T22:29:34,27.87,7.84,634.7,7.18,294.0,424.2,0,0,22,0,
2025-10-18T22:29:36,28.73,7.39,735.3,15.53,326.0,1105.3,1,1,22,0,
2025-10-18T22:29:38,27.01,7.63,574.4,14.55,191.5,361.1,1,0,22,0,
2025-10-18T22:29:40,28.78,7.69,617.2,13.98,301.6,1123.9,0,0,22,0,
2025-10-18T22:29:42,28.84,7.76,697.3,15.21,265.6,2832.6,0,0,22,0,
2025-10-18T22:29:44,29.40,7.71,598.0,12.66,169.7,2734.2,1,1,22,0,
2025-10-18T22:29:46,28.34,7.48,660.1,19.34,158.7,954.3,1,1,22,0,
2025-10-18T22:29:48,26.80,7.63,595.9,16.45,250.7,1190.2,0,1,22,0,
2025-10-18T22:29:50,28.65,7.63,665.2,9.81,363.6,0.0,0,1,22,0,
2025-10-18T22:29:52,26.91,7.61,714.5,21.96,267.0,0.0,1,0,22,0,
2025-10-18T22:29:54,26.64,7.48,635.3,17.94,363.8,3164.5,0,1,22,0,
2025-10-18T22:29:56,27.01,7.62,684.3,18.82,313.9,0.0,1,0,22,0,
2025-10-18T22:29:58,27.12,7.64,818.9,14.70,358.3,2694.2,0,1,22,0,
2025-10-18T22:30:00,25.55,7.49,673.0,17.37,344.5,0.0,0,0,22,0,
2025-10-18T22:30:02,26.81,7.77,475.2,18.27,380.7,0.0,1,0,22,0,
2025-10-18T22:30:04,28.05,7.74,635.5,9.51,272.5,1921.3,1,1,22,0,
2025-10-18T22:30:06,27.27,7.49,597.8,10.79,205.1,92.1,0,1,22,0,
2025-10-18T22:30:08,28.23,7.47,657.8,16.99,371.6,598.9,1,1,22,0,
2025-10-18T22:30:10,26.33,7.83,745.6,14.50,395.2,1413.4,0,0,22,0,
2025-10-18T22:30:12,26.80,7.67,577.2,15.79,266.7,350.3,0,1,22,0,
2025-10-18T22:30:14,27.12,7.91,623.6,9.64,169.1,0.0,0,1,22,0,
2025-10-18T22:30:16,25.99,7.77,851.6,18.49,225.2,0.0,0,0,22,0,
2025-10-18T22:30:18,26.34,7.63,683.3,16.01,242.4,833.2,0,1,22,0,
2025-10-18T22:30:20,26.50,7.79,707.5,16.62,344.9,2173.8,0,0,22,0,
2025-10-18T22:30:22,28.78,7.89,727.9,12.65,317.5,1206.8,0,1,22,0,
2025-10-18T22:30:24,26.40,7.49,650.9,19.21,280.0,2267.7,0,0,22,0,
2025-10-18T22:30:26,27.51,7.56,685.6,17.87,236.3,1413.7,1,0,22,0,
2025-10-18T22:30:28,25.40,7.62,578.4,17.70,293.9,0.0,0,0,22,0,
2025-10-18T22:30:30,28.67,7.99,675.7,20.69,238.6,703.2,0,1,22,0,
2025-10-18T22:30:32,27.28,7.59,659.9,16.98,249.8,0.0,0,0,22,0,
2025-10-18T22:30:34,27.51,7.65,666.2,13.02,227.0,0.0,0,1,22,0,
2025-10-18T22:30:36,27.05,7.57,534.9,13.37,183.9,0.0,1,1,22,0,
2025-10-18T22:30:38,27.46,7.62,691.0,10.29,304.3,0.0,0,1,22,0,
2025-10-18T22:30:40,27.11,7.72,582.8,10.15,253.4,0.0,0,1,22,0,
2025-10-18T22:30:42,26.46,7.73,656.1,14.26,263.9,1398.6,1,1,22,0,
2025-10-18T22:30:44,26.58,7.77,618.0,17.07,265.0,0.0,0,1,22,0,
2025-10-18T22:30:46,27.19,7.40,715.6,19.10,168.1,0.0,0,0,22,0,
2025-10-18T22:30:48,30.01,7.42,605.8,20.33,252.8,1682.2,0,1,22,0,
2025-10-18T22:30:50,28.39,7.85,529.8,14.30,245.4,161.5,0,0,22,0,
2025-10-18T22:30:52,27.65,7.66,725.0,15.84,358.8,1954.5,0,0,22,0,
2025-10-18T22:30:54,26.90,7.75,535.4,12.89,316.8,186.6,1,0,22,0,
2025-10-18T22:30:56,27.22,7.88,624.5,15.40,260.3,0.0,0,0,22,0,
2025-10-18T22:30:58,28.15,7.68,597.2,18.18,222.7,0.0,0,0,22,0,
2025-10-18T22:31:00,26.34,7.69,695.6,11.89,230.9,2228.8,0,0,22,0,
2025-10-18T22:31:02,27.99,7.51,618.5,11.56,243.4,0.0,0,0,22,0,
2025-10-18T22:31:04,28.24,7.54,683.8,14.38,434.7,901.3,0,0,22,0,
2025-10-18T22:31:06,26.79,7.57,512.3,10.50,280.8,0.0,1,1,22,0,
2025-10-18T22:31:08,26.70,7.78,634.0,19.37,316.6,0.0,1,1,22,0,
2025-10-18T22:31:10,27.94,7.32,692.9,12.76,342.4,370.8,0,1,22,0,
2025-10-18T22:31:12,28.90,7.51,508.3,13.98,349.3,2343.4,0,0,22,0,
2025-10-18T22:31:14,27.39,7.56,615.6,10.62,264.9,0.0,1,0,22,0,
2025-10-18T22:31:16,27.13,7.41,695.1,17.33,343.9,605.3,0,1,22,0,
2025-10-18T22:31:18,26.91,7.58,676.0,12.79,295.6,1174.1,1,1,22,0,
2025-10-18T22:31:20,27.98,7.74,626.2,15.69,232.7,0.0,1,1,22,0,
2025-10-18T22:31:22,27.39,7.76,611.8,11.87,280.7,658.0,0,1,22,0,
2025-10-18T22:31:24,27.15,7.70,524.7,16.10,294.4,407.5,0,1,22,0,
2025-10-18T22:31:26,26.61,7.51,683.9,9.69,244.6,0.0,0,0,22,0,
2025-10-18T22:31:28,27.07,7.44,743.9,13.89,251.4,279.2,0,0,22,0,
2025-10-18T22:31:30,26.63,7.70,583.9,9.23,241.0,339.3,1,0,22,0,
2025-10-18T22:31:32,26.12,7.36,543.5,18.89,230.7,0.0,0,1,22,0,
2025-10-18T22:31:34,28.60,7.70,581.7,18.58,324.9,2222.7,0,1,22,0,
2025-10-18T22:31:36,28.92,7.88,646.0,11.60,222.4,0.0,0,1,22,0,
2025-10-18T22:31:38,26.53,7.80,447.5,11.80,242.6,972.2,0,0,22,0,
2025-10-18T22:31:40,27.81,7.45,648.4,10.12,287.0,2176.0,1,0,22,0,
2025-10-18T22:31:42,26.67,7.56,562.7,12.56,183.9,0.0,1,0,22,0,
2025-10-18T22:31:44,27.99,7.70,675.1,8.68,233.5,1247.2,0,1,22,0,
2025-10-18T22:31:46,28.37,7.28,709.7,11.75,311.0,120.9,1,1,22,0,
2025-10-18T22:31:48,26.69,7.83,663.5,20.70,251.0,1782.6,0,1,22,0,
2025-10-18T22:31:50,28.50,7.59,691.9,14.60,285.9,215.1,0,1,22,0,
2025-10-18T22:31:52,28.12,7.78,567.9,18.70,361.0,835.1,0,1,22,0,
2025-10-18T22:31:54,28.76,7.35,638.1,21.20,242.1,875.4,1,1,22,0,
2025-10-18T22:31:56,26.33,7.58,583.4,15.41,186.4,2230.5,0,1,22,0,
2025-10-18T22:31:58,28.94,7.66,646.0,16.15,367.5,340.5,0,1,22,0,
2025-10-18T22:32:00,27.98,7.65,582.5,11.77,186.7,793.6,0,1,22,0,
2025-10-18T22:32:02,28.06,7.88,555.5,13.59,258.3,828.2,0,0,22,0,
2025-10-18T22:32:04,27.98,7.54,556.0,14.96,229.6,0.0,0,0,22,0,
2025-10-18T22:32:06,27.48,7.57,521.5,15.71,335.9,1887.6,0,0,22,0,
2025-10-18T22:32:08,27.78,7.44,757.6,18.97,332.8,955.3,0,0,22,0,
2025-10-18T22:32:10,28.73,7.79,646.0,11.69,327.7,538.2,0,1,22,0,
2025-10-18T22:32:12,26.59,7.64,620.6,10.84,375.4,0.0,1,1,22,0,
2025-10-18T22:32:14,28.92,7.50,615.0,9.90,337.7,716.6,1,1,22,0,
2025-10-18T22:32:16,29.23,7.64,587.1,12.68,336.7,943.4,0,1,22,0,
2025-10-18T22:32:18,28.09,7.78,635.4,14.47,306.0,679.3,0,1,22,0,
2025-10-18T22:32:20,26.06,7.78,620.3,21.20,181.9,357.4,0,1,22,0,
2025-10-18T22:32:22,28.03,7.72,665.1,14.07,105.3,233.2,0,1,22,0,
2025-10-18T22:32:24,26.41,7.76,655.8,21.32,235.6,1779.7,0,1,22,0,
2025-10-18T22:32:26,28.05,7.84,591.2,21.28,281.0,0.0,1,0,22,0,
2025-10-18T22:32:28,27.10,7.68,635.4,14.55,333.9,0.0,0,0,22,0,
2025-10-18T22:32:30,27.49,7.61,714.7,12.18,336.3,0.0,0,0,22,0,
2025-10-18T22:32:32,27.24,7.80,711.2,18.38,206.6,1643.6,0,0,22,0,
2025-10-18T22:32:34,27.10,7.59,572.1,20.22,309.5,1715.1,0,0,22,0,
2025-10-18T22:32:36,28.01,7.67,688.4,17.64,288.6,1241.7,1,1,22,0,
2025-10-18T22:32:38,29.38,7.92,554.4,8.67,354.7,0.0,0,1,22,0,
2025-10-18T22:32:40,27.89,7.58,544.7,7.86,148.4,0.0,0,0,22,0,
2025-10-18T22:32:42,27.58,7.88,720.0,12.77,319.1,0.0,0,0,22,0,
2025-10-18T22:32:44,27.70,7.48,642.4,16.33,289.2,0.0,1,1,22,0,
2025-10-18T22:32:46,28.28,7.62,552.2,16.70,348.0,0.0,1,1,22,0,
2025-10-18T22:32:48,28.55,7.93,647.8,20.63,354.4,0.0,1,1,22,0,
2025-10-18T22:32:50,26.98,7.59,487.4,17.84,326.7,1731.2,0,0,22,0,
2025-10-18T22:32:52,27.46,7.97,703.6,12.05,150.2,0.0,0,1,22,0,
2025-10-18T22:32:54,28.47,7.37,647.2,10.14,416.5,192.2,0,1,22,0,
2025-10-18T22:32:56,25.68,7.47,561.0,19.69,216.9,1277.8,0,1,22,0,
2025-10-18T22:32:58,25.36,7.55,696.0,17.15,288.2,0.0,1,1,22,0,
2025-10-18T22:33:00,27.16,7.75,578.3,6.97,244.6,0.0,1,0,22,0,
2025-10-18T22:33:02,27.55,7.55,667.1,20.98,226.8,0.0,1,1,22,0,
2025-10-18T22:33:04,27.21,7.89,666.6,11.23,295.1,109.9,1,0,22,0,
2025-10-18T22:33:06,28.04,7.69,664.5,9.44,200.0,665.1,0,1,22,0,
2025-10-18T22:33:08,25.80,7.44,665.6,15.51,244.7,0.0,0,1,22,0,
2025-10-18T22:33:10,27.46,7.56,638.5,16.13,245.6,2447.8,0,1,22,0,
2025-10-18T22:33:12,26.20,7.46,692.4,17.91,291.8,0.0,0,1,22,0,
2025-10-18T22:33:14,28.56,7.13,601.0,11.81,351.2,0.0,1,0,22,0,
2025-10-18T22:33:16,28.01,7.33,575.2,13.00,302.0,651.5,0,0,22,0,
2025-10-18T22:33:18,26.69,7.59,646.0,14.48,366.3,1715.1,0,0,22,0,
2025-10-18T22:33:20,28.63,7.68,672.0,15.10,347.7,1200.3,0,1,22,0,
2025-10-18T22:33:22,28.15,7.34,611.1,12.46,237.3,0.0,0,0,22,0,
2025-10-18T22:33:24,27.41,7.62,663.1,19.26,353.5,0.0,0,1,22,0,
2025-10-18T22:33:26,28.26,7.66,691.6,18.31,323.0,870.6,0,1,22,0,
2025-10-18T22:33:28,27.90,8.00,597.6,12.29,314.0,2464.0,0,0,22,0,
2025-10-18T22:33:30,27.05,7.68,618.0,13.96,252.4,0.0,0,1,22,0,
2025-10-18T22:33:32,28.12,7.34,738.7,16.77,310.5,0.0,0,1,22,0,
2025-10-18T22:33:34,29.03,7.94,611.2,9.73,263.2,947.8,0,1,22,0,
2025-10-18T22:33:36,27.74,7.49,721.5,18.78,316.5,0.0,1,1,22,0,
2025-10-18T22:33:38,25.72,7.70,726.4,22.25,227.7,506.7,1,0,22,0,
2025-10-18T22:33:40,25.94,7.26,638.8,16.99,273.1,0.0,1,0,22,0,
2025-10-18T22:33:42,27.07,7.69,547.0,21.94,202.8,0.0,0,0,22,0,
2025-10-18T22:33:44,28.75,8.12,646.2,13.66,319.7,0.0,0,0,22,0,
2025-10-18T22:33:46,27.98,7.52,613.7,8.52,281.0,1366.4,0,0,22,0,
2025-10-18T22:33:48,27.17,7.60,621.7,14.82,295.6,70.3,0,0,22,0,
2025-10-18T22:33:50,28.68,7.71,503.9,15.93,306.1,0.0,1,0,22,0,
2025-10-18T22:33:52,29.06,7.69,663.5,14.34,257.5,2059.0,1,1,22,0,
2025-10-18T22:33:54,27.13,7.95,700.8,9.83,339.9,355.6,0,0,22,0,
2025-10-18T22:33:56,26.28,7.86,574.3,18.25,207.0,0.0,1,0,22,0,
2025-10-18T22:33:58,27.48,7.70,578.4,16.42,344.9,0.0,0,0,22,0,
2025-10-18T22:34:00,29.22,7.86,625.9,13.66,357.6,0.0,0,1,22,0,
2025-10-18T22:34:02,26.77,7.87,599.1,16.86,260.9,0.0,0,1,22,0,
2025-10-18T22:34:04,28.26,7.64,688.4,17.99,347.2,0.0,0,1,22,0,
2025-10-18T22:34:06,27.58,7.52,594.8,17.52,261.2,0.0,1,1,22,0,
2025-10-18T22:34:08,26.50,7.68,707.0,19.38,250.5,0.0,1,0,22,0,
2025-10-18T22:34:10,28.27,7.20,688.1,6.13,386.3,1303.5,0,1,22,0,
2025-10-18T22:34:12,28.19,7.56,660.4,14.48,266.2,2255.0,0,0,22,0,
2025-10-18T22:34:14,26.35,7.62,578.4,25.19,251.7,0.0,1,1,22,0,
2025-10-18T22:34:16,27.14,7.53,758.9,18.12,294.8,3497.3,0,1,22,0,
2025-10-18T22:34:18,26.89,7.90,584.7,19.76,245.4,0.0,0,1,22,0,
2025-10-18T22:34:20,28.67,7.92,653.6,17.74,134.6,487.7,0,1,22,0,
2025-10-18T22:34:22,27.00,7.84,707.7,22.86,269.3,0.0,0,0,22,0,
2025-10-18T22:34:24,27.13,7.38,657.4,17.42,326.4,432.4,1,1,22,0,
2025-10-18T22:34:26,28.06,7.90,687.7,15.76,250.5,1244.1,0,1,22,0,
2025-10-18T22:34:28,26.96,8.09,560.0,17.66,317.2,1346.7,1,1,22,0,
2025-10-18T22:34:30,27.42,7.12,574.5,20.46,235.1,309.0,0,0,22,0,
2025-10-18T22:34:32,27.15,7.61,488.1,11.53,201.4,881.5,0,0,22,0,
2025-10-18T22:34:34,28.33,7.85,602.7,18.79,312.3,0.0,1,1,22,0,
2025-10-18T22:34:36,26.85,7.45,656.6,24.23,277.9,414.4,0,1,22,0,
2025-10-18T22:34:38,27.42,7.58,582.1,14.81,249.0,1858.0,0,0,22,0,
2025-10-18T22:34:40,27.27,7.75,668.8,11.95,248.6,941.3,1,0,22,0,
2025-10-18T22:34:42,27.87,7.60,617.5,10.71,379.1,2.5,1,0,22,0,
2025-10-18T22:34:44,28.53,7.62,658.5,13.67,260.1,0.0,1,1,22,0,
2025-10-18T22:34:46,29.38,7.23,790.6,19.10,280.9,0.0,0,0,22,0,
2025-10-18T22:34:48,26.61,7.79,599.0,8.50,303.0,800.9,1,0,22,0,
2025-10-18T22:34:50,29.22,7.76,658.2,12.06,222.8,0.0,1,1,22,0,
2025-10-18T22:34:52,27.42,8.16,668.0,11.09,214.0,0.0,0,1,22,0,
2025-10-18T22:34:54,27.34,7.52,669.3,17.20,300.4,101.5,0,0,22,0,
2025-10-18T22:34:56,25.94,7.50,572.8,11.72,270.5,0.0,0,0,22,0,
2025-10-18T22:34:58,27.90,7.56,685.3,16.26,301.4,0.0,1,1,22,0,
2025-10-18T22:35:00,25.86,7.87,592.2,17.60,153.2,0.0,0,0,22,0,
2025-10-18T22:35:02,27.76,7.74,629.4,9.99,351.7,0.0,0,1,22,0,
2025-10-18T22:35:04,27.06,7.38,704.0,17.98,283.9,0.0,0,1,22,0,
2025-10-18T22:35:06,26.78,7.68,655.6,14.01,301.9,937.0,1,0,22,0,
2025-10-18T22:35:08,26.32,7.41,542.8,14.21,192.3,0.0,1,1,22,0,
2025-10-18T22:35:10,29.08,7.83,698.9,12.88,260.3,1350.4,0,0,22,0,
2025-10-18T22:35:12,26.35,7.46,567.8,20.27,379.3,581.9,1,0,22,0,
2025-10-18T22:35:14,28.00,7.77,654.1,16.50,354.2,1136.9,0,1,22,0,
2025-10-18T22:35:16,27.83,7.33,660.3,15.50,297.6,0.0,1,1,22,0,
2025-10-18T22:35:18,27.59,7.73,569.9,9.17,305.0,0.0,1,0,22,0,
2025-10-18T22:35:20,27.93,7.83,741.9,19.18,405.2,0.0,1,1,22,0,
2025-10-18T22:35:22,26.15,7.66,632.7,20.19,338.7,1192.8,1,1,22,0,
2025-10-18T22:35:24,27.86,7.81,698.8,12.12,304.7,14.5,1,1,22,0,
2025-10-18T22:35:26,27.37,7.48,564.2,12.71,313.5,0.0,1,1,22,0,
2025-10-18T22:35:28,27.74,7.80,781.5,22.53,299.0,594.5,1,0,22,0,
2025-10-18T22:35:30,27.28,7.41,688.4,15.90,313.6,880.1,0,1,22,0,
2025-10-18T22:35:32,28.56,7.63,573.3,13.90,301.9,0.0,1,0,22,0,
2025-10-18T22:35:34,26.26,7.71,737.8,28.19,254.1,154.6,0,0,22,0,
2025-10-18T22:35:36,28.03,7.72,552.1,18.13,380.5,2022.2,0,1,22,0,
2025-10-18T22:35:38,28.41,7.63,451.0,8.13,355.3,1982.4,0,1,22,0,
2025-10-18T22:35:40,27.33,7.40,610.2,21.99,245.6,0.0,0,0,22,0,
2025-10-18T22:35:42,26.75,7.79,606.4,21.73,312.5,787.8,0,0,22,0,
2025-10-18T22:35:44,27.87,7.73,652.9,15.49,215.8,0.0,1,0,22,0,
2025-10-18T22:35:46,28.32,7.89,651.0,15.91,281.0,0.0,0,1,22,0,
2025-10-18T22:35:48,27.05,7.46,623.3,18.66,324.0,0.0,0,1,22,0,
2025-10-18T22:35:50,25.79,7.85,582.7,17.32,236.5,1209.1,1,0,22,0,
2025-10-18T22:35:52,28.09,7.53,605.8,10.52,337.9,1780.9,0,1,22,0,
2025-10-18T22:35:54,27.00,7.40,592.0,10.21,173.3,534.4,0,1,22,0,
2025-10-18T22:35:56,25.21,7.68,579.6,12.50,327.9,0.0,1,1,22,0,
2025-10-18T22:35:58,28.03,7.50,627.2,14.07,319.0,0.0,1,1,22,0,
2025-10-18T22:36:00,27.08,7.81,600.1,12.44,236.0,0.0,0,1,22,0,
2025-10-18T22:36:02,27.32,7.83,689.7,15.44,173.6,799.2,0,0,22,0,
2025-10-18T22:36:04,27.46,7.97,454.3,8.87,240.7,1087.7,0,0,22,0,
2025-10-18T22:36:06,28.69,7.84,585.4,19.06,284.7,0.0,0,1,22,0,
2025-10-18T22:36:08,26.63,7.75,698.7,9.24,316.7,0.0,1,1,22,0,
2025-10-18T22:36:10,28.51,7.66,645.4,21.52,368.8,1594.4,1,1,22,0,
2025-10-18T22:36:12,29.08,7.81,580.5,15.42,302.6,0.0,1,0,22,0,
2025-10-18T22:36:14,26.58,7.76,649.9,18.86,237.3,0.0,0,1,22,0,
2025-10-18T22:36:16,28.99,7.70,687.7,11.02,312.5,3605.5,0,1,22,0,
2025-10-18T22:36:18,28.62,7.57,537.8,10.49,215.0,851.8,0,1,22,0,
2025-10-18T22:36:20,27.27,7.75,690.3,19.93,261.7,1542.8,1,0,22,0,
2025-10-18T22:36:22,28.16,7.71,516.8,18.90,254.3,0.0,0,1,22,0,
2025-10-18T22:36:24,28.04,7.75,631.6,22.49,211.3,520.5,0,0,22,0,
2025-10-18T22:36:26,28.12,7.69,663.4,17.34,306.6,0.0,1,0,22,0,
2025-10-18T22:36:28,28.61,7.61,765.6,15.99,344.5,1075.8,0,0,22,0,
2025-10-18T22:36:30,26.89,7.76,611.3,13.55,362.7,0.0,1,1,22,0,
2025-10-18T22:36:32,27.40,7.20,497.7,13.97,401.1,0.0,1,0,22,0,
2025-10-18T22:36:34,27.63,7.76,649.8,11.65,232.8,0.0,0,1,22,0,
2025-10-18T22:36:36,27.16,7.71,712.0,24.44,240.9,518.1,0,1,22,0,
2025-10-18T22:36:38,26.05,8.01,598.2,18.84,222.0,0.0,0,0,22,0,
2025-10-18T22:36:40,26.67,7.90,634.3,14.26,353.4,0.0,0,0,22,0,
2025-10-18T22:36:42,28.88,7.55,640.5,12.13,235.3,0.0,0,1,22,0,
2025-10-18T22:36:44,27.78,7.57,720.7,9.14,187.8,2100.1,1,0,22,0,
2025-10-18T22:36:46,27.59,7.75,650.6,12.37,308.5,2972.3,0,0,22,0,
2025-10-18T22:36:48,28.72,7.43,612.7,15.58,348.4,0.0,0,1,22,0,
2025-10-18T22:36:50,26.13,7.86,598.9,6.99,323.8,0.0,0,1,22,0,
2025-10-18T22:36:52,26.87,7.88,672.4,8.97,267.6,215.4,1,0,22,0,
2025-10-18T22:36:54,26.51,7.40,674.5,18.05,247.0,0.0,1,1,22,0,
2025-10-18T22:36:56,25.23,7.61,685.6,9.06,327.9,0.0,0,1,22,0,
2025-10-18T22:36:58,26.15,7.70,620.8,21.09,325.7,0.0,1,1,22,0,
2025-10-18T22:37:00,28.36,8.03,764.7,12.17,301.4,3481.9,0,0,22,0,
2025-10-18T22:37:02,26.23,7.35,673.9,14.57,269.9,0.0,0,1,22,0,
2025-10-18T22:37:04,27.58,7.75,513.4,22.16,344.8,1618.9,0,0,22,0,
2025-10-18T22:37:06,26.31,7.75,709.4,19.29,319.9,2713.8,0,1,22,0,
2025-10-18T22:37:08,27.12,7.66,686.7,10.75,324.8,85.6,0,1,22,0,
2025-10-18T22:37:10,27.18,7.72,614.4,18.02,191.4,0.0,1,0,22,0,
2025-10-18T22:37:12,27.47,7.67,669.4,17.62,250.6,0.0,0,0,22,0,
2025-10-18T22:37:14,27.54,7.51,648.1,15.78,260.0,1008.6,0,0,22,0,
2025-10-18T22:37:16,29.78,7.47,533.2,11.15,320.4,422.1,0,1,22,0,
2025-10-18T22:37:18,26.92,7.78,715.8,13.98,242.6,0.0,0,0,22,0,
2025-10-18T22:37:20,27.94,7.59,592.7,19.48,297.2,662.7,1,1,22,0,
2025-10-18T22:37:22,28.78,7.39,625.8,5.87,256.9,2924.7,0,0,22,0,
2025-10-18T22:37:24,27.53,7.83,675.6,12.83,373.4,38.8,1,0,22,0,
2025-10-18T22:37:26,26.72,7.36,665.5,15.74,281.9,495.3,1,0,22,0,
2025-10-18T22:37:28,24.89,7.91,646.1,14.49,226.4,1845.3,0,1,22,0,
2025-10-18T22:37:30,28.62,7.33,650.1,16.24,303.5,0.0,1,1,22,0,
2025-10-18T22:37:32,27.33,8.08,548.5,12.29,346.1,0.0,0,1,22,0,
2025-10-18T22:37:34,28.96,7.82,563.2,7.51,362.1,463.8,0,1,22,0,
2025-10-18T22:37:36,25.73,7.40,649.0,13.03,370.5,1406.6,0,1,22,0,
2025-10-18T22:37:38,28.76,7.59,813.1,15.39,204.9,0.0,1,0,22,0,
2025-10-18T22:37:40,27.38,7.16,584.2,13.84,355.3,725.6,1,1,22,0,
2025-10-18T22:37:42,29.60,7.87,576.1,17.74,342.3,3381.2,0,1,22,0,
2025-10-18T22:37:44,27.92,7.56,638.6,11.78,281.3,0.0,1,1,22,0,
2025-10-18T22:37:46,26.11,7.81,588.8,20.65,335.2,1641.8,0,1,22,0,
2025-10-18T22:37:48,25.73,7.69,538.9,15.76,198.1,1213.7,0,0,22,0,
2025-10-18T22:37:50,26.73,7.74,690.0,15.92,241.8,346.6,0,1,22,0,
2025-10-18T22:37:52,26.33,7.67,570.7,14.49,169.2,1290.8,0,1,22,0,
2025-10-18T22:37:54,28.95,7.97,674.3,10.92,275.2,540.1,1,1,22,0,
2025-10-18T22:37:56,28.34,7.79,713.3,18.29,241.8,0.0,1,1,22,0,
2025-10-18T22:37:58,27.16,7.66,604.8,12.86,302.7,1393.8,1,0,22,0,
2025-10-18T22:38:00,27.25,7.91,527.9,16.66,249.2,0.0,0,0,22,0,
2025-10-18T22:38:02,27.82,7.78,626.2,9.56,298.0,0.0,0,1,22,0,
2025-10-18T22:38:04,28.01,7.74,521.7,15.88,377.0,0.0,0,1,22,0,
2025-10-18T22:38:06,25.81,7.29,560.8,19.60,259.8,0.0,1,1,22,0,
2025-10-18T22:38:08,28.04,7.67,812.9,16.06,303.8,0.0,0,0,22,0,
2025-10-18T22:38:10,26.44,7.77,639.3,12.48,260.7,1602.9,0,1,22,0,
2025-10-18T22:38:12,27.86,7.76,575.1,5.15,172.7,614.5,0,1,22,0,
2025-10-18T22:38:14,26.05,7.50,636.4,15.16,220.7,0.0,0,0,22,0,
2025-10-18T22:38:16,27.50,7.39,573.3,13.89,216.7,246.8,0,0,22,0,
2025-10-18T22:38:18,26.88,7.33,517.5,15.48,223.3,0.0,1,1,22,0,
2025-10-18T22:38:20,28.33,7.53,547.3,15.78,327.1,0.0,0,1,22,0,
2025-10-18T22:38:22,27.46,7.79,599.7,17.42,302.8,3130.4,1,0,22,0,
2025-10-18T22:38:24,28.32,7.42,667.6,17.45,246.5,0.0,0,0,22,0,
2025-10-18T22:38:26,27.44,7.31,669.5,7.66,247.7,0.0,0,0,22,0,
2025-10-18T22:38:28,28.01,7.76,602.6,13.86,128.6,2367.3,1,1,22,0,
2025-10-18T22:38:30,27.76,7.67,676.2,12.44,336.1,2325.3,0,1,22,0,
2025-10-18T22:38:32,28.48,7.74,601.8,13.63,286.9,1186.8,1,1,22,0,
2025-10-18T22:38:34,29.37,7.78,623.6,17.28,255.7,0.0,0,0,22,0,
2025-10-18T22:38:36,28.47,7.56,498.5,17.04,300.0,545.2,0,0,22,0,
2025-10-18T22:38:38,29.19,7.54,659.9,15.49,203.8,0.0,0,1,22,0,
2025-10-18T22:38:40,27.35,7.87,514.4,14.76,344.4,1300.4,1,1,22,0,
2025-10-18T22:38:42,28.16,7.48,524.6,18.46,282.9,2666.9,1,1,22,0,
2025-10-18T22:38:44,28.35,7.76,630.0,11.22,263.9,0.0,0,1,22,0,
2025-10-18T22:38:46,27.82,8.02,566.5,17.12,176.0,821.8,0,1,22,0,
2025-10-18T22:38:48,28.10,7.68,754.6,15.45,301.7,0.0,1,0,22,0,
2025-10-18T22:38:50,27.76,7.72,633.9,9.13,205.2,0.0,1,0,22,0,
2025-10-18T22:38:52,27.30,7.37,569.8,14.58,212.1,1342.1,0,1,22,0,
2025-10-18T22:38:54,27.51,7.22,684.6,15.16,158.1,0.0,0,1,22,0,
2025-10-18T22:38:56,27.91,7.90,652.3,9.36,242.7,0.0,0,1,22,0,
2025-10-18T22:38:58,27.85,7.82,689.5,15.83,265.9,0.0,1,0,22,0,
2025-10-18T22:39:00,27.52,7.75,547.5,13.45,281.4,0.0,1,0,22,0,
2025-10-18T22:39:02,27.04,7.58,645.0,8.63,306.5,64.5,1,1,22,0,
2025-10-18T22:39:04,27.01,7.53,725.0,16.71,312.8,951.4,0,1,22,0,
2025-10-18T22:39:06,29.22,7.62,718.2,14.64,340.9,0.0,0,0,22,0,
2025-10-18T22:39:08,27.17,7.79,652.0,8.81,239.2,0.0,0,1,22,0,
2025-10-18T22:39:10,27.04,7.89,657.3,11.60,350.8,1395.1,0,1,22,0,
2025-10-18T22:39:12,29.34,7.82,552.7,15.65,234.2,1372.7,0,1,22,0,
2025-10-18T22:39:14,27.04,7.76,554.5,15.03,161.7,1310.4,0,0,22,0,
2025-10-18T22:39:16,27.82,7.56,705.0,19.52,339.0,1707.8,0,1,22,0,
2025-10-18T22:39:18,27.84,7.88,624.3,5.40,187.7,2643.4,0,1,22,0,
2025-10-18T22:39:20,28.45,7.84,667.1,15.58,163.3,3226.0,1,1,22,0,
2025-10-18T22:39:22,27.73,7.55,609.3,14.33,370.8,0.0,1,0,22,0,
2025-10-18T22:39:24,27.14,7.67,545.8,21.58,217.7,1024.2,0,0,22,0,
2025-10-18T22:39:26,27.80,7.44,610.1,9.64,284.9,0.0,0,1,22,0,
2025-10-18T22:39:28,25.89,7.79,570.8,21.39,251.1,0.0,1,1,22,0,
2025-10-18T22:39:30,25.41,7.53,716.0,10.84,212.9,0.0,0,0,22,0,
2025-10-18T22:39:32,28.00,7.36,594.6,14.23,246.5,0.0,0,0,22,0,
2025-10-18T22:39:34,28.71,7.74,657.6,19.22,302.2,0.0,0,1,22,0,
2025-10-18T22:39:36,29.17,7.70,631.2,21.25,325.4,0.0,0,0,22,0,
2025-10-18T22:39:38,27.38,7.70,637.8,14.34,227.5,678.8,0,1,22,0,
2025-10-18T22:39:40,27.58,7.76,662.5,16.42,306.1,965.9,1,1,22,0,
2025-10-18T22:39:42,27.14,7.73,581.3,12.66,298.8,202.6,1,1,22,0,
2025-10-18T22:39:44,26.92,7.75,534.9,20.29,306.8,769.0,0,0,22,0,
2025-10-18T22:39:46,26.10,7.67,602.0,16.31,337.1,702.1,0,1,22,0,
2025-10-18T22:39:48,27.05,7.74,669.8,12.92,360.3,0.0,1,0,22,0,
2025-10-18T22:39:50,27.77,7.49,603.6,15.93,255.6,0.0,0,1,22,0,
2025-10-18T22:39:52,29.16,7.63,556.5,14.02,331.2,0.0,1,1,22,0,
2025-10-18T22:39:54,27.96,7.51,630.3,14.98,337.7,0.0,0,0,22,0,
2025-10-18T22:39:56,26.99,7.79,565.4,11.08,263.3,92.3,0,0,22,0,
2025-10-18T22:39:58,27.32,7.85,655.5,16.53,238.2,0.0,0,0,22,0,
2025-10-18T22:40:00,28.36,7.61,601.5,11.66,273.4,2454.3,0,1,22,0,
2025-10-18T22:40:02,28.42,7.64,536.3,16.35,364.0,333.9,0,1,22,0,
2025-10-18T22:40:04,25.68,7.72,594.3,11.35,347.8,0.0,0,1,22,0,
2025-10-18T22:40:06,27.90,7.38,643.5,15.47,320.5,0.0,0,1,22,0,
2025-10-18T22:40:08,28.25,7.31,600.6,16.95,289.6,0.0,1,1,22,0,
2025-10-18T22:40:10,28.50,7.58,630.5,15.79,255.9,3217.3,1,1,22,0,
2025-10-18T22:40:12,27.02,7.55,617.7,12.14,227.8,171.7,1,0,22,0,
2025-10-18T22:40:14,27.44,7.53,671.2,22.00,191.8,1837.7,0,1,22,0,
2025-10-18T22:40:16,26.35,7.57,530.9,12.57,261.4,0.0,1,1,22,0,
2025-10-18T22:40:18,27.53,7.92,639.8,19.82,287.2,0.0,0,0,22,0,
2025-10-18T22:40:20,27.21,7.43,626.4,20.13,155.7,1062.2,0,0,22,0,
2025-10-18T22:40:22,29.62,7.81,419.9,20.37,267.5,2209.9,0,1,22,0,
2025-10-18T22:40:24,27.71,7.25,637.0,18.19,227.4,855.7,1,1,22,0,
2025-10-18T22:40:26,28.62,7.79,741.0,16.04,337.2,0.0,1,1,22,0,
2025-10-18T22:40:28,28.00,7.81,605.8,13.72,180.9,439.3,0,0,22,0,
2025-10-18T22:40:30,27.25,7.79,668.2,16.85,270.1,514.2,1,0,22,0,
2025-10-18T22:40:32,29.06,7.54,541.1,10.36,229.0,0.0,1,1,22,0,
2025-10-18T22:40:34,28.36,7.70,642.8,13.80,365.8,2375.2,0,1,22,0,
2025-10-18T22:40:36,27.37,7.61,588.6,10.40,265.0,1438.0,1,0,22,0,
2025-10-18T22:40:38,27.73,7.93,622.5,14.51,207.0,1781.3,0,0,22,0,
2025-10-18T22:40:40,26.47,8.06,643.8,10.69,263.0,927.2,1,0,22,0,
2025-10-18T22:40:42,29.05,7.81,659.7,19.90,252.5,0.0,0,0,22,0,
2025-10-18T22:40:44,26.97,7.71,635.2,13.65,257.8,1506.9,0,0,22,0,
2025-10-18T22:40:46,26.90,8.05,634.3,12.77,261.8,1316.8,1,1,22,0,
2025-10-18T22:40:48,26.44,7.50,705.9,16.68,335.5,0.0,0,1,22,0,
2025-10-18T22:40:50,28.20,8.08,642.1,11.43,238.2,0.0,0,0,22,0,
2025-10-18T22:40:52,27.02,7.89,722.3,13.73,251.4,527.3,0,0,22,0,
2025-10-18T22:40:54,28.21,7.70,677.7,15.07,289.5,2062.9,1,0,22,0,
2025-10-18T22:40:56,28.37,7.61,625.0,12.29,346.9,4006.2,1,1,22,0,
2025-10-18T22:40:58,28.04,7.68,616.4,17.55,199.6,0.0,1,1,22,0,
2025-10-18T22:41:00,27.78,7.78,711.8,10.80,242.6,1624.3,1,1,22,0,
2025-10-18T22:41:02,28.69,7.29,732.4,15.79,209.9,1818.6,1,0,22,0,
2025-10-18T22:41:04,27.37,7.80,665.6,9.52,420.9,0.0,0,0,22,0,
2025-10-18T22:41:06,27.84,7.61,725.9,22.16,290.0,0.0,1,1,22,0,
2025-10-18T22:41:08,25.60,7.34,628.7,16.23,253.4,0.0,0,0,22,0,
2025-10-18T22:41:10,27.46,7.72,668.2,7.21,366.1,0.0,0,1,22,0,
2025-10-18T22:41:12,28.49,7.77,614.7,13.75,188.4,0.0,0,1,22,0,
2025-10-18T22:41:14,26.59,7.66,598.5,18.48,250.2,0.0,0,1,22,0,
2025-10-18T22:41:16,25.95,7.92,611.5,14.45,287.1,1045.9,0,1,22,0,
2025-10-18T22:41:18,26.95,8.05,480.3,10.94,231.1,1379.0,1,1,22,0,
2025-10-18T22:41:20,26.81,7.72,560.3,12.75,238.0,0.0,0,1,22,0,
2025-10-18T22:41:22,27.86,7.50,595.4,16.70,288.1,2125.4,1,1,22,0,
2025-10-18T22:41:24,28.19,7.46,551.9,9.49,302.4,0.0,1,1,22,0,
2025-10-18T22:41:26,27.78,7.79,599.6,17.98,313.4,0.0,1,0,22,0,
2025-10-18T22:41:28,30.83,7.65,629.7,8.44,286.1,24.1,1,0,22,0,
2025-10-18T22:41:30,27.79,7.46,551.5,17.94,245.2,0.0,0,0,22,0,
2025-10-18T22:41:32,28.14,7.82,644.8,21.58,214.6,389.7,0,0,22,0,
2025-10-18T22:41:34,27.43,7.44,643.8,11.65,315.9,2340.0,0,1,22,0,
2025-10-18T22:41:36,26.51,7.74,563.1,18.72,371.2,2541.5,1,0,22,0,
2025-10-18T22:41:38,28.01,7.50,534.9,17.96,201.6,1507.1,0,1,22,0,
2025-10-18T22:41:40,29.16,7.71,663.7,13.91,327.1,0.0,0,0,22,0,
2025-10-18T22:41:42,26.19,7.41,674.9,14.66,227.4,1218.2,1,1,22,0,
2025-10-18T22:41:44,26.71,7.57,652.4,13.91,335.3,1202.7,1,0,22,0,
2025-10-18T22:41:46,27.02,7.67,790.9,19.34,271.6,1116.9,0,1,22,0,
2025-10-18T22:41:48,28.62,7.75,693.4,21.99,252.8,554.7,1,1,22,0,
2025-10-18T22:41:50,27.26,7.67,762.7,12.77,305.6,812.3,0,0,22,0,
2025-10-18T22:41:52,26.39,7.70,714.4,13.01,196.4,86.9,1,1,22,0,
2025-10-18T22:41:54,27.80,7.72,525.5,19.30,160.8,0.0,0,1,22,0,
2025-10-18T22:41:56,26.29,7.51,593.9,23.02,197.8,709.2,0,1,22,0,
2025-10-18T22:41:58,26.36,7.42,652.0,17.70,352.3,0.0,0,0,22,0,
2025-10-18T22:42:00,28.07,7.90,495.4,20.99,287.2,2945.0,1,0,22,0,
2025-10-18T22:42:02,27.08,8.09,592.1,8.93,293.1,1718.5,0,0,22,0,
2025-10-18T22:42:04,27.96,7.66,722.2,19.19,252.3,1481.5,1,1,22,0,
2025-10-18T22:42:06,27.26,7.68,588.2,8.74,213.2,1694.2,0,1,22,0,
2025-10-18T22:42:08,28.04,7.67,682.1,13.23,279.5,0.0,1,1,22,0,
2025-10-18T22:42:10,27.71,8.15,710.5,20.72,298.3,0.0,1,1,22,0,
2025-10-18T22:42:12,27.30,7.90,606.2,16.02,287.1,0.0,1,1,22,0,
2025-10-18T22:42:14,27.65,7.71,605.8,12.51,245.6,0.0,0,0,22,0,
2025-10-18T22:42:16,27.20,7.24,581.5,17.18,285.0,163.8,0,0,22,0,
2025-10-18T22:42:18,28.39,7.58,630.2,16.75,134.0,2112.4,1,1,22,0,
2025-10-18T22:42:20,27.29,7.54,720.3,10.19,296.1,0.0,1,1,22,0,
2025-10-18T22:42:22,28.22,7.77,586.0,14.01,298.3,1805.8,0,1,22,0,
2025-10-18T22:42:24,27.79,7.84,660.8,18.60,257.9,1391.4,0,1,22,0,
2025-10-18T22:42:26,28.12,7.39,610.2,16.10,289.1,1283.0,0,0,22,0,
2025-10-18T22:42:28,28.50,7.81,764.2,14.54,345.9,3236.7,0,0,22,0,
2025-10-18T22:42:30,27.15,7.38,734.1,13.94,241.5,1850.2,0,1,22,0,
2025-10-18T22:42:32,28.22,7.48,579.1,19.71,233.5,0.0,0,1,22,0,
2025-10-18T22:42:34,25.31,7.35,638.6,20.50,317.7,0.0,0,0,22,0,
2025-10-18T22:42:36,27.37,7.61,586.6,17.38,301.5,891.7,1,0,22,0,
2025-10-18T22:42:38,25.83,7.38,623.8,11.44,266.1,2099.7,0,1,22,0,
2025-10-18T22:42:40,28.89,7.62,624.3,15.85,308.2,0.0,1,1,22,0,
2025-10-18T22:42:42,28.71,7.50,629.1,21.10,265.7,0.0,1,1,22,0,
2025-10-18T22:42:44,27.51,7.67,646.2,13.89,307.6,1977.6,1,1,22,0,
2025-10-18T22:42:46,28.61,7.81,707.2,6.91,281.9,682.8,0,1,22,0,
2025-10-18T22:42:48,27.48,7.51,651.6,17.71,266.8,1609.3,0,1,22,0,
2025-10-18T22:42:50,27.67,7.58,697.5,14.31,309.3,1433.6,0,0,22,0,
2025-10-18T22:42:52,27.71,7.29,631.8,14.23,200.7,1982.2,0,0,22,0,
2025-10-18T22:42:54,27.17,7.60,620.1,11.95,221.1,468.5,1,0,22,0,
2025-10-18T22:42:56,28.04,7.71,588.2,15.45,283.3,329.0,0,0,22,0,
2025-10-18T22:42:58,25.55,7.68,800.9,11.11,235.4,1281.4,0,0,22,0,
2025-10-18T22:43:00,27.39,7.69,688.8,13.14,246.9,0.0,0,1,22,0,
2025-10-18T22:43:02,28.83,7.49,547.1,14.72,248.0,0.0,0,0,22,0,
2025-10-18T22:43:04,27.54,7.51,753.2,16.58,223.8,0.0,0,0,22,0,
2025-10-18T22:43:06,27.53,7.88,605.5,12.22,171.5,0.0,0,1,22,0,
2025-10-18T22:43:08,27.77,7.37,689.1,12.99,178.6,0.0,0,1,22,0,
2025-10-18T22:43:10,26.10,7.84,626.9,18.39,359.0,0.0,1,1,22,0,
2025-10-18T22:43:12,26.04,7.88,623.8,13.29,217.5,0.0,1,1,22,0,
2025-10-18T22:43:14,27.58,7.20,579.8,17.05,380.9,0.0,1,1,22,0,
2025-10-18T22:43:16,27.24,7.43,563.8,9.63,305.5,1311.3,0,1,22,0,
2025-10-18T22:43:18,28.51,8.10,505.7,17.24,287.5,568.8,1,0,22,0,
2025-10-18T22:43:20,27.49,8.09,545.4,18.05,201.4,0.0,1,1,22,0,
2025-10-18T22:43:22,27.08,7.77,577.2,19.44,198.6,409.7,1,1,22,0,
2025-10-18T22:43:24,27.60,7.64,447.8,9.13,334.9,1092.8,1,0,22,0,
2025-10-18T22:43:26,29.12,7.63,700.2,13.13,249.7,1386.9,1,0,22,0,
2025-10-18T22:43:28,29.26,7.66,724.5,12.86,266.4,452.5,1,1,22,0,
2025-10-18T22:43:30,28.40,7.79,592.1,8.91,302.9,0.0,0,0,22,0,
2025-10-18T22:43:32,27.34,7.96,654.7,11.48,220.6,0.0,0,1,22,0,
2025-10-18T22:43:34,28.60,8.20,751.6,13.07,331.7,258.0,1,0,22,0,
2025-10-18T22:43:36,27.15,7.85,572.6,12.49,262.8,0.0,0,0,22,0,
2025-10-18T22:43:38,30.00,7.41,722.7,8.21,275.5,0.0,1,1,22,0,
2025-10-18T22:43:40,26.44,7.63,679.6,11.29,348.2,1918.9,1,0,22,0,
2025-10-18T22:43:42,25.85,7.54,665.5,18.79,340.6,1491.4,1,1,22,0,
2025-10-18T22:43:44,27.63,7.37,691.3,17.28,273.1,0.0,0,0,22,0,
2025-10-18T22:43:46,27.66,7.52,624.2,19.54,302.5,0.0,1,1,22,0,
2025-10-18T22:43:48,27.54,7.57,577.2,7.43,365.3,0.0,0,0,22,0,
2025-10-18T22:43:50,26.58,7.88,622.0,11.09,235.7,0.0,0,0,22,0,
2025-10-18T22:43:52,27.67,7.76,653.8,15.90,272.3,0.0,0,1,22,0,
2025-10-18T22:43:54,26.41,7.95,716.0,13.51,299.7,125.3,0,0,22,0,
2025-10-18T22:43:56,28.38,7.64,558.2,19.52,299.2,0.0,0,1,22,0,
2025-10-18T22:43:58,26.71,7.81,590.1,15.55,378.1,0.0,0,1,22,0,
2025-10-18T22:44:00,27.19,7.59,564.2,8.80,258.3,0.0,1,0,22,0,
2025-10-18T22:44:02,29.78,8.14,606.5,10.61,310.5,0.0,0,1,22,0,
2025-10-18T22:44:04,28.40,7.64,650.6,12.57,269.1,0.0,0,1,22,0,
2025-10-18T22:44:06,27.97,7.57,558.4,15.31,360.3,0.0,0,0,22,0,
2025-10-18T22:44:08,26.82,7.61,534.7,4.05,282.7,0.0,0,1,22,0,
2025-10-18T22:44:10,27.40,7.54,671.4,11.86,342.5,1833.9,0,0,22,0,
2025-10-18T22:44:12,28.43,7.41,587.6,15.63,335.1,1763.3,1,1,22,0,
2025-10-18T22:44:14,27.90,7.99,627.1,14.46,269.2,0.0,0,0,22,0,
2025-10-18T22:44:16,28.92,8.05,507.5,18.40,302.1,0.0,0,1,22,0,
2025-10-18T22:44:18,29.99,7.84,572.8,10.66,355.8,0.0,0,1,22,0,
2025-10-18T22:44:20,27.66,7.89,561.9,5.80,249.4,0.0,0,0,22,0,
2025-10-18T22:44:22,26.75,7.37,695.1,10.65,267.4,2131.9,1,1,22,0,
2025-10-18T22:44:24,28.51,7.78,587.2,10.83,351.0,383.3,0,1,22,0,
2025-10-18T22:44:26,27.55,7.30,661.8,19.18,243.9,0.0,0,1,22,0,
2025-10-18T22:44:28,29.42,7.83,640.5,12.54,284.2,0.0,0,1,22,0,
2025-10-18T22:44:30,28.00,7.45,535.9,14.37,258.1,0.0,1,0,22,0,
2025-10-18T22:44:32,29.48,7.57,667.9,19.90,309.8,1731.1,0,1,22,0,
2025-10-18T22:44:34,28.02,7.76,675.6,19.36,288.7,0.0,0,1,22,0,
2025-10-18T22:44:36,26.86,7.85,478.6,19.48,326.5,120.6,0,1,22,0,
2025-10-18T22:44:38,27.87,7.37,541.6,16.78,257.4,0.0,0,1,22,0,
2025-10-18T22:44:40,27.00,7.63,733.3,19.32,282.9,1020.8,1,0,22,0,
2025-10-18T22:44:42,28.78,7.59,642.0,18.69,333.1,1531.4,1,1,22,0,
2025-10-18T22:44:44,26.17,7.95,604.4,15.98,278.5,1593.1,0,1,22,0,
2025-10-18T22:44:46,28.92,7.80,736.1,14.82,298.7,1383.9,0,0,22,0,
2025-10-18T22:44:48,26.86,7.53,752.7,25.27,268.5,249.9,0,1,22,0,
2025-10-18T22:44:50,27.91,7.73,603.3,14.56,246.8,0.0,1,1,22,0,
2025-10-18T22:44:52,28.04,7.56,696.0,15.24,332.6,0.0,1,0,22,0,
2025-10-18T22:44:54,28.25,7.95,582.8,21.96,212.7,232.0,0,0,22,0,
2025-10-18T22:44:56,26.43,7.57,662.1,13.52,331.6,0.0,1,0,22,0,
2025-10-18T22:44:58,28.69,7.61,515.1,10.64,251.6,226.0,1,1,22,0,
2025-10-18T22:45:00,27.86,7.75,545.4,19.50,363.6,854.0,0,0,22,0,
2025-10-18T22:45:02,27.61,7.93,616.1,12.55,378.1,0.0,0,1,22,0,
2025-10-18T22:45:04,25.67,7.87,722.4,10.02,243.1,2721.1,0,1,22,0,
2025-10-18T22:45:06,27.45,7.74,727.4,18.10,311.1,0.0,1,0,22,0,
2025-10-18T22:45:08,26.61,7.58,754.2,7.73,221.8,887.2,0,1,22,0,
2025-10-18T22:45:10,24.45,7.59,710.6,11.00,216.9,1204.4,0,0,22,0,
2025-10-18T22:45:12,27.29,7.36,627.9,12.01,270.7,0.0,0,0,22,0,
2025-10-18T22:45:14,26.39,7.61,486.7,8.54,228.1,0.0,0,1,22,0,
2025-10-18T22:45:16,29.13,7.83,455.8,14.15,232.5,757.9,1,1,22,0,
2025-10-18T22:45:18,28.19,7.58,512.2,13.34,314.2,916.5,1,1,22,0,
2025-10-18T22:45:20,27.51,7.40,640.1,18.34,352.1,0.0,0,1,22,0,
2025-10-18T22:45:22,26.39,7.72,562.5,15.28,243.3,0.0,1,1,22,0,
2025-10-18T22:45:24,28.05,7.58,608.2,16.46,256.9,149.4,0,1,22,0,
2025-10-18T22:45:26,28.34,7.82,685.2,19.85,288.3,1508.6,1,1,22,0,
2025-10-18T22:45:28,28.28,7.99,686.3,17.71,297.4,0.0,1,1,22,0,
2025-10-18T22:45:30,26.45,7.97,642.4,17.46,333.3,471.0,0,0,22,0,
2025-10-18T22:45:32,27.92,7.77,525.3,15.77,274.3,1576.6,0,0,22,0,
2025-10-18T22:45:34,27.42,7.49,641.1,6.77,155.3,82.9,0,1,22,0,
2025-10-18T22:45:36,27.93,7.72,668.3,15.31,186.1,120.0,1,0,22,0,
2025-10-18T22:45:38,26.25,8.12,622.1,10.74,264.4,1685.6,0,1,22,0,
2025-10-18T22:45:40,28.22,7.86,628.4,21.82,396.1,0.0,1,0,22,0,
2025-10-18T22:45:42,28.05,7.96,668.0,9.22,245.2,107.0,0,0,22,0,
2025-10-18T22:45:44,27.17,7.55,641.2,15.83,406.3,0.0,0,0,22,0,
2025-10-18T22:45:46,27.84,7.69,578.0,16.88,253.3,0.0,1,1,22,0,
2025-10-18T22:45:48,26.31,7.64,609.5,17.99,270.2,1397.9,0,1,22,0,
2025-10-18T22:45:50,27.85,7.68,737.5,17.13,294.7,1657.5,0,1,22,0,
2025-10-18T22:45:52,28.47,8.11,589.0,17.58,287.5,252.8,0,0,22,0,
2025-10-18T22:45:54,26.88,7.95,549.7,20.32,227.9,0.0,0,1,22,0,
2025-10-18T22:45:56,26.20,7.94,706.7,19.82,333.2,1396.8,0,0,22,0,
2025-10-18T22:45:58,28.11,7.95,652.6,14.29,231.7,0.0,0,0,22,0,
2025-10-18T22:46:00,28.03,7.97,672.0,15.71,240.1,0.0,0,0,22,0,
2025-10-18T22:46:02,29.64,7.36,688.3,12.32,255.3,0.0,1,1,22,0,
2025-10-18T22:46:04,28.57,7.56,721.8,15.74,270.5,0.0,1,0,22,0,
2025-10-18T22:46:06,27.98,7.36,623.9,10.98,235.7,0.0,0,1,22,0,
2025-10-18T22:46:08,27.60,7.46,641.0,11.02,275.3,1004.8,1,1,22,0,
2025-10-18T22:46:10,26.99,7.27,647.5,10.73,262.4,0.0,1,1,22,0,
2025-10-18T22:46:12,27.30,7.42,638.2,16.08,281.1,514.3,1,0,22,0,
2025-10-18T22:46:14,28.24,7.59,653.3,9.45,280.6,2727.1,0,1,22,0,
2025-10-18T22:46:16,26.89,7.88,608.1,16.22,260.8,0.0,0,1,22,0,
2025-10-18T22:46:18,26.99,7.55,748.5,17.59,297.3,0.0,0,1,22,0,
2025-10-18T22:46:20,28.70,7.62,748.4,14.08,285.0,0.0,0,1,22,0,
2025-10-18T22:46:22,26.57,7.33,569.1,11.22,295.8,0.0,1,0,22,0,
2025-10-18T22:46:24,28.13,7.35,656.4,17.41,272.2,0.0,0,1,22,0,
2025-10-18T22:46:26,27.84,7.78,657.4,13.03,191.2,254.8,0,1,22,0,
2025-10-18T22:46:28,27.89,7.77,552.6,18.38,299.3,348.8,1,0,22,0,
2025-10-18T22:46:30,28.01,7.64,516.8,13.92,306.7,0.0,1,1,22,0,
2025-10-18T22:46:32,28.31,7.36,615.1,14.06,280.2,705.0,1,0,22,0,
2025-10-18T22:46:34,29.94,7.70,660.0,14.50,275.6,0.0,0,1,22,0,
2025-10-18T22:46:36,26.45,7.69,588.8,15.82,264.3,826.4,1,0,22,0,
2025-10-18T22:46:38,27.28,7.59,642.8,13.34,260.9,1724.2,0,1,22,0,
2025-10-18T22:46:40,27.77,7.64,592.5,16.00,258.0,0.0,0,1,22,0,
2025-10-18T22:46:42,28.85,7.41,660.5,16.58,299.6,533.8,0,1,22,0,
2025-10-18T22:46:44,27.26,7.59,767.4,10.84,339.4,0.0,1,1,22,0,
2025-10-18T22:46:46,26.50,7.48,688.9,19.81,247.7,2568.1,1,1,22,0,
2025-10-18T22:46:48,28.75,7.51,744.5,12.01,274.7,0.0,1,0,22,0,
2025-10-18T22:46:50,28.38,7.89,598.2,18.60,262.7,0.0,0,1,22,0,
2025-10-18T22:46:52,25.59,7.42,622.6,16.71,314.8,90.9,1,1,22,0,
2025-10-18T22:46:54,26.37,7.80,521.4,18.66,230.4,2301.5,0,1,22,0,
2025-10-18T22:46:56,26.68,7.77,543.6,13.96,303.5,0.0,0,1,22,0,
2025-10-18T22:46:58,26.38,7.52,626.8,8.77,280.4,225.6,0,1,22,0,
2025-10-18T22:47:00,25.49,7.48,649.6,14.33,217.5,2327.9,0,0,22,0,
2025-10-18T22:47:02,27.46,7.77,741.1,6.49,315.0,0.0,0,1,22,0,
2025-10-18T22:47:04,29.09,8.05,608.6,11.27,420.4,717.2,1,0,22,0,
2025-10-18T22:47:06,27.42,7.59,701.9,8.10,331.5,371.6,1,1,22,0,
2025-10-18T22:47:08,26.10,7.51,654.2,17.05,276.3,0.0,0,1,22,0,
2025-10-18T22:47:10,26.91,7.76,649.2,8.95,272.7,913.4,0,1,22,0,
2025-10-18T22:47:12,27.61,7.42,760.1,15.52,232.1,0.0,0,0,22,0,
2025-10-18T22:47:14,28.53,7.55,609.4,10.94,361.8,3257.8,0,0,22,0,
2025-10-18T22:47:16,28.04,7.76,591.9,13.09,316.8,2239.5,0,0,22,0,
2025-10-18T22:47:18,28.01,7.45,589.2,20.29,295.4,0.0,0,0,22,0,
2025-10-18T22:47:20,27.75,7.75,712.0,17.55,287.5,0.0,1,1,22,0,
2025-10-18T22:47:22,28.71,7.77,630.5,11.56,205.7,0.0,1,1,22,0,
2025-10-18T22:47:24,28.75,7.62,514.1,12.24,325.8,464.5,0,1,22,0,
2025-10-18T22:47:26,27.14,7.79,591.0,16.57,281.0,0.0,0,0,22,0,
2025-10-18T22:47:28,28.35,7.78,626.3,13.16,291.1,0.0,0,1,22,0,
2025-10-18T22:47:30,26.09,7.46,618.0,17.22,168.6,789.2,1,0,22,0,
2025-10-18T22:47:32,28.82,7.42,560.2,9.36,355.1,3176.3,0,0,22,0,
2025-10-18T22:47:34,26.39,7.28,561.3,20.89,252.4,1241.7,0,1,22,0,
2025-10-18T22:47:36,28.80,7.44,591.5,16.78,263.3,0.0,1,0,22,0,
2025-10-18T22:47:38,25.97,7.67,716.4,21.32,141.4,0.0,0,1,22,0,
2025-10-18T22:47:40,28.25,7.76,666.0,14.04,270.2,1426.6,1,1,22,0,
2025-10-18T22:47:42,27.70,7.51,574.9,15.51,337.0,0.0,1,1,22,0,
2025-10-18T22:47:44,27.37,7.64,672.8,11.86,356.4,0.0,1,1,22,0,
2025-10-18T22:47:46,28.84,7.25,553.7,19.32,237.1,79.2,0,0,22,0,
2025-10-18T22:47:48,26.66,7.46,625.0,12.01,283.0,0.0,0,1,22,0,
2025-10-18T22:47:50,28.10,7.83,690.2,16.76,256.3,265.7,0,0,22,0,
2025-10-18T22:47:52,28.41,7.53,725.4,18.33,388.0,0.0,0,1,22,0,
2025-10-18T22:47:54,27.23,7.81,708.8,14.90,261.5,0.0,1,1,22,0,
2025-10-18T22:47:56,28.17,7.85,588.9,12.29,353.1,491.1,1,0,22,0,
2025-10-18T22:47:58,26.98,7.82,605.0,15.22,371.8,0.0,0,1,22,0,
2025-10-18T22:48:00,27.35,7.60,692.7,16.72,254.0,2228.5,0,1,22,0,
2025-10-18T22:48:02,27.26,7.52,642.9,13.46,321.0,0.0,0,1,22,0,
2025-10-18T22:48:04,27.05,7.83,522.3,15.94,325.2,1950.9,1,0,22,0,
2025-10-18T22:48:06,27.50,7.68,647.5,9.72,352.1,1096.3,0,1,22,0,
2025-10-18T22:48:08,29.72,7.62,622.9,8.47,267.3,850.8,0,1,22,0,
2025-10-18T22:48:10,27.89,7.59,698.2,14.23,275.3,104.4,0,0,22,0,
2025-10-18T22:48:12,28.29,7.82,659.1,14.65,310.0,3936.9,0,1,22,0,
2025-10-18T22:48:14,28.04,7.83,528.2,23.05,351.0,0.0,1,0,22,0,
2025-10-18T22:48:16,29.51,7.70,487.2,14.89,255.1,0.0,0,1,22,0,
2025-10-18T22:48:18,26.93,7.86,510.1,14.01,305.9,689.1,0,1,22,0,
2025-10-18T22:48:20,26.67,7.52,528.5,20.23,257.8,0.0,1,0,22,0,
2025-10-18T22:48:22,29.18,7.48,754.7,14.79,343.3,1350.7,0,1,22,0,
2025-10-18T22:48:24,26.10,7.67,656.8,14.19,211.9,755.5,1,1,22,0,
2025-10-18T22:48:26,27.04,7.73,562.2,16.10,300.8,1605.2,1,0,22,0,
2025-10-18T22:48:28,28.40,7.55,674.8,9.36,279.6,0.0,1,1,22,0,
2025-10-18T22:48:30,27.21,8.06,615.8,22.61,295.9,0.0,1,0,22,0,
2025-10-18T22:48:32,27.46,7.68,666.7,18.18,321.5,0.0,0,1,22,0,
2025-10-18T22:48:34,30.34,7.50,637.7,25.76,307.9,2004.1,0,0,22,0,
2025-10-18T22:48:36,27.18,7.61,501.7,6.68,334.9,2810.4,0,1,22,0,
2025-10-18T22:48:38,28.91,7.87,529.1,14.85,302.6,0.0,0,1,22,0,
2025-10-18T22:48:40,25.53,7.50,636.9,16.70,208.5,875.3,0,1,22,0,
2025-10-18T22:48:42,27.07,7.23,688.5,16.87,278.6,0.0,0,0,22,0,
2025-10-18T22:48:44,27.18,7.78,675.1,12.99,239.8,0.0,0,0,22,0,
2025-10-18T22:48:46,27.77,7.37,602.4,24.24,225.4,0.0,0,1,22,0,
2025-10-18T22:48:48,26.43,7.73,672.6,17.03,299.1,0.0,0,1,22,0,
2025-10-18T22:48:50,28.07,7.49,613.3,15.05,404.5,1699.5,1,0,22,0,
2025-10-18T22:48:52,27.05,7.78,734.7,11.04,283.4,300.8,1,0,22,0,
2025-10-18T22:48:54,27.42,7.63,848.4,13.08,204.5,314.9,0,1,22,0,
2025-10-18T22:48:56,27.49,7.20,634.0,15.92,345.2,361.8,1,0,22,0,
2025-10-18T22:48:58,28.07,7.75,604.9,17.49,261.8,0.0,1,1,22,0,
2025-10-18T22:49:00,28.40,7.61,572.6,13.94,278.1,0.0,0,1,22,0,
2025-10-18T22:49:02,27.79,7.78,571.6,7.29,269.3,1491.9,0,0,22,0,
2025-10-18T22:49:04,27.00,7.99,705.6,13.67,322.8,0.0,0,0,22,0,
2025-10-18T22:49:06,26.72,7.47,546.2,17.22,225.3,1530.2,1,1,22,0,
2025-10-18T22:49:08,28.65,7.71,578.1,13.27,316.7,0.0,0,1,22,0,
2025-10-18T22:49:10,28.16,7.68,573.4,21.35,266.6,543.8,0,1,22,0,
2025-10-18T22:49:12,27.68,7.56,623.7,15.54,250.7,1498.3,0,0,22,0,
2025-10-18T22:49:14,26.78,7.59,559.3,12.08,315.4,800.9,0,0,22,0,
2025-10-18T22:49:16,27.83,7.60,685.2,12.39,281.9,0.0,1,1,22,0,
2025-10-18T22:49:18,27.94,7.44,701.1,14.74,304.0,723.1,1,1,22,0,
2025-10-18T22:49:20,26.95,7.58,542.6,8.82,400.8,0.0,1,0,22,0,
2025-10-18T22:49:22,26.03,7.90,645.2,14.44,267.2,0.0,1,0,22,0,
2025-10-18T22:49:24,27.48,7.50,629.6,10.96,235.3,0.0,0,1,22,0,
2025-10-18T22:49:26,27.27,7.45,734.3,6.49,318.5,1056.2,0,1,22,0,
2025-10-18T22:49:28,27.72,7.67,676.8,17.17,257.5,0.0,1,1,22,0,
2025-10-18T22:49:30,28.31,7.55,801.3,8.08,381.3,0.0,1,0,22,0,
2025-10-18T22:49:32,29.27,7.97,683.7,16.62,203.6,0.0,1,1,22,0,
2025-10-18T22:49:34,28.25,7.83,725.7,20.67,282.2,0.0,0,1,22,0,
2025-10-18T22:49:36,27.17,7.69,537.4,14.09,200.4,0.0,1,0,22,0,
2025-10-18T22:49:38,27.71,7.81,619.7,16.59,175.8,0.0,0,0,22,0,
2025-10-18T22:49:40,27.70,7.74,652.3,14.75,318.3,200.5,0,1,22,0,
2025-10-18T22:49:42,28.09,7.74,555.8,12.36,338.6,0.0,1,1,22,0,
2025-10-18T22:49:44,28.21,7.86,670.2,13.56,182.1,2994.8,0,1,22,0,
2025-10-18T22:49:46,27.71,7.53,620.7,17.36,241.0,2766.8,0,1,22,0,
2025-10-18T22:49:48,28.66,7.43,636.8,23.46,285.1,431.1,0,1,22,0,
2025-10-18T22:49:50,27.40,8.12,692.3,17.14,318.0,1461.6,0,1,22,0,
2025-10-18T22:49:52,27.54,7.75,560.4,9.78,239.4,666.1,0,0,22,0,
2025-10-18T22:49:54,26.57,7.62,531.2,17.45,195.7,0.0,1,1,22,0,
2025-10-18T22:49:56,28.29,7.69,657.6,15.74,291.3,2046.9,0,1,22,0,
2025-10-18T22:49:58,28.78,7.85,668.2,12.83,306.5,2482.8,1,1,22,0,
2025-10-18T22:50:00,26.40,7.47,696.7,17.64,260.8,0.0,1,0,22,0,
2025-10-18T22:50:02,27.66,7.83,668.9,16.09,304.6,0.0,1,1,22,0,
2025-10-18T22:50:04,27.32,7.77,625.6,16.59,233.6,0.0,0,0,22,0,
2025-10-18T22:50:06,26.70,7.54,628.5,16.93,309.9,0.0,0,0,22,0,
2025-10-18T22:50:08,27.06,7.64,646.8,16.41,249.8,2272.3,0,0,22,0,
2025-10-18T22:50:10,28.29,7.65,561.6,15.32,331.1,231.1,0,0,22,0,
2025-10-18T22:50:12,27.87,7.27,705.0,11.90,343.5,1506.2,0,1,22,0,
2025-10-18T22:50:14,29.36,7.61,607.1,13.14,238.8,134.3,0,0,22,0,
2025-10-18T22:50:16,26.66,7.92,688.2,24.34,188.2,0.0,0,0,22,0,
2025-10-18T22:50:18,28.39,7.53,710.7,13.73,272.0,2221.0,0,1,22,0,
2025-10-18T22:50:20,25.10,7.98,620.6,16.08,230.0,0.0,0,1,22,0,
2025-10-18T22:50:22,25.33,7.81,643.2,11.82,343.5,0.0,0,1,22,0,
2025-10-18T22:50:24,28.98,8.08,554.3,10.85,265.0,1209.6,0,1,22,0,
2025-10-18T22:50:26,28.31,7.70,608.7,14.27,260.0,1514.8,0,1,22,0,
2025-10-18T22:50:28,27.59,7.85,599.2,22.75,232.2,0.0,1,1,22,0,
2025-10-18T22:50:30,27.21,8.32,658.5,20.01,313.8,597.9,0,1,22,0,
2025-10-18T22:50:32,28.08,7.40,466.4,19.88,314.9,750.0,1,1,22,0,
2025-10-18T22:50:34,26.35,7.54,587.5,19.72,265.1,0.0,1,0,22,0,
2025-10-18T22:50:36,27.48,7.74,538.0,12.71,228.8,0.0,0,1,22,0,
2025-10-18T22:50:38,28.23,7.83,564.7,23.62,265.6,0.0,0,1,22,0,
2025-10-18T22:50:40,27.42,7.69,464.0,11.36,198.8,1240.7,0,1,22,0,
2025-10-18T22:50:42,27.65,7.90,689.1,18.59,238.0,0.0,0,1,22,0,
2025-10-18T22:50:44,27.52,7.67,678.4,7.37,262.2,235.8,1,0,22,0,
2025-10-18T22:50:46,27.12,7.51,675.5,16.90,231.0,265.9,1,0,22,0,
2025-10-18T22:50:48,26.93,7.37,672.8,15.89,335.7,1929.3,0,1,22,0,
2025-10-18T22:50:50,26.81,7.31,609.0,18.28,286.2,109.2,0,0,22,0,
2025-10-18T22:50:52,27.61,7.66,599.7,13.77,310.5,661.1,0,0,22,0,
2025-10-18T22:50:54,27.31,7.68,679.4,17.82,381.3,0.0,0,1,22,0,
2025-10-18T22:50:56,28.19,7.39,689.5,10.71,208.7,941.0,1,0,22,0,
2025-10-18T22:50:58,27.30,7.56,623.4,9.98,235.0,292.9,0,0,22,0,
2025-10-18T22:51:00,26.27,7.67,544.1,18.91,324.6,1028.0,0,1,22,0,
2025-10-18T22:51:02,26.48,7.73,687.3,15.24,208.8,0.0,0,1,22,0,
2025-10-18T22:51:04,29.53,7.38,518.1,16.28,253.8,4025.2,1,0,22,0,
2025-10-18T22:51:06,26.77,7.66,609.1,11.17,354.2,905.8,1,0,22,0,
2025-10-18T22:51:08,26.84,7.93,640.9,11.85,283.7,0.0,1,0,22,0,
2025-10-18T22:51:10,27.06,7.51,526.9,16.04,168.1,0.0,0,1,22,0,
2025-10-18T22:51:12,28.15,7.79,690.2,13.97,238.6,0.0,1,0,22,0,
2025-10-18T22:51:14,27.82,7.74,756.3,20.78,188.1,469.2,0,0,22,0,
2025-10-18T22:51:16,27.53,7.51,663.0,13.54,352.1,0.0,0,1,22,0,
2025-10-18T22:51:18,27.26,7.60,643.6,13.72,286.3,0.0,0,0,22,0,
2025-10-18T22:51:20,27.00,7.94,477.1,23.34,247.2,0.0,1,1,22,0,
2025-10-18T22:51:22,27.46,7.79,695.3,21.24,293.0,0.0,0,0,22,0,
2025-10-18T22:51:24,27.30,7.54,682.5,7.13,244.2,1227.1,0,1,22,0,
2025-10-18T22:51:26,28.18,7.96,713.1,11.96,176.1,183.6,0,1,22,0,
2025-10-18T22:51:28,26.85,7.88,592.4,14.21,333.0,725.6,1,1,22,0,
2025-10-18T22:51:30,28.99,7.82,617.5,16.91,289.1,2004.9,1,1,22,0,
2025-10-18T22:51:32,29.49,7.50,627.1,21.24,381.4,1294.4,0,1,22,0,
2025-10-18T22:51:34,26.03,7.48,703.0,13.04,264.9,402.9,0,1,22,0,
2025-10-18T22:51:36,25.62,7.74,626.6,15.98,257.5,1046.2,1,0,22,0,
2025-10-18T22:51:38,28.33,7.85,611.9,5.96,221.5,0.0,1,1,22,0,
2025-10-18T22:51:40,29.45,7.52,593.4,8.48,431.1,988.9,0,0,22,0,
2025-10-18T22:51:42,27.32,7.61,467.3,11.93,277.9,525.4,1,1,22,0,
2025-10-18T22:51:44,27.04,7.49,583.1,22.35,291.3,68.0,1,0,22,0,
2025-10-18T22:51:46,28.02,7.43,695.7,10.34,274.7,0.0,1,0,22,0,
2025-10-18T22:51:48,27.28,7.46,593.8,15.97,171.5,1254.8,0,1,22,0,
2025-10-18T22:51:50,27.93,7.86,675.5,16.03,246.5,0.0,0,0,22,0,
2025-10-18T22:51:52,27.91,7.41,640.1,14.96,261.0,0.0,1,1,22,0,
2025-10-18T22:51:54,27.71,7.71,568.1,19.73,281.7,1283.7,0,1,22,0,
2025-10-18T22:51:56,27.86,7.72,627.9,20.01,190.4,192.7,1,0,22,0,
2025-10-18T22:51:58,27.86,7.97,741.7,12.49,258.8,2085.8,0,1,22,0,
2025-10-18T22:52:00,27.26,7.44,769.8,17.86,258.8,0.0,1,1,22,0,
2025-10-18T22:52:02,29.20,8.07,642.1,21.53,293.0,1430.5,0,1,22,0,
2025-10-18T22:52:04,28.98,7.62,582.7,11.44,328.7,1202.5,1,1,22,0,
2025-10-18T22:52:06,26.34,7.91,676.8,16.64,230.4,0.0,0,1,22,0,
2025-10-18T22:52:08,28.19,7.70,657.8,18.89,324.4,505.2,0,1,22,0,
2025-10-18T22:52:10,28.82,7.70,752.0,9.37,363.8,0.0,0,0,22,0,
2025-10-18T22:52:12,26.68,7.98,560.3,16.70,268.3,0.0,1,1,22,0,
2025-10-18T22:52:14,26.50,7.87,567.5,7.89,336.8,0.0,0,0,22,0,
2025-10-18T22:52:16,27.07,7.65,542.9,19.49,306.0,0.0,1,0,22,0,
2025-10-18T22:52:18,27.96,7.63,628.0,20.00,251.2,1315.8,0,1,22,0,
2025-10-18T22:52:20,26.75,7.37,663.4,9.91,330.6,1397.8,1,1,22,0,
2025-10-18T22:52:22,28.03,7.86,555.1,16.65,341.5,0.0,0,1,22,0,
2025-10-18T22:52:24,29.59,7.83,612.1,20.42,272.2,588.7,1,0,22,0,
2025-10-18T22:52:26,27.30,8.06,696.8,19.05,326.0,1668.7,1,1,22,0,
2025-10-18T22:52:28,28.93,7.73,687.0,10.95,364.4,699.9,1,0,22,0,
2025-10-18T22:52:30,27.56,7.81,567.9,7.89,227.1,1895.1,0,1,22,0,
2025-10-18T22:52:32,28.46,7.76,576.6,14.80,255.7,1318.9,0,1,22,0,
2025-10-18T22:52:34,26.45,7.34,666.7,17.78,291.8,0.0,0,0,22,0,
2025-10-18T22:52:36,25.22,7.76,598.2,13.36,402.0,1013.9,0,1,22,0,
2025-10-18T22:52:38,26.33,7.43,506.3,14.53,207.5,25.0,1,1,22,0,
2025-10-18T22:52:40,27.71,7.61,617.8,11.13,302.2,112.3,1,0,22,0,
2025-10-18T22:52:42,27.77,7.89,549.2,12.73,202.2,1240.1,0,1,22,0,
2025-10-18T22:52:44,28.56,7.73,553.4,14.34,267.4,2762.9,1,1,22,0,
2025-10-18T22:52:46,27.67,8.00,578.0,18.37,279.7,0.0,1,0,22,0,
2025-10-18T22:52:48,28.22,7.53,578.3,18.81,348.8,0.0,0,1,22,0,
2025-10-18T22:52:50,26.58,7.79,644.8,13.17,187.4,0.0,0,0,22,0,
2025-10-18T22:52:52,28.05,7.78,614.0,18.38,330.1,837.2,0,0,22,0,
2025-10-18T22:52:54,26.56,7.41,743.7,10.19,307.8,189.1,1,0,22,0,
2025-10-18T22:52:56,28.94,7.52,640.9,15.75,203.5,1015.0,0,1,22,0,
2025-10-18T22:52:58,28.95,7.33,682.0,12.88,222.6,1148.8,0,1,22,0,
2025-10-18T22:53:00,29.14,7.40,546.6,11.99,296.7,104.3,0,1,22,0,
2025-10-18T22:53:02,26.72,7.72,501.7,17.36,264.7,1665.9,1,1,22,0,
2025-10-18T22:53:04,27.80,7.22,655.0,14.35,338.5,0.0,1,0,22,0,
2025-10-18T22:53:06,26.90,7.81,534.9,14.71,303.4,0.0,1,1,22,0,
2025-10-18T22:53:08,25.83,7.49,509.7,11.29,236.5,669.5,1,1,22,0,
2025-10-18T22:53:10,28.63,7.95,607.7,3.02,296.3,1762.7,0,0,22,0,
2025-10-18T22:53:12,28.20,7.76,669.2,17.17,173.9,1211.1,1,0,22,0,
2025-10-18T22:53:14,29.10,7.64,720.3,12.29,303.7,858.2,0,0,22,0,
2025-10-18T22:53:16,29.51,7.73,712.5,13.76,281.9,0.0,0,1,22,0,
2025-10-18T22:53:18,28.22,8.12,525.6,12.19,177.2,0.0,1,1,22,0,
2025-10-18T22:53:20,27.13,7.29,558.0,16.46,271.0,2909.7,0,0,22,0,
2025-10-18T22:53:22,28.23,7.78,737.3,18.39,273.1,0.0,0,1,22,0,
2025-10-18T22:53:24,26.86,7.48,646.5,8.82,230.5,3043.9,0,0,22,0,
2025-10-18T22:53:26,27.82,7.49,684.0,10.06,290.6,0.0,0,1,22,0,
2025-10-18T22:53:28,28.17,7.81,726.1,12.91,277.0,918.6,0,0,22,0,
2025-10-18T22:53:30,27.48,7.79,750.2,8.10,337.1,0.0,1,1,22,0,
2025-10-18T22:53:32,27.02,7.61,659.8,18.75,275.6,1485.0,0,0,22,0,
2025-10-18T22:53:34,26.29,7.69,653.2,18.06,285.2,1276.2,0,0,22,0,
2025-10-18T22:53:36,26.94,7.78,596.7,15.22,366.3,1993.8,0,1,22,0,
2025-10-18T22:53:38,28.38,7.63,609.8,13.31,233.0,389.6,1,0,22,0,
2025-10-18T22:53:40,27.17,7.33,502.1,15.74,223.4,218.1,1,1,22,0,
2025-10-18T22:53:42,25.71,7.64,633.1,13.61,285.8,0.0,1,1,22,0,
2025-10-18T22:53:44,26.75,7.73,675.2,13.35,273.2,0.0,0,1,22,0,
2025-10-18T22:53:46,26.61,7.80,651.8,17.35,185.6,0.0,0,1,22,0,
2025-10-18T22:53:48,27.46,7.64,606.1,7.91,352.5,1294.6,0,0,22,0,
2025-10-18T22:53:50,26.36,7.56,562.1,14.56,290.2,895.6,0,0,22,0,
2025-10-18T22:53:52,27.81,8.02,681.2,13.09,299.2,2343.3,0,1,22,0,
2025-10-18T22:53:54,29.72,7.72,684.4,17.42,248.0,197.5,1,1,22,0,
2025-10-18T22:53:56,27.70,7.51,622.9,17.03,297.0,0.0,1,0,22,0,
2025-10-18T22:53:58,27.55,7.74,728.2,17.87,284.4,0.0,1,0,22,0,
2025-10-18T22:54:00,27.19,7.59,617.0,7.93,305.7,1914.1,1,1,22,0,
2025-10-18T22:54:02,27.40,7.66,620.9,17.66,272.8,2157.2,0,1,22,0,
2025-10-18T22:54:04,29.56,7.95,553.4,13.28,336.8,0.0,1,1,22,0,
2025-10-18T22:54:06,26.70,7.66,566.6,18.61,310.5,747.4,0,1,22,0,
2025-10-18T22:54:08,27.70,7.85,535.4,12.78,230.4,2335.7,0,1,22,0,
2025-10-18T22:54:10,28.47,8.01,575.0,15.19,328.0,1623.7,0,0,22,0,
2025-10-18T22:54:12,27.00,7.60,633.8,11.97,261.2,1297.7,1,1,22,0,
2025-10-18T22:54:14,26.76,7.58,735.1,15.21,283.1,0.0,0,1,22,0,
2025-10-18T22:54:16,27.14,7.52,606.5,10.35,388.9,0.0,1,1,22,0,
2025-10-18T22:54:18,27.33,7.48,629.8,12.62,279.6,0.0,0,0,22,0,
2025-10-18T22:54:20,28.52,7.71,688.3,21.34,188.8,307.1,0,1,22,0,
2025-10-18T22:54:22,27.32,7.86,584.6,23.69,250.3,0.0,0,1,22,0,
2025-10-18T22:54:24,27.31,7.57,581.2,14.61,214.3,0.0,0,1,22,0,
2025-10-18T22:54:26,25.55,7.77,728.2,12.18,297.8,0.0,0,0,22,0,
2025-10-18T22:54:28,28.53,7.67,643.3,16.21,327.1,0.0,1,0,22,0,
2025-10-18T22:54:30,26.82,7.62,701.0,16.69,308.3,1202.3,0,1,22,0,
2025-10-18T22:54:32,26.18,7.33,608.0,22.33,329.3,0.0,1,0,22,0,
2025-10-18T22:54:34,27.03,7.75,528.7,13.50,308.0,496.6,0,1,22,0,
2025-10-18T22:54:36,27.57,7.75,655.0,9.91,285.0,0.0,0,0,22,0,
2025-10-18T22:54:38,27.32,8.02,699.8,10.70,247.1,261.3,0,0,22,0,
2025-10-18T22:54:40,28.96,7.86,653.4,16.91,314.3,0.0,0,1,22,0,
2025-10-18T22:54:42,26.63,7.64,596.2,11.94,252.5,118.4,0,1,22,0,
2025-10-18T22:54:44,26.83,7.81,595.8,19.50,168.1,0.0,0,0,22,0,
2025-10-18T22:54:46,29.21,7.53,595.8,7.57,220.7,0.0,0,0,22,0,
2025-10-18T22:54:48,26.70,7.58,618.8,15.74,239.1,1292.0,0,0,22,0,
2025-10-18T22:54:50,27.86,7.91,793.7,14.88,254.5,712.0,0,1,22,0,
2025-10-18T22:54:52,26.57,7.75,688.3,15.12,323.8,868.7,1,0,22,0,
2025-10-18T22:54:54,27.42,7.63,615.5,19.51,361.6,708.2,1,0,22,0,
2025-10-18T22:54:56,29.25,7.59,732.7,8.06,357.8,85.6,0,1,22,0,
2025-10-18T22:54:58,28.66,7.42,634.9,13.96,394.7,654.8,1,0,22,0,
2025-10-18T22:55:00,27.93,7.58,509.6,18.74,353.5,807.9,1,1,22,0,
2025-10-18T22:55:02,25.12,7.50,661.2,20.18,384.2,399.0,0,1,22,0,
2025-10-18T22:55:04,27.11,7.24,484.2,10.01,150.0,0.0,0,0,22,0,
2025-10-18T22:55:06,27.44,7.60,665.5,10.80,277.0,0.0,0,1,22,0,
2025-10-18T22:55:08,27.94,7.89,682.0,20.87,282.3,24.2,1,1,22,0,
2025-10-18T22:55:10,26.97,7.88,598.0,10.12,253.4,280.3,1,0,22,0,
2025-10-18T22:55:12,28.07,7.91,744.7,13.54,289.3,0.0,1,1,22,0,
2025-10-18T22:55:14,27.49,7.51,680.3,10.11,309.2,0.0,0,1,22,0,
2025-10-18T22:55:16,28.93,7.76,644.8,16.98,264.2,1038.2,1,0,22,0,
2025-10-18T22:55:18,27.93,7.81,610.2,12.03,207.8,236.9,1,0,22,0,
2025-10-18T22:55:20,26.39,7.75,637.4,14.05,307.6,0.0,0,1,22,0,
2025-10-18T22:55:22,27.35,7.48,674.6,8.38,302.5,2214.3,0,0,22,0,
2025-10-18T22:55:24,27.71,7.58,635.9,11.94,266.4,191.4,1,0,22,0,
2025-10-18T22:55:26,27.79,7.76,570.3,13.00,227.2,1414.7,1,0,22,0,
2025-10-18T22:55:28,26.35,7.37,701.1,15.21,239.7,1863.0,1,0,22,0,
2025-10-18T22:55:30,27.25,7.87,633.7,15.77,302.1,0.0,0,1,22,0,
2025-10-18T22:55:32,26.22,7.88,626.9,18.87,236.5,1915.8,1,0,22,0,
2025-10-18T22:55:34,28.70,7.42,695.6,12.22,196.6,1270.2,0,1,22,0,
2025-10-18T22:55:36,28.66,7.70,757.0,11.09,408.5,0.0,1,0,22,0,
2025-10-18T22:55:38,27.61,7.55,539.4,23.79,326.5,0.0,0,0,22,0,
2025-10-18T22:55:40,27.08,7.69,667.5,15.01,314.5,0.0,1,1,22,0,
2025-10-18T22:55:42,27.71,7.74,631.5,21.07,310.1,0.0,0,1,22,0,
2025-10-18T22:55:44,26.25,7.72,579.1,6.62,229.1,0.0,0,0,22,0,
2025-10-18T22:55:46,27.99,7.72,631.1,12.87,297.1,0.0,0,0,22,0,
2025-10-18T22:55:48,26.80,7.75,701.0,17.02,275.6,0.0,1,0,22,0,
2025-10-18T22:55:50,27.70,7.47,558.3,21.29,209.5,0.0,0,0,22,0,
2025-10-18T22:55:52,27.98,7.76,646.1,19.15,237.2,1845.1,0,1,22,0,
2025-10-18T22:55:54,26.33,7.90,800.4,17.19,251.0,515.0,0,0,22,0,
2025-10-18T22:55:56,27.24,7.68,615.3,13.30,344.4,0.0,1,1,22,0,
2025-10-18T22:55:58,26.81,7.57,550.5,16.30,334.0,0.0,0,1,22,0,
2025-10-18T22:56:00,27.53,7.94,527.7,10.63,229.4,535.7,0,1,22,0,
2025-10-18T22:56:02,26.76,7.62,671.5,4.04,227.0,0.0,0,1,22,0,
2025-10-18T22:56:04,26.51,8.06,588.8,13.58,314.1,0.0,0,1,22,0,
2025-10-18T22:56:06,27.51,7.76,561.2,15.25,344.3,0.0,1,1,22,0,
2025-10-18T22:56:08,27.12,8.01,585.6,14.33,273.6,326.1,1,0,22,0,
2025-10-18T22:56:10,26.90,7.55,739.7,16.49,280.2,706.6,1,0,22,0,
2025-10-18T22:56:12,26.96,7.50,599.1,25.56,264.6,0.0,0,0,22,0,
2025-10-18T22:56:14,27.48,7.42,601.0,15.41,258.4,685.4,0,0,22,0,
2025-10-18T22:56:16,28.25,7.53,656.1,14.80,362.1,0.0,0,1,22,0,
2025-10-18T22:56:18,28.26,7.61,544.9,8.21,310.4,0.0,1,1,22,0,
2025-10-18T22:56:20,27.55,7.83,491.2,14.31,283.9,2625.8,1,1,22,0,
2025-10-18T22:56:22,27.66,7.45,625.6,8.06,266.2,2179.1,0,0,22,0,
2025-10-18T22:56:24,27.29,7.52,616.6,15.43,255.1,498.4,1,0,22,0,
2025-10-18T22:56:26,28.38,7.63,630.4,15.75,271.0,573.2,1,0,22,0,
2025-10-18T22:56:28,28.16,7.42,586.6,12.32,182.8,2192.3,1,1,22,0,
2025-10-18T22:56:30,27.04,7.84,516.0,16.56,300.8,2219.7,0,1,22,0,
2025-10-18T22:56:32,29.32,7.74,724.9,13.86,233.1,0.0,1,0,22,0,
2025-10-18T22:56:34,27.09,7.78,586.1,20.50,355.7,482.1,1,1,22,0,
2025-10-18T22:56:36,24.89,7.94,814.5,16.58,220.1,0.0,1,0,22,0,
2025-10-18T22:56:38,28.43,7.86,646.5,13.54,313.9,4391.8,0,1,22,0,
2025-10-18T22:56:40,28.44,7.95,621.1,10.97,203.0,1389.7,0,0,22,0,
2025-10-18T22:56:42,27.24,7.83,742.6,20.12,370.3,0.0,1,1,22,0,
2025-10-18T22:56:44,26.21,7.91,549.9,15.14,307.7,0.0,0,1,22,0,
2025-10-18T22:56:46,27.33,7.90,588.6,18.86,336.3,2816.3,1,0,22,0,
2025-10-18T22:56:48,28.51,7.63,564.4,10.80,329.3,1609.2,0,0,22,0,
2025-10-18T22:56:50,27.36,7.18,603.9,17.70,223.6,0.0,1,1,22,0,
2025-10-18T22:56:52,27.52,7.25,577.7,10.82,350.1,0.0,1,1,22,0,
2025-10-18T22:56:54,27.99,7.57,773.7,11.53,259.8,1166.2,0,1,22,0,
2025-10-18T22:56:56,26.95,7.70,459.2,7.69,322.8,0.0,0,1,22,0,
2025-10-18T22:56:58,26.96,7.55,664.2,13.87,143.0,963.7,1,1,22,0,
2025-10-18T22:57:00,26.80,7.30,767.3,14.78,331.6,742.3,1,0,22,0,
2025-10-18T22:57:02,28.73,7.90,575.9,11.05,342.3,358.0,0,1,22,0,
2025-10-18T22:57:04,26.26,7.88,635.8,11.23,266.3,0.0,0,1,22,0,
2025-10-18T22:57:06,27.96,7.74,617.7,22.45,280.6,0.0,1,1,22,0,
2025-10-18T22:57:08,26.54,8.03,641.6,12.36,344.6,1270.0,1,0,22,0,
2025-10-18T22:57:10,26.93,7.67,624.3,18.34,189.0,959.3,0,0,22,0,
2025-10-18T22:57:12,26.34,7.47,662.5,17.65,289.6,1445.5,1,1,22,0,
2025-10-18T22:57:14,28.10,7.62,575.0,11.61,237.3,551.8,0,0,22,0,
2025-10-18T22:57:16,28.05,7.79,553.6,18.79,317.3,289.0,1,0,22,0,
2025-10-18T22:57:18,27.51,7.98,621.3,2.50,216.6,1203.8,1,1,22,0,
2025-10-18T22:57:20,28.58,7.98,601.4,18.56,322.0,0.0,1,1,22,0,
2025-10-18T22:57:22,28.47,8.04,797.0,15.87,254.1,1127.2,1,1,22,0,
2025-10-18T22:57:24,27.88,7.31,589.4,11.96,162.5,901.6,0,0,22,0,
2025-10-18T22:57:26,28.49,7.37,578.2,14.57,303.9,2097.1,1,1,22,0,
2025-10-18T22:57:28,27.44,7.73,546.2,13.37,273.9,0.0,0,1,22,0,
2025-10-18T22:57:30,26.98,7.60,623.6,21.56,250.5,0.0,1,0,22,0,
2025-10-18T22:57:32,27.35,7.68,559.3,11.79,310.0,613.5,0,1,22,0,
2025-10-18T22:57:34,28.50,7.52,674.7,16.07,217.7,0.0,0,1,22,0,
2025-10-18T22:57:36,27.75,7.49,597.1,13.03,297.1,510.2,1,1,22,0,
2025-10-18T22:57:38,27.83,7.89,544.2,12.77,297.2,0.0,0,0,22,0,
2025-10-18T22:57:40,28.15,8.00,569.8,12.09,372.2,127.3,0,1,22,0,
2025-10-18T22:57:42,28.08,7.87,456.5,14.12,246.1,2797.8,1,1,22,0,
2025-10-18T22:57:44,26.88,7.60,449.0,19.05,339.9,0.0,1,0,22,0,
2025-10-18T22:57:46,27.07,7.68,696.2,16.70,237.8,3122.8,0,0,22,0,
2025-10-18T22:57:48,27.05,7.63,649.4,8.32,294.9,1728.7,1,1,22,0,
2025-10-18T22:57:50,28.21,7.76,557.7,11.69,298.1,794.1,0,0,22,0,
2025-10-18T22:57:52,28.34,7.44,724.6,23.37,359.5,0.0,0,0,22,0,
2025-10-18T22:57:54,27.35,8.12,492.3,16.38,269.8,859.5,1,1,22,0,
2025-10-18T22:57:56,27.57,7.44,565.6,16.81,199.1,1300.6,0,0,22,0,
2025-10-18T22:57:58,26.61,7.95,746.0,13.93,365.2,386.8,1,0,22,0,
2025-10-18T22:58:00,27.36,7.85,574.0,21.37,247.7,1714.8,1,1,22,0,
2025-10-18T22:58:02,25.83,7.65,668.9,16.86,251.3,1543.7,0,1,22,0,
2025-10-18T22:58:04,27.87,7.65,570.4,9.86,333.4,0.0,1,0,22,0,
2025-10-18T22:58:06,27.31,7.73,592.0,12.53,194.9,2442.1,1,1,22,0,
2025-10-18T22:58:08,27.60,7.48,639.4,10.92,298.2,771.9,1,1,22,0,
2025-10-18T22:58:10,28.17,7.74,521.4,12.01,275.4,1839.0,1,1,22,0,
2025-10-18T22:58:12,27.65,7.59,652.7,8.85,237.8,2645.0,0,1,22,0,
2025-10-18T22:58:14,28.03,7.58,551.7,15.88,238.8,1946.6,0,1,22,0,
2025-10-18T22:58:16,27.60,7.62,680.7,17.80,229.5,1100.0,1,1,22,0,
2025-10-18T22:58:18,28.52,7.54,702.7,15.44,343.8,452.1,0,0,22,0,
2025-10-18T22:58:20,26.42,7.67,552.3,10.13,143.6,0.0,0,1,22,0,
2025-10-18T22:58:22,28.12,7.29,762.9,19.74,146.6,0.0,0,0,22,0,
2025-10-18T22:58:24,26.94,7.73,490.4,17.48,274.5,0.0,1,0,22,0,
2025-10-18T22:58:26,27.01,7.87,582.2,8.07,269.6,240.2,0,1,22,0,
2025-10-18T22:58:28,27.68,7.63,639.5,19.17,277.8,1112.7,0,1,22,0,
2025-10-18T22:58:30,26.31,7.74,639.4,9.81,210.7,2403.3,0,1,22,0,
2025-10-18T22:58:32,27.69,7.53,634.7,15.84,194.9,0.0,0,1,22,0,
2025-10-18T22:58:34,28.37,7.61,607.8,17.65,292.0,1269.8,0,1,22,0,
2025-10-18T22:58:36,28.18,7.61,604.6,16.71,327.6,0.0,0,1,22,0,
2025-10-18T22:58:38,26.21,7.77,623.7,11.09,227.6,583.5,1,1,22,0,
2025-10-18T22:58:40,27.76,7.58,698.2,22.88,275.5,0.0,0,1,22,0,
2025-10-18T22:58:42,26.38,7.68,627.9,11.51,337.8,3906.2,0,1,22,0,
2025-10-18T22:58:44,27.59,7.76,619.9,15.13,298.3,0.0,0,1,22,0,
2025-10-18T22:58:46,29.21,7.53,503.6,18.12,210.5,5482.6,1,0,22,0,
2025-10-18T22:58:48,26.82,7.80,681.5,14.03,250.8,0.0,1,1,22,0,
2025-10-18T22:58:50,27.17,7.62,688.2,20.12,281.5,0.0,0,0,22,0,
2025-10-18T22:58:52,27.14,7.50,592.7,16.19,340.5,3022.7,0,0,22,0,
2025-10-18T22:58:54,27.81,7.54,652.4,13.67,313.8,1519.8,1,0,22,0,
2025-10-18T22:58:56,28.19,7.58,575.1,21.31,223.5,2677.3,1,0,22,0,
2025-10-18T22:58:58,27.84,7.63,560.3,18.77,248.1,0.0,1,0,22,0,
2025-10-18T22:59:00,29.84,7.99,688.5,17.95,387.7,0.0,0,1,22,0,
2025-10-18T22:59:02,26.58,7.49,598.3,19.17,303.6,0.0,0,1,22,0,
2025-10-18T22:59:04,26.52,7.45,512.8,15.92,301.7,0.0,1,1,22,0,
2025-10-18T22:59:06,28.20,7.61,655.2,15.88,185.5,1780.6,1,1,22,0,
2025-10-18T22:59:08,28.13,7.93,538.3,24.51,247.3,0.0,0,0,22,0,
2025-10-18T22:59:10,27.63,7.55,537.1,17.77,167.2,0.0,1,0,22,0,
2025-10-18T22:59:12,27.39,7.70,642.3,17.40,289.0,408.5,0,1,22,0,
2025-10-18T22:59:14,27.08,7.89,564.1,15.37,210.0,0.0,0,1,22,0,
2025-10-18T22:59:16,27.87,7.93,594.4,14.43,262.8,2474.5,0,1,22,0,
2025-10-18T22:59:18,28.14,7.56,656.4,10.67,202.7,0.0,0,1,22,0,
2025-10-18T22:59:20,27.28,7.65,561.4,19.29,307.9,0.0,1,1,22,0,
2025-10-18T22:59:22,28.47,7.82,587.7,22.80,259.4,1523.5,0,1,22,0,
2025-10-18T22:59:24,28.32,7.48,494.7,20.72,316.2,111.6,0,1,22,0,
2025-10-18T22:59:26,29.06,7.69,570.3,19.31,343.1,2383.7,0,0,22,0,
2025-10-18T22:59:28,27.18,7.77,709.4,13.40,262.2,576.3,1,0,22,0,
2025-10-18T22:59:30,26.32,7.40,628.3,12.70,350.5,0.0,0,1,22,0,
2025-10-18T22:59:32,29.72,7.54,584.6,23.24,394.7,0.0,0,1,22,0,
2025-10-18T22:59:34,27.62,7.66,627.3,20.10,233.0,3056.1,0,0,22,0,
2025-10-18T22:59:36,28.46,7.73,708.5,20.84,289.1,0.0,0,1,22,0,
2025-10-18T22:59:38,27.89,7.38,592.5,16.66,290.6,0.0,0,1,22,0,
2025-10-18T22:59:40,27.96,7.60,617.1,5.41,314.4,1356.3,0,0,22,0,
2025-10-18T22:59:42,28.05,7.67,615.8,16.73,237.1,0.0,0,1,22,0,
2025-10-18T22:59:44,28.65,7.89,602.3,15.43,399.8,0.0,1,1,22,0,
2025-10-18T22:59:46,28.48,7.65,654.5,13.76,208.7,507.6,0,0,22,0,
2025-10-18T22:59:48,28.02,7.34,633.2,16.84,354.8,91.4,0,1,22,0,
2025-10-18T22:59:50,28.51,7.44,721.2,6.21,210.9,1063.1,0,1,22,0,
2025-10-18T22:59:52,27.48,7.50,627.1,19.76,188.4,1408.3,0,1,22,0,
2025-10-18T22:59:54,28.91,7.87,631.7,19.67,211.6,0.0,1,0,22,0,
2025-10-18T22:59:56,27.30,7.41,663.5,11.69,155.6,0.0,1,0,22,0,
2025-10-18T22:59:58,26.25,7.47,715.9,13.51,349.1,1721.0,1,0,22,0,
2025-10-18T23:00:00,28.38,7.54,537.2,19.09,224.4,2139.6,0,0,23,0,
2025-10-18T23:00:02,25.49,7.59,666.1,9.81,294.1,0.0,1,0,23,0,
2025-10-18T23:00:04,29.75,7.73,756.2,20.24,308.5,0.0,0,1,23,0,
2025-10-18T23:00:06,27.94,7.49,680.2,14.50,263.8,265.8,0,0,23,0,
2025-10-18T23:00:08,27.47,8.01,658.3,21.64,233.6,0.0,0,1,23,0,
2025-10-18T23:00:10,28.29,7.31,667.2,12.17,212.8,0.0,0,1,23,0,
2025-10-18T23:00:12,27.80,7.58,610.5,9.38,255.2,1635.1,1,1,23,0,
2025-10-18T23:00:14,27.47,7.97,553.1,20.84,353.1,0.0,0,1,23,0,
2025-10-18T23:00:16,28.51,7.83,719.3,11.63,194.1,0.0,0,1,23,0,
2025-10-18T23:00:18,27.40,7.53,707.6,17.91,320.1,0.0,1,0,23,0,
2025-10-18T23:00:20,26.71,7.62,656.8,14.11,377.1,0.0,0,1,23,0,
2025-10-18T23:00:22,27.26,7.62,703.7,14.98,347.0,567.0,0,1,23,0,
2025-10-18T23:00:24,25.90,7.67,680.2,14.68,292.0,2119.5,1,1,23,0,
2025-10-18T23:00:26,27.61,7.70,526.3,10.05,220.2,1026.7,0,1,23,0,
2025-10-18T23:00:28,28.28,7.44,525.8,8.99,370.4,0.0,0,0,23,0,
2025-10-18T23:00:30,27.83,7.51,525.0,21.25,324.6,0.0,1,0,23,0,
2025-10-18T23:00:32,28.78,7.96,680.5,14.74,252.0,0.0,0,0,23,0,
2025-10-18T23:00:34,26.58,7.65,578.7,21.69,210.3,0.0,0,0,23,0,
2025-10-18T23:00:36,25.14,7.47,538.7,16.13,352.2,757.9,0,1,23,0,
2025-10-18T23:00:38,28.13,7.62,544.7,13.12,327.5,577.7,0,1,23,0,
2025-10-18T23:00:40,27.46,7.59,610.3,9.90,363.9,0.0,0,1,23,0,
2025-10-18T23:00:42,26.99,7.20,676.5,14.76,214.7,635.9,0,1,23,0,
2025-10-18T23:00:44,25.94,7.49,664.9,14.26,199.4,0.0,1,1,23,0,
2025-10-18T23:00:46,26.50,7.46,605.8,16.57,355.1,0.0,0,0,23,0,
2025-10-18T23:00:48,27.53,7.51,533.2,10.98,294.9,919.5,0,1,23,0,
2025-10-18T23:00:50,27.88,7.72,714.3,13.27,331.7,0.0,0,0,23,0,
2025-10-18T23:00:52,28.13,7.80,682.0,17.12,250.0,0.0,0,1,23,0,
2025-10-18T23:00:54,27.07,7.74,726.7,14.49,230.9,2095.6,0,1,23,0,
2025-10-18T23:00:56,25.60,7.31,691.0,16.40,349.4,3261.7,0,1,23,0,
2025-10-18T23:00:58,27.44,7.69,702.6,12.11,367.1,0.0,1,0,23,0,
2025-10-18T23:01:00,27.86,7.79,548.0,21.70,343.5,0.0,0,0,23,0,
2025-10-18T23:01:02,27.10,7.26,645.5,17.04,285.7,0.0,1,1,23,0,
2025-10-18T23:01:04,29.67,7.54,649.3,11.76,266.9,1373.6,1,1,23,0,
2025-10-18T23:01:06,28.46,7.52,436.1,6.66,393.6,0.0,0,1,23,0,
2025-10-18T23:01:08,26.85,7.80,694.3,18.40,252.3,1255.3,1,0,23,0,
2025-10-18T23:01:10,27.95,7.85,529.8,21.93,368.3,0.0,0,0,23,0,
2025-10-18T23:01:12,27.82,7.58,525.5,14.27,251.1,1668.3,0,1,23,0,
2025-10-18T23:01:14,26.71,7.82,646.7,18.35,245.4,419.0,0,1,23,0,
2025-10-18T23:01:16,27.26,7.69,660.5,15.28,210.1,0.0,1,0,23,0,
2025-10-18T23:01:18,27.80,7.32,600.9,10.35,408.7,996.9,1,0,23,0,
2025-10-18T23:01:20,28.51,7.51,555.4,9.92,263.3,26.9,1,1,23,0,
2025-10-18T23:01:22,27.89,7.65,693.0,7.76,275.2,0.0,1,1,23,0,
2025-10-18T23:01:24,26.98,7.24,767.5,20.69,347.7,0.0,1,1,23,0,
2025-10-18T23:01:26,27.95,7.94,785.4,15.88,302.9,2179.7,0,1,23,0,
2025-10-18T23:01:28,27.70,8.03,726.7,4.93,382.6,0.0,1,0,23,0,
2025-10-18T23:01:30,28.08,7.69,630.5,20.94,322.5,0.0,0,0,23,0,
2025-10-18T23:01:32,27.17,7.56,710.7,10.49,268.1,2241.9,0,1,23,0,
2025-10-18T23:01:34,27.26,8.08,661.0,10.77,217.6,0.0,1,0,23,0,
2025-10-18T23:01:36,26.34,7.75,644.9,20.62,368.8,2120.4,0,1,23,0,
2025-10-18T23:01:38,26.59,8.08,623.7,21.04,330.2,0.0,0,1,23,0,
2025-10-18T23:01:40,27.21,7.62,723.3,20.07,380.5,0.0,0,1,23,0,
2025-10-18T23:01:42,29.67,8.13,595.0,15.37,293.9,2745.4,1,0,23,0,
2025-10-18T23:01:44,27.83,7.52,571.7,12.15,326.3,1595.0,1,0,23,0,
2025-10-18T23:01:46,27.66,7.53,643.1,18.39,158.3,0.0,1,0,23,0,
2025-10-18T23:01:48,28.34,7.57,658.7,20.48,255.4,629.3,1,1,23,0,
2025-10-18T23:01:50,27.84,7.78,586.9,11.40,294.4,0.0,1,1,23,0,
2025-10-18T23:01:52,27.13,7.62,651.3,14.69,257.5,0.0,0,0,23,0,
2025-10-18T23:01:54,28.61,8.07,601.3,16.62,311.9,739.9,1,0,23,0,
2025-10-18T23:01:56,28.20,7.34,664.5,16.95,231.0,0.0,1,0,23,0,
2025-10-18T23:01:58,29.39,7.41,593.0,12.43,235.2,0.0,0,0,23,0,
2025-10-18T23:02:00,26.97,7.54,704.9,14.67,307.7,0.0,0,1,23,0,
2025-10-18T23:02:02,28.39,7.88,711.8,24.31,393.7,104.4,1,1,23,0,
2025-10-18T23:02:04,27.77,7.56,521.2,16.57,241.9,0.0,0,0,23,0,
2025-10-18T23:02:06,26.31,8.04,564.0,16.98,273.8,0.0,1,1,23,0,
2025-10-18T23:02:08,27.18,7.84,620.1,12.32,287.4,1011.9,1,0,23,0,
2025-10-18T23:02:10,26.93,7.43,699.5,12.05,284.9,0.0,0,1,23,0,
2025-10-18T23:02:12,27.87,7.73,593.9,12.24,327.2,0.0,0,1,23,0,
2025-10-18T23:02:14,27.83,7.91,666.1,18.28,245.5,23.1,0,0,23,0,
2025-10-18T23:02:16,26.59,7.85,611.1,21.55,250.5,0.0,0,0,23,0,
2025-10-18T23:02:18,27.90,7.85,489.9,16.58,366.8,2489.3,1,0,23,0,
2025-10-18T23:02:20,26.48,7.45,702.8,10.78,285.4,0.0,1,0,23,0,
2025-10-18T23:02:22,29.27,7.79,569.6,22.95,289.1,885.3,1,0,23,0,
2025-10-18T23:02:24,26.32,7.99,514.3,11.24,195.3,460.4,1,1,23,0,
2025-10-18T23:02:26,25.81,7.50,669.9,18.38,205.2,0.0,1,0,23,0,
2025-10-18T23:02:28,25.07,7.77,572.2,6.96,360.3,0.0,1,1,23,0,
2025-10-18T23:02:30,27.62,7.55,577.9,17.66,285.3,366.7,0,0,23,0,
2025-10-18T23:02:32,28.68,7.55,689.6,22.71,410.8,0.0,0,0,23,0,
2025-10-18T23:02:34,29.47,7.63,662.2,15.90,263.0,1451.5,1,0,23,0,
2025-10-18T23:02:36,27.94,7.37,687.8,14.16,247.8,0.0,1,0,23,0,
2025-10-18T23:02:38,27.65,7.63,684.4,12.37,332.3,2507.2,1,1,23,0,
2025-10-18T23:02:40,25.61,7.60,476.2,15.57,318.5,452.0,1,1,23,0,
2025-10-18T23:02:42,27.36,7.68,628.0,8.24,258.3,269.1,0,1,23,0,
2025-10-18T23:02:44,28.85,7.62,626.7,14.22,192.8,2187.9,1,1,23,0,
2025-10-18T23:02:46,26.94,7.39,563.3,21.19,338.4,0.0,0,1,23,0,
2025-10-18T23:02:48,28.94,7.55,551.3,13.50,267.3,3199.5,0,1,23,0,
2025-10-18T23:02:50,27.20,7.51,593.7,14.89,317.1,0.0,1,1,23,0,
2025-10-18T23:02:52,27.24,7.74,666.6,8.41,285.0,0.0,1,0,23,0,
2025-10-18T23:02:54,28.46,7.46,682.6,19.67,322.2,0.0,0,0,23,0,
2025-10-18T23:02:56,27.96,7.72,614.7,12.44,279.4,0.0,1,0,23,0,
2025-10-18T23:02:58,29.19,7.67,630.4,16.27,322.4,708.8,0,1,23,0,
2025-10-18T23:03:00,28.47,8.22,592.6,13.42,260.4,2162.5,0,1,23,0,
2025-10-18T23:03:02,27.64,7.68,648.9,17.37,322.5,1495.0,0,0,23,0,
2025-10-18T23:03:04,27.50,7.58,651.8,18.25,312.7,78.0,0,0,23,0,
2025-10-18T23:03:06,26.74,7.52,611.7,19.11,320.5,0.0,0,0,23,0,
2025-10-18T23:03:08,28.27,7.63,628.7,13.54,326.6,614.3,0,0,23,0,
2025-10-18T23:03:10,27.75,7.59,638.1,8.68,370.6,294.1,1,0,23,0,
2025-10-18T23:03:12,28.34,7.56,583.8,9.53,319.3,559.4,0,1,23,0,
2025-10-18T23:03:14,27.55,7.43,509.1,15.01,200.0,4950.7,1,0,23,0,
2025-10-18T23:03:16,28.41,7.71,552.0,15.97,374.4,0.0,0,1,23,0,
2025-10-18T23:03:18,28.40,7.53,701.2,20.19,269.3,270.9,1,1,23,0,
2025-10-18T23:03:20,28.87,7.64,618.5,15.40,300.8,0.0,1,0,23,0,
2025-10-18T23:03:22,27.76,7.74,597.1,16.44,274.0,370.1,1,1,23,0,
2025-10-18T23:03:24,28.69,7.59,639.3,19.57,270.4,0.0,0,1,23,0,
2025-10-18T23:03:26,27.91,7.65,653.3,14.64,252.2,1547.4,1,1,23,0,
2025-10-18T23:03:28,29.12,7.53,618.2,15.32,268.5,888.7,0,0,23,0,
2025-10-18T23:03:30,27.19,7.70,667.1,17.36,264.2,0.0,0,1,23,0,
2025-10-18T23:03:32,27.92,7.65,559.3,16.36,292.3,1323.9,1,0,23,0,
2025-10-18T23:03:34,26.83,8.07,749.2,13.79,212.1,0.0,1,1,23,0,
2025-10-18T23:03:36,28.15,7.79,502.7,7.11,289.7,1980.3,1,0,23,0,
2025-10-18T23:03:38,26.59,7.68,711.1,15.58,355.6,1437.7,0,1,23,0,
2025-10-18T23:03:40,26.38,7.68,764.6,8.62,274.0,1641.9,0,0,23,0,
2025-10-18T23:03:42,27.52,7.77,642.1,13.86,281.7,2102.0,1,0,23,0,
2025-10-18T23:03:44,27.10,7.67,619.2,18.48,354.6,0.0,0,0,23,0,
2025-10-18T23:03:46,26.22,7.26,599.0,13.83,270.7,0.0,1,0,23,0,
2025-10-18T23:03:48,27.28,8.01,513.5,18.44,322.7,194.6,1,1,23,0,
2025-10-18T23:03:50,26.72,7.38,696.9,17.12,306.2,0.0,0,0,23,0,
2025-10-18T23:03:52,26.34,7.47,671.6,17.00,266.0,2282.4,0,1,23,0,
2025-10-18T23:03:54,29.16,8.02,728.2,20.65,230.1,0.0,1,0,23,0,
2025-10-18T23:03:56,26.40,7.57,585.4,11.81,231.6,2479.9,1,1,23,0,
2025-10-18T23:03:58,26.53,7.56,645.6,14.09,274.0,0.0,1,1,23,0,
2025-10-18T23:04:00,28.23,7.86,675.7,13.92,284.3,0.0,1,1,23,0,
2025-10-18T23:04:02,27.61,7.43,546.0,13.64,245.3,0.0,1,0,23,0,
2025-10-18T23:04:04,27.99,7.46,743.5,20.83,277.3,1153.0,0,0,23,0,
2025-10-18T23:04:06,29.24,7.78,631.2,16.16,287.7,1119.6,1,0,23,0,
2025-10-18T23:04:08,26.81,7.66,631.9,9.05,373.0,407.8,0,0,23,0,
2025-10-18T23:04:10,27.23,7.42,718.5,16.33,298.6,1909.4,1,0,23,0,
2025-10-18T23:04:12,26.85,7.57,661.7,13.57,295.8,1808.3,0,0,23,0,
2025-10-18T23:04:14,27.37,7.91,586.8,14.84,302.5,1947.1,1,1,23,0,
2025-10-18T23:04:16,27.57,7.76,624.3,15.94,216.4,0.0,0,1,23,0,
2025-10-18T23:04:18,27.70,7.71,666.8,8.79,305.9,0.0,0,0,23,0,
2025-10-18T23:04:20,28.27,7.40,725.8,10.18,268.2,478.9,0,0,23,0,
2025-10-18T23:04:22,28.11,7.56,567.9,14.76,287.3,984.9,1,1,23,0,
2025-10-18T23:04:24,27.33,7.35,560.7,16.04,283.0,0.0,0,0,23,0,
2025-10-18T23:04:26,27.97,7.38,654.0,14.39,281.0,140.3,1,1,23,0,
2025-10-18T23:04:28,28.32,7.67,704.0,15.00,261.3,0.0,1,1,23,0,
2025-10-18T23:04:30,26.14,7.24,624.5,11.14,265.0,2122.6,1,1,23,0,
2025-10-18T23:04:32,27.96,7.74,471.5,17.48,401.3,0.0,1,0,23,0,
2025-10-18T23:04:34,29.13,7.56,746.5,8.66,292.3,728.9,0,1,23,0,
2025-10-18T23:04:36,28.65,7.46,625.8,15.85,261.7,0.0,0,1,23,0,
2025-10-18T23:04:38,26.90,7.78,700.5,15.99,246.7,305.7,1,0,23,0,
2025-10-18T23:04:40,26.34,7.24,706.5,10.59,272.8,0.0,1,0,23,0,
2025-10-18T23:04:42,28.17,7.63,580.8,8.22,296.5,109.0,0,0,23,0,
2025-10-18T23:04:44,26.29,7.55,656.9,8.88,277.9,0.0,1,1,23,0,
2025-10-18T23:04:46,28.09,7.43,522.5,21.16,269.8,0.0,1,0,23,0,
2025-10-18T23:04:48,26.61,7.81,488.8,23.25,283.4,0.0,0,0,23,0,
2025-10-18T23:04:50,27.19,7.48,656.9,14.59,279.4,881.7,0,0,23,0,
2025-10-18T23:04:52,26.53,7.74,565.7,7.39,211.8,2728.6,0,1,23,0,
2025-10-18T23:04:54,26.91,7.90,623.5,7.20,144.7,0.0,0,0,23,0,
2025-10-18T23:04:56,26.27,7.89,784.4,6.68,215.9,0.0,0,1,23,0,
2025-10-18T23:04:58,25.56,7.51,621.1,8.94,295.0,0.0,1,0,23,0,
2025-10-18T23:05:00,26.12,8.00,499.9,13.93,289.9,1397.6,0,0,23,0,
2025-10-18T23:05:02,28.61,7.84,500.9,17.18,308.1,0.0,1,0,23,0,
2025-10-18T23:05:04,27.17,7.66,644.7,16.22,318.9,0.0,0,0,23,0,
2025-10-18T23:05:06,27.21,7.64,634.0,14.20,307.4,258.1,1,0,23,0,
2025-10-18T23:05:08,28.22,7.73,697.8,13.73,245.1,1229.7,0,1,23,0,
2025-10-18T23:05:10,27.13,7.75,543.8,17.32,204.7,381.2,1,1,23,0,
2025-10-18T23:05:12,28.37,7.69,734.7,16.20,314.8,0.0,0,1,23,0,
2025-10-18T23:05:14,27.13,7.40,517.3,23.58,267.1,140.1,1,1,23,0,
2025-10-18T23:05:16,28.45,7.53,600.0,14.55,266.0,0.0,0,1,23,0,
2025-10-18T23:05:18,27.60,7.51,646.4,14.89,245.0,2376.6,0,1,23,0,
2025-10-18T23:05:20,27.49,7.68,724.5,20.76,304.8,0.0,0,1,23,0,
2025-10-18T23:05:22,26.25,7.73,506.4,20.88,270.1,0.0,0,0,23,0,
2025-10-18T23:05:24,25.66,7.68,616.8,17.30,267.6,1336.2,1,1,23,0,
2025-10-18T23:05:26,27.91,7.55,620.5,15.04,296.1,0.0,0,0,23,0,
2025-10-18T23:05:28,28.15,7.69,571.1,20.12,302.4,0.0,0,0,23,0,
2025-10-18T23:05:30,27.95,7.61,701.7,20.04,346.8,0.0,0,1,23,0,
2025-10-18T23:05:32,27.54,7.62,521.6,14.03,262.7,0.0,0,1,23,0,
2025-10-18T23:05:34,26.72,7.59,678.1,16.24,329.1,0.0,0,0,23,0,
2025-10-18T23:05:36,29.13,7.43,658.2,16.64,206.5,0.0,0,0,23,0,
2025-10-18T23:05:38,27.11,7.77,740.9,17.88,302.4,1448.6,0,1,23,0,
2025-10-18T23:05:40,27.89,7.75,624.8,14.43,370.1,1027.8,1,0,23,0,
2025-10-18T23:05:42,27.50,7.65,655.8,13.52,375.9,0.0,0,1,23,0,
2025-10-18T23:05:44,26.59,7.70,684.4,17.31,234.1,0.0,0,1,23,0,
2025-10-18T23:05:46,28.35,7.83,644.9,13.85,118.0,0.0,0,1,23,0,
2025-10-18T23:05:48,27.64,7.28,595.7,17.18,278.5,609.6,0,0,23,0,
2025-10-18T23:05:50,27.64,7.61,551.5,6.85,221.9,1331.5,0,0,23,0,
2025-10-18T23:05:52,28.47,7.86,664.9,6.89,223.9,0.0,1,0,23,0,
2025-10-18T23:05:54,27.24,7.99,612.0,15.41,301.2,358.7,0,1,23,0,
2025-10-18T23:05:56,27.05,7.51,566.7,17.78,322.9,0.0,1,1,23,0,
2025-10-18T23:05:58,27.24,7.81,707.4,13.48,196.0,1979.6,0,0,23,0,
2025-10-18T23:06:00,28.69,7.53,579.5,10.57,256.4,237.1,0,1,23,0,
2025-10-18T23:06:02,26.34,7.63,627.4,18.16,274.0,1265.9,0,1,23,0,
2025-10-18T23:06:04,29.23,7.42,568.7,13.51,244.4,2574.7,0,1,23,0,
2025-10-18T23:06:06,27.52,7.87,563.3,9.24,303.3,0.0,0,1,23,0,
2025-10-18T23:06:08,27.27,7.49,568.6,14.07,301.6,0.0,1,0,23,0,
2025-10-18T23:06:10,28.51,7.46,662.0,21.79,296.9,0.0,0,1,23,0,
2025-10-18T23:06:12,27.63,7.89,616.2,20.14,249.9,0.0,0,1,23,0,
2025-10-18T23:06:14,29.21,7.58,633.6,14.97,328.0,3147.8,0,1,23,0,
2025-10-18T23:06:16,28.79,7.64,612.6,20.10,285.6,550.1,0,0,23,0,
2025-10-18T23:06:18,26.75,7.53,601.2,16.32,301.8,1323.5,0,1,23,0,
2025-10-18T23:06:20,28.02,7.53,575.2,14.05,306.5,0.0,0,1,23,0,
2025-10-18T23:06:22,28.50,7.50,691.4,15.22,248.5,0.0,0,1,23,0,
2025-10-18T23:06:24,26.74,7.48,618.7,20.05,297.0,0.0,0,1,23,0,
2025-10-18T23:06:26,27.91,8.02,649.4,12.60,178.2,0.0,1,0,23,0,
2025-10-18T23:06:28,28.31,7.64,596.7,15.15,301.9,0.0,0,1,23,0,
2025-10-18T23:06:30,27.89,7.79,668.4,16.85,254.0,1840.1,0,1,23,0,
2025-10-18T23:06:32,27.69,7.75,724.2,18.11,195.6,930.9,1,0,23,0,
2025-10-18T23:06:34,26.78,7.83,608.3,23.19,183.0,251.6,0,1,23,0,
2025-10-18T23:06:36,26.36,7.66,678.3,10.35,220.1,1683.2,0,0,23,0,
2025-10-18T23:06:38,26.46,7.90,644.2,18.35,245.6,714.6,1,1,23,0,
2025-10-18T23:06:40,26.78,7.53,789.9,16.42,283.2,2283.7,0,0,23,0,
2025-10-18T23:06:42,26.97,7.78,568.4,18.16,260.5,0.0,1,1,23,0,
2025-10-18T23:06:44,27.72,7.85,707.9,14.92,332.8,2513.0,0,0,23,0,
2025-10-18T23:06:46,28.24,7.30,694.1,14.50,281.6,0.0,0,1,23,0,
2025-10-18T23:06:48,27.50,7.60,770.6,19.43,236.2,458.7,0,1,23,0,
2025-10-18T23:06:50,28.16,7.59,596.0,19.49,282.8,732.0,1,0,23,0,
2025-10-18T23:06:52,28.08,7.18,668.6,14.11,154.7,0.0,0,1,23,0,
2025-10-18T23:06:54,27.81,7.54,621.9,13.55,361.5,1657.0,1,1,23,0,
2025-10-18T23:06:56,26.12,7.74,621.2,12.73,317.6,0.0,1,0,23,0,
2025-10-18T23:06:58,27.71,7.42,710.3,15.62,307.7,383.6,1,1,23,0,
2025-10-18T23:07:00,28.81,7.95,674.2,10.49,272.4,1153.8,1,1,23,0,
2025-10-18T23:07:02,27.61,7.95,628.7,13.51,278.7,153.0,0,0,23,0,
2025-10-18T23:07:04,27.20,7.48,559.2,13.95,141.0,0.0,0,1,23,0,
2025-10-18T23:07:06,26.47,7.46,627.5,8.32,224.3,0.0,0,1,23,0,
2025-10-18T23:07:08,27.81,7.53,573.7,12.75,257.6,1939.0,0,1,23,0,
2025-10-18T23:07:10,27.05,7.78,632.0,15.68,207.9,906.9,1,0,23,0,
2025-10-18T23:07:12,27.98,7.34,592.8,12.27,280.3,374.3,1,1,23,0,
2025-10-18T23:07:14,26.59,7.68,486.6,16.79,224.5,451.8,1,0,23,0,
2025-10-18T23:07:16,29.23,7.39,621.5,16.27,226.9,421.2,0,1,23,0,
2025-10-18T23:07:18,26.91,7.55,548.5,14.64,381.4,0.0,0,1,23,0,
2025-10-18T23:07:20,28.31,8.08,737.8,25.75,332.7,1871.2,1,1,23,0,
2025-10-18T23:07:22,27.81,7.90,698.3,15.61,298.3,0.0,0,1,23,0,
2025-10-18T23:07:24,28.63,7.74,681.7,18.01,186.9,306.3,1,0,23,0,
2025-10-18T23:07:26,27.44,7.40,795.6,19.31,328.9,0.0,0,1,23,0,
2025-10-18T23:07:28,27.48,7.50,725.4,21.92,325.1,881.5,1,1,23,0,
2025-10-18T23:07:30,26.87,8.13,659.0,19.88,190.6,1415.8,1,1,23,0,
2025-10-18T23:07:32,27.54,8.10,653.9,15.01,307.3,0.0,0,1,23,0,
2025-10-18T23:07:34,25.11,7.77,700.7,12.88,333.5,868.0,0,0,23,0,
2025-10-18T23:07:36,29.34,7.61,680.0,14.15,172.4,0.0,0,1,23,0,
2025-10-18T23:07:38,27.04,7.45,562.3,8.39,209.6,0.0,0,0,23,0,
2025-10-18T23:07:40,27.65,8.03,576.9,16.29,323.2,0.0,0,0,23,0,
2025-10-18T23:07:42,28.74,7.74,645.2,12.07,311.4,0.0,0,1,23,0,
2025-10-18T23:07:44,28.57,7.60,646.2,16.50,229.6,0.0,0,1,23,0,
2025-10-18T23:07:46,27.42,7.73,669.9,18.91,298.3,0.0,1,0,23,0,
2025-10-18T23:07:48,26.08,7.80,672.9,18.73,407.2,750.0,1,1,23,0,
2025-10-18T23:07:50,28.36,7.50,718.1,13.62,191.4,1646.8,1,0,23,0,
2025-10-18T23:07:52,27.87,7.76,596.3,18.44,299.7,408.3,0,1,23,0,
2025-10-18T23:07:54,26.59,7.60,783.1,20.81,308.4,0.0,0,1,23,0,
2025-10-18T23:07:56,27.81,7.76,694.6,14.61,239.5,0.0,1,0,23,0,
2025-10-18T23:07:58,29.44,7.77,618.5,15.99,137.8,0.0,0,0,23,0,
2025-10-18T23:08:00,27.79,7.77,456.1,23.04,337.6,1294.6,0,1,23,0,
2025-10-18T23:08:02,27.96,7.52,715.7,17.17,275.0,2126.7,0,1,23,0,
2025-10-18T23:08:04,26.52,7.47,762.1,16.56,236.9,0.0,0,1,23,0,
2025-10-18T23:08:06,26.85,7.65,608.5,11.11,294.1,0.0,0,1,23,0,
2025-10-18T23:08:08,27.29,7.79,652.2,16.87,344.3,1012.2,1,1,23,0,
2025-10-18T23:08:10,27.11,7.70,735.5,18.06,252.4,0.0,0,1,23,0,
2025-10-18T23:08:12,28.53,7.86,711.0,13.21,169.7,0.0,1,1,23,0,
2025-10-18T23:08:14,28.11,7.68,637.3,16.38,385.6,657.1,1,1,23,0,
2025-10-18T23:08:16,26.28,7.66,540.0,18.77,266.9,789.2,1,0,23,0,
2025-10-18T23:08:18,26.91,7.74,706.1,12.38,277.9,0.0,0,0,23,0,
2025-10-18T23:08:20,26.70,7.78,667.5,14.83,310.4,0.0,0,0,23,0,
2025-10-18T23:08:22,28.80,7.48,523.5,18.39,221.3,0.0,0,1,23,0,
2025-10-18T23:08:24,28.63,7.66,665.2,10.79,292.0,1341.3,0,0,23,0,
2025-10-18T23:08:26,26.49,7.65,799.1,6.87,222.4,0.0,0,0,23,0,
2025-10-18T23:08:28,27.91,7.45,611.0,10.06,190.4,0.0,1,1,23,0,
2025-10-18T23:08:30,26.54,7.81,648.6,10.62,371.3,0.0,0,0,23,0,
2025-10-18T23:08:32,27.69,7.83,563.7,12.64,255.2,2053.6,1,1,23,0,
2025-10-18T23:08:34,28.17,7.57,619.7,19.90,411.2,989.5,0,1,23,0,
2025-10-18T23:08:36,25.54,7.87,646.1,11.97,307.2,0.0,0,1,23,0,
2025-10-18T23:08:38,29.13,7.56,589.9,12.36,265.6,0.0,0,1,23,0,
2025-10-18T23:08:40,27.21,7.52,666.2,16.95,350.4,0.0,1,1,23,0,
2025-10-18T23:08:42,28.02,7.95,716.6,17.77,290.6,25.7,1,0,23,0,
2025-10-18T23:08:44,27.53,7.95,593.8,11.34,310.9,0.0,1,1,23,0,
2025-10-18T23:08:46,28.30,7.59,542.8,13.67,422.5,1787.3,0,0,23,0,
2025-10-18T23:08:48,28.27,7.66,650.3,8.00,413.9,0.0,1,1,23,0,
2025-10-18T23:08:50,28.71,7.90,642.5,10.60,338.8,1563.0,1,1,23,0,
2025-10-18T23:08:52,27.80,7.48,593.4,16.68,363.2,0.0,0,0,23,0,
2025-10-18T23:08:54,29.11,7.59,669.6,14.88,243.4,1544.2,0,1,23,0,
2025-10-18T23:08:56,29.11,7.64,590.0,17.93,209.0,1628.8,1,1,23,0,
2025-10-18T23:08:58,27.84,7.53,664.6,20.30,293.4,0.0,1,0,23,0,
2025-10-18T23:09:00,27.79,7.95,697.8,12.57,287.1,0.0,0,1,23,0,
2025-10-18T23:09:02,28.55,7.72,693.6,15.09,407.8,0.0,0,1,23,0,
2025-10-18T23:09:04,28.84,7.21,647.1,13.71,320.8,0.0,0,1,23,0,
2025-10-18T23:09:06,28.29,7.84,740.6,14.84,238.4,1770.8,1,0,23,0,
2025-10-18T23:09:08,27.28,7.82,653.6,12.00,291.7,0.0,1,0,23,0,
2025-10-18T23:09:10,28.05,7.78,598.7,16.58,249.6,1338.5,1,1,23,0,
2025-10-18T23:09:12,28.29,7.74,623.4,15.82,328.7,0.0,0,0,23,0,
2025-10-18T23:09:14,28.71,7.55,667.6,11.95,315.6,737.3,1,0,23,0,
2025-10-18T23:09:16,27.86,7.79,643.8,12.24,262.5,2769.8,0,1,23,0,
2025-10-18T23:09:18,28.64,7.38,540.4,13.41,263.1,0.0,0,1,23,0,
2025-10-18T23:09:20,28.79,7.46,779.8,17.27,209.4,1105.9,1,1,23,0,
2025-10-18T23:09:22,29.59,7.86,599.7,14.00,218.7,347.1,1,1,23,0,
2025-10-18T23:09:24,27.49,7.93,512.6,12.33,309.1,538.9,0,0,23,0,
2025-10-18T23:09:26,28.45,7.45,676.9,15.30,271.3,0.0,0,0,23,0,
2025-10-18T23:09:28,24.88,7.62,713.1,15.16,265.7,2584.4,0,1,23,0,
2025-10-18T23:09:30,27.30,7.64,653.2,20.75,303.8,1724.2,1,1,23,0,
2025-10-18T23:09:32,25.93,7.42,615.6,17.94,297.6,0.0,0,0,23,0,
2025-10-18T23:09:34,25.12,7.67,590.2,16.46,279.5,853.2,1,0,23,0,
2025-10-18T23:09:36,28.58,7.86,641.5,15.85,370.9,93.0,0,0,23,0,
2025-10-18T23:09:38,28.02,7.76,716.6,13.68,229.4,0.0,0,1,23,0,
2025-10-18T23:09:40,28.08,7.74,697.2,20.06,304.6,0.0,1,1,23,0,
2025-10-18T23:09:42,26.87,7.41,584.0,15.93,255.3,0.0,1,0,23,0,
2025-10-18T23:09:44,28.43,7.43,457.5,15.62,241.3,528.7,0,1,23,0,
2025-10-18T23:09:46,27.93,7.29,627.1,10.12,287.6,769.0,1,1,23,0,
2025-10-18T23:09:48,28.28,7.97,511.0,16.14,335.5,734.7,1,1,23,0,
2025-10-18T23:09:50,28.15,8.04,724.0,6.29,272.3,1709.7,0,1,23,0,
2025-10-18T23:09:52,27.85,7.38,474.3,22.78,205.3,0.0,1,1,23,0,
2025-10-18T23:09:54,27.12,7.77,741.3,19.63,232.9,0.0,0,1,23,0,
2025-10-18T23:09:56,28.01,7.63,670.9,13.19,285.0,3638.7,0,0,23,0,
2025-10-18T23:09:58,25.77,7.46,714.7,12.35,284.5,103.8,0,1,23,0,
2025-10-18T23:10:00,27.18,7.42,624.6,14.91,289.2,748.9,1,0,23,0,
2025-10-18T23:10:02,27.59,8.02,543.5,12.10,212.5,0.0,0,1,23,0,
2025-10-18T23:10:04,26.68,7.85,675.9,12.75,312.4,0.0,0,1,23,0,
2025-10-18T23:10:06,26.65,7.67,529.0,12.66,373.3,1918.5,1,0,23,0,
2025-10-18T23:10:08,27.86,7.86,655.2,14.96,216.9,0.0,0,1,23,0,
2025-10-18T23:10:10,27.55,7.52,672.2,16.76,329.1,0.0,0,0,23,0,
2025-10-18T23:10:12,29.06,7.39,760.1,20.03,261.4,0.0,1,0,23,0,
2025-10-18T23:10:14,27.55,7.19,632.4,19.54,274.4,954.2,0,0,23,0,
2025-10-18T23:10:16,28.53,7.56,752.6,14.65,299.2,0.0,0,1,23,0,
2025-10-18T23:10:18,27.59,7.66,573.9,6.18,281.5,0.0,1,0,23,0,
2025-10-18T23:10:20,28.76,7.63,605.3,12.73,297.6,0.0,1,1,23,0,
2025-10-18T23:10:22,27.88,7.54,621.1,16.37,207.4,726.9,1,0,23,0,
2025-10-18T23:10:24,27.46,7.47,632.9,8.24,309.7,0.0,0,0,23,0,
2025-10-18T23:10:26,28.07,7.82,636.9,15.94,328.0,2520.8,0,1,23,0,
2025-10-18T23:10:28,27.79,7.73,563.6,17.17,269.7,0.0,0,0,23,0,
2025-10-18T23:10:30,28.43,7.50,704.1,11.88,350.9,0.0,1,1,23,0,
2025-10-18T23:10:32,28.17,7.42,602.0,12.64,247.9,390.8,0,1,23,0,
2025-10-18T23:10:34,27.11,7.91,740.0,11.80,298.6,0.0,1,0,23,0,
2025-10-18T23:10:36,27.22,7.68,519.1,11.51,292.8,452.9,0,1,23,0,
2025-10-18T23:10:38,28.32,7.46,548.0,18.56,256.3,0.0,1,1,23,0,
2025-10-18T23:10:40,28.75,7.41,629.4,16.29,323.3,0.0,1,1,23,0,
2025-10-18T23:10:42,28.55,7.78,673.3,16.73,181.6,0.0,1,1,23,0,
2025-10-18T23:10:44,27.86,7.57,655.0,9.00,306.3,541.7,0,1,23,0,
2025-10-18T23:10:46,27.35,7.60,633.0,10.56,207.8,0.0,1,1,23,0,
2025-10-18T23:10:48,27.81,7.66,620.1,14.24,285.0,0.0,1,0,23,0,
2025-10-18T23:10:50,28.03,7.41,667.5,16.29,303.9,0.0,0,1,23,0,
2025-10-18T23:10:52,26.50,7.91,627.1,9.55,248.4,0.0,1,0,23,0,
2025-10-18T23:10:54,27.90,7.43,613.6,18.22,317.3,1600.7,1,0,23,0,
2025-10-18T23:10:56,26.88,7.62,509.5,14.05,340.0,2238.0,1,0,23,0,
2025-10-18T23:10:58,28.45,7.71,700.4,16.07,353.4,430.9,1,1,23,0,
2025-10-18T23:11:00,27.62,7.84,592.0,18.18,212.7,0.0,0,0,23,0,
2025-10-18T23:11:02,27.65,7.77,621.9,17.86,244.8,1974.9,1,0,23,0,
2025-10-18T23:11:04,27.79,7.47,735.0,16.65,267.2,0.0,1,1,23,0,
2025-10-18T23:11:06,28.31,7.46,537.3,10.25,356.5,328.8,0,0,23,0,
2025-10-18T23:11:08,28.11,7.60,678.8,16.25,306.9,328.2,1,0,23,0,
2025-10-18T23:11:10,28.41,7.84,621.1,14.93,250.0,0.0,0,1,23,0,
2025-10-18T23:11:12,28.60,7.59,704.5,12.97,212.7,1769.0,0,1,23,0,
2025-10-18T23:11:14,27.54,7.78,727.1,17.47,246.3,0.0,1,0,23,0,
2025-10-18T23:11:16,26.89,7.38,593.6,16.29,282.6,1579.3,0,1,23,0,
2025-10-18T23:11:18,27.43,7.42,641.6,18.35,284.0,0.0,0,0,23,0,
2025-10-18T23:11:20,26.94,8.21,577.5,17.39,280.2,0.0,0,1,23,0,
2025-10-18T23:11:22,27.07,7.74,599.3,11.74,261.3,0.0,0,0,23,0,
2025-10-18T23:11:24,27.97,7.67,576.3,17.87,271.5,1259.9,0,0,23,0,
2025-10-18T23:11:26,25.59,7.65,643.7,8.58,232.5,1433.1,0,1,23,0,
2025-10-18T23:11:28,28.40,7.64,705.2,14.23,289.6,0.0,0,1,23,0,
2025-10-18T23:11:30,27.48,7.60,659.2,12.64,312.6,0.0,0,1,23,0,
2025-10-18T23:11:32,27.93,7.52,584.3,20.77,249.3,729.2,1,1,23,0,
2025-10-18T23:11:34,28.61,7.81,517.6,13.95,296.0,0.0,0,1,23,0,
2025-10-18T23:11:36,26.54,7.50,643.7,17.65,239.8,815.1,1,0,23,0,
2025-10-18T23:11:38,28.48,7.41,778.7,12.57,230.2,0.0,0,1,23,0,
2025-10-18T23:11:40,26.83,7.80,556.4,14.98,176.1,0.0,0,1,23,0,
2025-10-18T23:11:42,28.26,8.00,645.1,14.98,354.8,1631.1,1,1,23,0,
2025-10-18T23:11:44,25.92,7.40,630.4,18.89,195.6,498.0,1,1,23,0,
2025-10-18T23:11:46,28.05,7.65,616.6,10.91,356.6,157.7,1,1,23,0,
2025-10-18T23:11:48,27.73,7.56,684.5,16.23,305.4,429.4,0,0,23,0,
2025-10-18T23:11:50,27.34,7.90,638.6,18.98,176.1,499.0,0,0,23,0,
2025-10-18T23:11:52,27.14,7.73,599.8,5.60,228.8,0.0,1,1,23,0,
2025-10-18T23:11:54,27.12,7.84,764.5,20.10,243.5,0.0,1,1,23,0,
2025-10-18T23:11:56,26.35,7.84,675.4,10.05,288.7,0.0,0,1,23,0,
2025-10-18T23:11:58,26.14,7.80,731.1,16.77,301.5,611.4,0,1,23,0,
2025-10-18T23:12:00,28.17,7.69,712.7,14.70,295.9,1453.5,0,1,23,0,
2025-10-18T23:12:02,27.75,7.63,671.8,18.63,241.1,2212.3,1,1,23,0,
2025-10-18T23:12:04,27.98,8.08,548.4,20.81,245.0,69.2,0,1,23,0,
2025-10-18T23:12:06,28.14,7.49,488.1,11.75,165.6,0.0,0,1,23,0,
2025-10-18T23:12:08,28.03,7.64,598.4,19.80,323.4,0.0,0,1,23,0,
2025-10-18T23:12:10,27.74,8.06,725.6,11.59,224.6,0.0,1,0,23,0,
2025-10-18T23:12:12,27.25,7.59,681.9,17.31,276.2,0.0,0,1,23,0,
2025-10-18T23:12:14,28.79,7.65,681.1,16.31,165.1,0.0,0,1,23,0,
2025-10-18T23:12:16,27.55,8.02,550.6,18.09,162.0,0.0,0,0,23,0,
2025-10-18T23:12:18,28.25,7.28,555.1,8.72,221.6,0.0,0,0,23,0,
2025-10-18T23:12:20,27.72,7.27,699.9,17.60,338.9,2057.0,0,0,23,0,
2025-10-18T23:12:22,27.14,7.61,574.4,13.67,296.1,0.0,0,0,23,0,
2025-10-18T23:12:24,28.99,7.27,653.9,13.78,333.0,0.0,1,0,23,0,
2025-10-18T23:12:26,27.76,7.45,464.1,11.02,352.2,779.1,1,0,23,0,
2025-10-18T23:12:28,28.32,7.90,557.8,16.11,341.2,0.0,1,1,23,0,
2025-10-18T23:12:30,24.90,7.42,641.1,20.41,242.8,1954.1,0,0,23,0,
2025-10-18T23:12:32,28.48,7.52,578.6,10.71,381.0,403.9,1,1,23,0,
2025-10-18T23:12:34,27.08,7.83,525.8,5.32,338.1,0.0,0,1,23,0,
2025-10-18T23:12:36,28.13,7.33,529.2,18.77,250.2,0.0,0,1,23,0,
2025-10-18T23:12:38,26.48,7.58,572.6,19.67,314.1,0.0,0,0,23,0,
2025-10-18T23:12:40,28.98,7.88,716.2,10.40,296.8,0.0,1,0,23,0,
2025-10-18T23:12:42,28.86,7.92,640.0,11.02,323.4,1620.3,0,0,23,0,
2025-10-18T23:12:44,27.34,8.08,708.9,9.01,327.2,2127.6,1,0,23,0,
2025-10-18T23:12:46,26.39,7.64,686.1,12.82,307.4,113.2,0,1,23,0,
2025-10-18T23:12:48,27.71,7.74,661.6,20.16,325.7,0.0,1,0,23,0,
2025-10-18T23:12:50,27.38,7.71,610.9,13.69,265.3,0.0,0,1,23,0,
2025-10-18T23:12:52,27.13,7.73,596.3,13.08,228.3,0.0,0,1,23,0,
2025-10-18T23:12:54,27.52,7.52,625.6,15.72,220.6,165.0,1,1,23,0,
2025-10-18T23:12:56,27.38,7.45,673.4,18.13,333.5,0.0,0,1,23,0,
2025-10-18T23:12:58,27.23,7.63,706.2,10.38,337.2,0.0,0,0,23,0,
2025-10-18T23:13:00,25.68,7.47,738.9,17.83,407.9,588.1,0,1,23,0,
2025-10-18T23:13:02,28.19,7.64,599.0,15.49,365.6,2519.3,1,0,23,0,
2025-10-18T23:13:04,28.19,8.09,564.1,17.61,335.1,0.0,1,0,23,0,
2025-10-18T23:13:06,28.73,7.49,664.8,16.13,251.8,794.4,0,0,23,0,
2025-10-18T23:13:08,28.38,7.64,541.8,16.01,332.8,0.0,1,1,23,0,
2025-10-18T23:13:10,28.48,7.50,595.1,20.02,275.0,0.0,0,1,23,0,
2025-10-18T23:13:12,28.09,7.53,752.4,16.97,239.1,600.5,1,1,23,0,
2025-10-18T23:13:14,26.90,7.32,558.5,17.95,387.2,0.0,0,1,23,0,
2025-10-18T23:13:16,25.61,7.62,746.1,18.45,207.6,0.0,0,0,23,0,
2025-10-18T23:13:18,27.80,7.58,657.5,19.54,313.3,0.0,0,0,23,0,
2025-10-18T23:13:20,26.14,7.68,587.9,13.19,188.0,1294.3,0,1,23,0,
2025-10-18T23:13:22,28.85,7.39,674.8,20.43,274.4,429.6,1,0,23,0,
2025-10-18T23:13:24,27.79,7.65,648.7,9.80,268.8,0.0,0,0,23,0,
2025-10-18T23:13:26,26.26,7.75,492.8,20.42,284.9,1541.3,0,1,23,0,
2025-10-18T23:13:28,27.83,7.48,715.3,15.07,371.0,1476.5,1,0,23,0,
2025-10-18T23:13:30,27.35,7.76,733.4,14.70,274.9,0.0,1,0,23,0,
2025-10-18T23:13:32,28.87,7.54,595.0,16.28,351.6,1018.2,0,1,23,0,
2025-10-18T23:13:34,26.88,7.58,566.0,17.64,267.1,0.0,0,0,23,0,
2025-10-18T23:13:36,27.49,7.87,583.2,12.91,270.5,46.9,1,0,23,0,
2025-10-18T23:13:38,28.38,7.70,721.3,16.15,269.7,0.0,0,0,23,0,
2025-10-18T23:13:40,26.47,7.48,569.9,14.85,357.9,2231.8,1,0,23,0,
2025-10-18T23:13:42,26.34,7.64,593.6,12.39,214.0,643.8,0,0,23,0,
2025-10-18T23:13:44,28.78,7.50,566.6,16.35,330.4,2802.9,0,1,23,0,
2025-10-18T23:13:46,28.11,7.98,619.1,14.23,247.0,0.0,0,0,23,0,
2025-10-18T23:13:48,28.77,7.77,708.7,14.22,226.9,0.0,1,0,23,0,
2025-10-18T23:13:50,28.52,7.54,620.1,12.73,304.4,0.0,0,1,23,0,
2025-10-18T23:13:52,27.60,7.31,524.3,13.79,359.0,128.3,0,0,23,0,
2025-10-18T23:13:54,26.66,7.89,704.6,11.04,342.3,0.0,1,0,23,0,
2025-10-18T23:13:56,27.11,7.85,729.6,16.43,338.2,2732.3,1,0,23,0,
2025-10-18T23:13:58,28.03,7.53,663.1,19.44,226.6,462.7,1,0,23,0,
2025-10-18T23:14:00,27.16,7.58,631.7,24.84,243.4,0.0,0,0,23,0,
2025-10-18T23:14:02,27.91,7.54,709.9,13.17,338.4,0.0,1,1,23,0,
2025-10-18T23:14:04,27.51,7.96,666.9,13.71,286.4,0.0,0,1,23,0,
2025-10-18T23:14:06,28.44,7.59,670.2,14.52,316.7,0.0,0,1,23,0,
2025-10-18T23:14:08,26.53,7.47,739.2,19.76,304.2,0.0,0,1,23,0,
2025-10-18T23:14:10,28.88,7.71,454.1,13.81,346.8,0.0,1,1,23,0,
2025-10-18T23:14:12,26.25,7.68,650.6,12.46,306.6,1969.2,1,0,23,0,
2025-10-18T23:14:14,26.42,7.64,658.7,14.12,217.1,309.7,1,1,23,0,
2025-10-18T23:14:16,27.27,7.41,625.7,16.10,300.0,0.0,1,1,23,0,
2025-10-18T23:14:18,26.83,7.71,612.4,16.68,273.1,0.0,0,0,23,0,
2025-10-18T23:14:20,25.88,7.72,577.0,14.55,183.9,1342.3,1,0,23,0,
2025-10-18T23:14:22,27.43,8.05,595.2,9.57,384.3,2292.3,0,1,23,0,
2025-10-18T23:14:24,27.00,7.84,500.8,8.54,333.0,1420.0,0,1,23,0,
2025-10-18T23:14:26,27.55,7.55,572.8,15.44,352.8,2087.0,0,0,23,0,
2025-10-18T23:14:28,27.29,7.76,668.9,17.72,316.3,0.0,0,1,23,0,
2025-10-18T23:14:30,26.90,7.97,504.0,14.71,223.5,589.4,1,1,23,0,
2025-10-18T23:14:32,26.78,7.67,568.0,20.61,246.7,0.0,1,0,23,0,
2025-10-18T23:14:34,29.17,7.58,582.6,20.76,254.0,0.0,1,0,23,0,
2025-10-18T23:14:36,29.59,7.38,656.3,11.09,265.3,778.4,0,0,23,0,
2025-10-18T23:14:38,29.16,7.76,592.8,17.07,256.0,0.0,0,1,23,0,
2025-10-18T23:14:40,28.94,7.37,686.4,8.66,294.1,0.0,1,1,23,0,
2025-10-18T23:14:42,28.19,7.69,568.2,11.22,290.5,706.3,1,0,23,0,
2025-10-18T23:14:44,26.73,7.63,432.5,8.26,215.4,216.9,0,0,23,0,
2025-10-18T23:14:46,27.77,7.88,578.9,11.72,355.0,0.0,1,1,23,0,
2025-10-18T23:14:48,26.88,7.84,625.0,12.58,254.4,823.9,0,1,23,0,
2025-10-18T23:14:50,27.79,7.54,503.9,13.02,277.1,0.0,1,1,23,0,
2025-10-18T23:14:52,28.67,7.96,687.6,15.15,324.7,868.7,1,1,23,0,
2025-10-18T23:14:54,27.62,7.82,687.6,20.37,268.1,191.1,1,1,23,0,
2025-10-18T23:14:56,27.22,7.65,509.6,16.92,330.9,0.0,1,0,23,0,
2025-10-18T23:14:58,26.77,7.87,560.0,15.40,365.4,0.0,1,0,23,0,
2025-10-18T23:15:00,26.05,7.64,590.8,11.15,336.4,0.0,0,1,23,0,
2025-10-18T23:15:02,27.06,7.62,595.0,15.75,260.5,218.7,0,1,23,0,
2025-10-18T23:15:04,27.94,7.35,719.3,12.38,414.8,0.0,0,1,23,0,
2025-10-18T23:15:06,28.15,7.89,539.7,12.75,273.6,0.0,0,0,23,0,
2025-10-18T23:15:08,28.00,7.38,541.9,12.08,286.0,1884.3,1,1,23,0,
2025-10-18T23:15:10,26.80,7.40,631.2,20.25,309.2,0.0,0,1,23,0,
2025-10-18T23:15:12,26.69,7.77,557.6,9.84,308.6,0.0,0,1,23,0,
2025-10-18T23:15:14,28.69,7.57,624.3,18.05,315.4,0.0,0,0,23,0,
2025-10-18T23:15:16,28.01,7.86,691.0,7.92,247.2,457.7,1,1,23,0,
2025-10-18T23:15:18,28.24,7.71,692.0,12.38,216.4,0.0,1,1,23,0,
2025-10-18T23:15:20,28.23,7.55,549.5,12.55,315.3,0.0,1,0,23,0,
2025-10-18T23:15:22,27.61,7.57,646.9,11.12,307.7,0.0,0,1,23,0,
2025-10-18T23:15:24,28.13,7.55,537.9,13.17,386.2,0.0,0,1,23,0,
2025-10-18T23:15:26,26.84,7.58,656.2,21.37,265.2,0.0,0,1,23,0,
2025-10-18T23:15:28,27.01,7.51,751.9,17.85,280.7,0.0,0,1,23,0,
2025-10-18T23:15:30,27.47,7.83,717.1,12.31,322.7,0.0,0,1,23,0,
2025-10-18T23:15:32,29.16,7.81,653.0,17.35,263.8,0.0,0,1,23,0,
2025-10-18T23:15:34,28.30,7.87,648.7,8.64,236.5,0.0,1,1,23,0,
2025-10-18T23:15:36,26.30,7.70,623.7,12.39,252.3,0.0,1,1,23,0,
2025-10-18T23:15:38,26.99,7.69,602.3,14.02,310.2,0.0,1,1,23,0,
2025-10-18T23:15:40,27.95,7.77,706.6,19.12,261.3,0.0,0,0,23,0,
2025-10-18T23:15:42,28.76,7.75,627.2,13.27,322.4,1044.5,1,1,23,0,
2025-10-18T23:15:44,28.64,7.88,522.1,17.11,214.0,0.0,0,0,23,0,
2025-10-18T23:15:46,28.00,7.92,625.6,13.91,227.4,0.0,1,1,23,0,
2025-10-18T23:15:48,27.07,7.47,719.4,9.90,284.3,0.0,0,1,23,0,
2025-10-18T23:15:50,28.19,7.76,654.3,9.13,258.6,0.0,1,1,23,0,
2025-10-18T23:15:52,26.30,7.17,661.8,17.66,352.7,2060.0,0,0,23,0,
2025-10-18T23:15:54,26.02,8.05,604.2,7.47,362.9,1048.9,0,0,23,0,
2025-10-18T23:15:56,27.89,7.95,597.8,13.81,258.0,0.0,1,1,23,0,
2025-10-18T23:15:58,28.04,7.64,616.3,19.15,249.1,1084.2,1,1,23,0,
2025-10-18T23:16:00,28.15,7.60,792.4,16.61,352.9,0.0,1,0,23,0,
2025-10-18T23:16:02,28.45,7.57,601.1,16.81,287.7,1744.3,1,0,23,0,
2025-10-18T23:16:04,28.93,7.78,700.5,14.05,287.6,0.0,1,1,23,0,
2025-10-18T23:16:06,27.34,7.94,680.1,12.87,272.4,2910.1,0,0,23,0,
2025-10-18T23:16:08,27.20,7.55,613.8,11.82,280.1,842.5,0,0,23,0,
2025-10-18T23:16:10,26.73,7.79,713.9,12.07,201.2,2296.0,1,1,23,0,
2025-10-18T23:16:12,26.33,7.77,695.5,14.95,249.8,510.3,1,1,23,0,
2025-10-18T23:16:14,28.94,7.90,627.5,19.27,333.8,1260.3,0,0,23,0,
2025-10-18T23:16:16,27.35,7.65,780.0,16.47,298.5,0.0,1,1,23,0,
2025-10-18T23:16:18,27.63,7.57,672.4,19.10,216.2,0.0,0,0,23,0,
2025-10-18T23:16:20,27.12,7.70,737.6,16.21,364.7,0.0,0,1,23,0,
2025-10-18T23:16:22,28.55,7.72,629.7,19.45,282.9,685.8,1,0,23,0,
2025-10-18T23:16:24,26.89,7.85,618.5,18.34,290.8,0.0,0,1,23,0,
2025-10-18T23:16:26,27.08,7.61,543.9,14.03,244.4,1283.5,0,1,23,0,
2025-10-18T23:16:28,28.05,7.68,674.6,15.09,226.9,0.0,1,1,23,0,
2025-10-18T23:16:30,28.49,7.26,578.2,16.14,229.2,656.1,0,1,23,0,
2025-10-18T23:16:32,26.66,7.54,680.7,9.58,266.1,175.9,0,1,23,0,
2025-10-18T23:16:34,26.91,7.74,582.8,19.67,283.1,0.0,1,0,23,0,
2025-10-18T23:16:36,27.37,7.57,627.8,15.80,239.0,0.0,0,0,23,0,
2025-10-18T23:16:38,28.90,7.79,634.3,7.11,250.4,0.0,1,1,23,0,
2025-10-18T23:16:40,27.93,7.66,632.4,13.85,230.1,0.0,0,1,23,0,
2025-10-18T23:16:42,28.41,7.33,691.4,13.28,149.3,0.0,0,0,23,0,
2025-10-18T23:16:44,27.98,7.91,577.2,8.27,228.2,1323.9,1,1,23,0,
2025-10-18T23:16:46,27.30,7.72,640.1,18.21,339.9,606.1,1,1,23,0,
2025-10-18T23:16:48,27.96,7.82,674.7,20.97,360.1,0.0,0,0,23,0,
2025-10-18T23:16:50,30.13,7.31,616.7,15.23,251.0,0.0,1,1,23,0,
2025-10-18T23:16:52,28.92,7.64,705.5,15.74,178.7,0.0,0,1,23,0,
2025-10-18T23:16:54,27.86,7.70,684.4,19.96,377.7,552.9,0,1,23,0,
2025-10-18T23:16:56,29.52,7.46,745.7,12.52,287.8,2236.9,0,0,23,0,
2025-10-18T23:16:58,26.06,7.43,642.3,10.71,296.2,663.3,0,0,23,0,
2025-10-18T23:17:00,27.47,7.41,500.8,7.65,338.9,0.0,0,0,23,0,
2025-10-18T23:17:02,29.63,7.58,674.9,12.90,339.8,1920.0,0,0,23,0,
2025-10-18T23:17:04,26.93,7.85,709.7,12.70,219.1,729.4,0,1,23,0,
2025-10-18T23:17:06,28.37,7.98,626.7,16.24,218.5,374.8,1,0,23,0,
2025-10-18T23:17:08,28.08,7.50,709.0,17.74,346.7,1220.1,1,1,23,0,
2025-10-18T23:17:10,28.64,7.47,523.5,11.19,233.3,0.0,0,1,23,0,
2025-10-18T23:17:12,27.47,7.46,725.7,12.92,326.9,0.0,1,1,23,0,
2025-10-18T23:17:14,26.73,7.91,621.3,22.06,294.4,0.0,1,1,23,0,
2025-10-18T23:17:16,28.64,7.49,653.3,17.93,346.2,0.0,0,1,23,0,
2025-10-18T23:17:18,27.29,7.73,711.8,12.78,331.0,0.0,0,1,23,0,
2025-10-18T23:17:20,26.41,7.34,725.4,12.22,264.4,1999.5,1,1,23,0,
2025-10-18T23:17:22,27.48,7.93,703.9,15.70,272.3,593.4,1,0,23,0,
2025-10-18T23:17:24,28.00,7.73,693.2,14.56,286.5,0.0,0,1,23,0,
2025-10-18T23:17:26,28.35,7.83,517.5,11.84,291.9,1824.9,0,1,23,0,
2025-10-18T23:17:28,26.20,7.39,663.2,17.35,113.4,668.8,0,1,23,0,
2025-10-18T23:17:30,26.76,7.56,609.9,13.99,268.2,1045.3,0,0,23,0,
2025-10-18T23:17:32,27.66,7.34,554.4,20.23,198.2,0.0,0,0,23,0,
2025-10-18T23:17:34,27.51,7.57,653.5,21.21,319.6,0.0,0,1,23,0,
2025-10-18T23:17:36,27.57,7.91,680.2,17.01,285.6,0.0,1,0,23,0,
2025-10-18T23:17:38,27.46,7.83,650.2,16.63,319.4,823.3,1,1,23,0,
2025-10-18T23:17:40,27.55,7.71,563.2,13.34,365.1,1028.6,0,0,23,0,
2025-10-18T23:17:42,27.58,7.32,665.9,17.21,190.7,0.0,0,1,23,0,
2025-10-18T23:17:44,29.00,7.57,680.0,11.68,256.4,0.0,1,1,23,0,
2025-10-18T23:17:46,24.67,7.59,659.1,7.55,191.4,0.0,0,0,23,0,
2025-10-18T23:17:48,26.41,7.58,505.1,13.27,281.0,3927.9,1,0,23,0,
2025-10-18T23:17:50,25.67,7.83,583.5,17.35,298.7,0.0,1,1,23,0,
2025-10-18T23:17:52,27.09,7.93,702.1,18.53,265.7,0.0,1,0,23,0,
2025-10-18T23:17:54,26.76,7.69,605.6,11.29,262.6,0.0,1,1,23,0,
2025-10-18T23:17:56,27.47,7.59,671.1,10.68,293.3,0.0,1,1,23,0,
2025-10-18T23:17:58,26.40,7.83,687.2,18.42,276.7,1468.7,1,1,23,0,
2025-10-18T23:18:00,28.75,7.74,593.6,12.24,324.4,1417.4,0,1,23,0,
2025-10-18T23:18:02,27.36,7.85,528.9,20.66,300.0,0.0,0,1,23,0,
2025-10-18T23:18:04,27.31,7.66,641.3,11.98,376.8,343.0,1,1,23,0,
2025-10-18T23:18:06,26.61,7.91,548.9,22.13,193.4,0.0,1,1,23,0,
2025-10-18T23:18:08,27.89,8.00,633.8,14.09,353.8,2143.1,1,0,23,0,
2025-10-18T23:18:10,28.72,7.41,655.2,12.98,205.5,1182.6,1,1,23,0,
2025-10-18T23:18:12,26.98,7.90,631.1,16.32,252.0,0.0,1,1,23,0,
2025-10-18T23:18:14,27.94,7.81,749.9,13.36,177.8,1380.6,0,1,23,0,
2025-10-18T23:18:16,26.36,7.86,575.3,12.40,307.3,649.5,0,1,23,0,
2025-10-18T23:18:18,25.92,8.04,452.7,14.79,215.1,0.0,1,1,23,0,
2025-10-18T23:18:20,27.77,7.10,707.1,15.43,225.1,0.0,0,0,23,0,
2025-10-18T23:18:22,28.87,7.95,671.9,19.76,335.7,0.0,0,1,23,0,
2025-10-18T23:18:24,27.91,7.45,699.7,14.85,277.3,955.4,0,1,23,0,
2025-10-18T23:18:26,27.35,7.21,709.1,16.62,292.3,2463.3,0,1,23,0,
2025-10-18T23:18:28,26.92,7.88,539.8,19.39,346.7,649.5,0,0,23,0,
2025-10-18T23:18:30,27.12,7.78,568.0,14.70,330.2,1371.4,0,1,23,0,
2025-10-18T23:18:32,28.22,7.53,630.6,5.21,359.0,733.5,0,1,23,0,
2025-10-18T23:18:34,26.72,7.88,607.3,16.91,317.2,2843.7,1,0,23,0,
2025-10-18T23:18:36,28.41,7.92,514.5,17.22,212.5,0.0,0,0,23,0,
2025-10-18T23:18:38,26.40,7.41,692.8,17.18,293.8,0.0,1,1,23,0,
2025-10-18T23:18:40,26.67,7.40,610.6,15.07,327.1,0.0,1,1,23,0,
2025-10-18T23:18:42,28.52,7.76,605.2,9.31,378.9,1130.6,0,1,23,0,
2025-10-18T23:18:44,27.61,7.72,580.7,20.00,353.7,517.3,0,1,23,0,
2025-10-18T23:18:46,27.40,7.43,688.1,19.42,293.7,2813.8,0,1,23,0,
2025-10-18T23:18:48,28.73,7.35,655.1,8.62,193.2,0.0,1,1,23,0,
2025-10-18T23:18:50,27.15,8.08,663.4,11.92,299.8,1066.6,0,0,23,0,
2025-10-18T23:18:52,27.53,7.87,650.1,12.56,229.2,0.0,1,0,23,0,
2025-10-18T23:18:54,27.89,7.97,616.3,14.77,244.0,0.0,0,0,23,0,
2025-10-18T23:18:56,27.67,7.93,674.6,18.53,199.1,89.7,0,0,23,0,
2025-10-18T23:18:58,27.99,7.42,545.0,17.40,248.2,46.1,0,0,23,0,
2025-10-18T23:19:00,30.24,7.90,591.7,19.83,322.2,1305.4,1,1,23,0,
2025-10-18T23:19:02,28.17,7.81,657.5,15.39,270.2,0.0,0,1,23,0,
2025-10-18T23:19:04,27.59,7.82,737.1,10.74,236.2,0.0,1,1,23,0,
2025-10-18T23:19:06,27.22,7.62,829.1,13.24,245.1,0.0,1,0,23,0,
2025-10-18T23:19:08,28.69,7.57,712.0,14.50,262.6,79.0,0,0,23,0,
2025-10-18T23:19:10,27.83,7.75,632.9,14.37,294.4,3032.2,1,0,23,0,
2025-10-18T23:19:12,26.88,7.80,743.5,20.79,202.4,21.6,0,0,23,0,
2025-10-18T23:19:14,27.93,7.44,620.1,15.39,319.8,707.6,1,0,23,0,
2025-10-18T23:19:16,27.12,8.09,636.2,20.05,351.8,0.0,0,1,23,0,
2025-10-18T23:19:18,27.32,7.66,555.2,15.46,280.7,0.0,0,1,23,0,
2025-10-18T23:19:20,26.94,8.03,515.8,11.00,283.7,0.0,1,0,23,0,
2025-10-18T23:19:22,29.30,7.70,591.4,16.44,210.7,1995.9,0,0,23,0,
2025-10-18T23:19:24,26.78,7.55,640.4,15.36,258.0,0.0,0,0,23,0,
2025-10-18T23:19:26,27.25,7.70,728.7,15.47,320.1,0.0,1,1,23,0,
2025-10-18T23:19:28,29.13,7.13,637.0,18.22,304.4,0.0,1,0,23,0,
2025-10-18T23:19:30,28.66,7.53,639.1,10.54,270.5,85.2,0,0,23,0,
2025-10-18T23:19:32,26.57,7.77,617.4,17.12,210.4,0.0,0,1,23,0,
2025-10-18T23:19:34,26.37,7.44,542.1,14.13,217.7,0.0,0,1,23,0,
2025-10-18T23:19:36,26.26,7.60,550.7,9.60,292.3,273.9,0,1,23,0,
2025-10-18T23:19:38,26.47,7.95,492.8,11.40,353.1,395.3,1,0,23,0,
2025-10-18T23:19:40,28.85,7.97,633.8,11.25,325.4,0.0,0,0,23,0,
2025-10-18T23:19:42,27.66,7.69,716.0,14.29,411.8,243.3,0,1,23,0,
2025-10-18T23:19:44,27.82,7.72,566.6,15.88,225.7,3352.9,0,1,23,0,
2025-10-18T23:19:46,27.23,7.37,666.0,17.56,202.9,0.0,1,0,23,0,
2025-10-18T23:19:48,28.18,7.44,609.8,20.38,170.8,0.0,0,1,23,0,
2025-10-18T23:19:50,28.96,8.03,580.9,19.60,184.6,920.9,0,0,23,0,
2025-10-18T23:19:52,27.47,7.98,624.2,17.12,302.6,0.0,1,1,23,0,
2025-10-18T23:19:54,28.00,7.51,634.7,12.96,297.1,0.0,0,1,23,0,
2025-10-18T23:19:56,28.29,7.38,741.2,15.74,331.2,668.0,0,0,23,0,
2025-10-18T23:19:58,25.74,7.92,581.3,15.70,350.0,2168.5,0,1,23,0,
2025-10-18T23:20:00,28.20,7.88,575.3,20.64,281.3,0.0,1,1,23,0,
2025-10-18T23:20:02,29.16,7.54,671.9,20.57,271.6,0.0,1,1,23,0,
2025-10-18T23:20:04,25.99,7.96,738.7,11.74,236.0,1267.7,1,1,23,0,
2025-10-18T23:20:06,26.31,7.54,657.1,14.45,146.8,0.0,0,0,23,0,
2025-10-18T23:20:08,27.93,7.60,640.0,13.45,288.8,649.0,0,0,23,0,
2025-10-18T23:20:10,27.83,8.02,634.3,13.73,246.7,0.0,1,1,23,0,
2025-10-18T23:20:12,26.89,7.73,802.8,15.93,276.6,2292.7,0,1,23,0,
2025-10-18T23:20:14,26.02,7.65,570.3,13.65,253.2,2581.6,1,0,23,0,
2025-10-18T23:20:16,26.42,7.71,502.4,11.45,255.1,509.9,1,0,23,0,
2025-10-18T23:20:18,27.69,7.45,608.8,4.94,297.7,0.0,1,1,23,0,
2025-10-18T23:20:20,28.15,7.32,758.9,19.28,276.8,0.0,1,1,23,0,
2025-10-18T23:20:22,26.91,7.87,590.0,13.18,305.2,1556.8,1,0,23,0,
2025-10-18T23:20:24,27.91,7.34,549.1,16.86,310.1,0.0,0,1,23,0,
2025-10-18T23:20:26,26.70,7.62,615.3,19.97,336.5,479.0,1,1,23,0,
2025-10-18T23:20:28,30.62,7.62,753.3,9.15,210.8,82.6,0,1,23,0,
2025-10-18T23:20:30,27.88,8.11,657.2,9.61,312.9,0.0,1,1,23,0,
2025-10-18T23:20:32,27.11,7.85,575.1,16.10,329.4,529.8,0,1,23,0,
2025-10-18T23:20:34,27.00,7.81,640.1,17.44,313.4,0.0,0,1,23,0,
2025-10-18T23:20:36,27.64,7.57,519.5,15.26,270.1,0.0,0,0,23,0,
2025-10-18T23:20:38,27.90,7.71,726.3,19.09,302.9,0.0,0,1,23,0,
2025-10-18T23:20:40,27.24,7.81,727.1,12.86,360.8,845.5,1,1,23,0,
2025-10-18T23:20:42,27.42,7.47,641.1,22.34,357.6,0.0,1,1,23,0,
2025-10-18T23:20:44,27.97,7.66,677.6,18.22,241.9,2411.2,0,0,23,0,
2025-10-18T23:20:46,28.09,7.70,516.7,18.62,299.5,0.0,1,1,23,0,
2025-10-18T23:20:48,27.49,7.54,759.9,7.79,232.8,0.0,1,0,23,0,
2025-10-18T23:20:50,27.43,7.63,592.5,24.78,186.5,235.0,0,0,23,0,
2025-10-18T23:20:52,26.49,7.72,727.6,12.35,235.6,0.0,1,1,23,0,
2025-10-18T23:20:54,27.60,7.59,697.8,15.24,354.0,0.0,0,0,23,0,
2025-10-18T23:20:56,28.97,7.68,623.2,14.85,205.0,2810.2,0,1,23,0,
2025-10-18T23:20:58,26.21,7.65,629.7,13.54,205.5,0.0,0,0,23,0,
2025-10-18T23:21:00,28.41,7.65,517.5,9.41,330.2,0.0,0,1,23,0,
2025-10-18T23:21:02,26.78,7.84,668.1,18.01,297.4,330.3,0,0,23,0,
2025-10-18T23:21:04,26.46,7.53,568.7,17.53,368.0,0.0,1,1,23,0,
2025-10-18T23:21:06,27.39,7.44,731.8,16.69,283.3,1716.5,1,0,23,0,
2025-10-18T23:21:08,27.13,7.17,580.3,10.57,262.4,1911.6,0,1,23,0,
2025-10-18T23:21:10,27.61,7.67,560.0,15.23,298.6,0.0,1,1,23,0,
2025-10-18T23:21:12,26.47,7.38,671.4,16.22,249.3,858.1,0,1,23,0,
2025-10-18T23:21:14,28.48,7.81,638.1,16.30,331.6,3249.3,0,1,23,0,
2025-10-18T23:21:16,27.79,7.49,644.4,13.80,278.9,0.0,1,0,23,0,
2025-10-18T23:21:18,26.41,7.80,623.4,15.33,286.2,0.0,0,1,23,0,
2025-10-18T23:21:20,27.62,7.77,652.7,14.01,249.7,736.6,1,0,23,0,
2025-10-18T23:21:22,27.33,7.96,781.2,12.62,191.3,752.6,0,0,23,0,
2025-10-18T23:21:24,28.58,7.64,714.7,8.79,342.9,1103.7,0,1,23,0,
2025-10-18T23:21:26,27.74,7.71,677.7,14.14,225.8,0.0,0,0,23,0,
2025-10-18T23:21:28,28.15,7.81,600.1,14.79,220.4,490.0,1,0,23,0,
2025-10-18T23:21:30,28.58,7.66,682.1,16.99,325.6,2005.0,0,1,23,0,
2025-10-18T23:21:32,25.55,7.87,729.3,19.15,274.8,0.0,1,0,23,0,
2025-10-18T23:21:34,27.84,7.42,722.6,11.56,252.4,0.0,0,0,23,0,
2025-10-18T23:21:36,26.98,7.66,566.8,18.65,343.9,1034.8,1,0,23,0,
2025-10-18T23:21:38,27.23,7.45,619.1,13.29,264.4,0.0,1,0,23,0,
2025-10-18T23:21:40,27.25,7.78,503.8,13.42,249.5,0.0,0,1,23,0,
2025-10-18T23:21:42,28.60,7.58,497.5,10.78,294.6,0.0,0,1,23,0,
2025-10-18T23:21:44,27.98,7.69,585.7,14.79,280.8,0.0,1,0,23,0,
2025-10-18T23:21:46,26.76,7.50,533.6,9.59,290.8,2164.9,1,1,23,0,
2025-10-18T23:21:48,27.42,7.89,619.3,17.71,341.9,1834.4,0,1,23,0,
2025-10-18T23:21:50,25.64,7.89,567.4,19.19,282.6,309.2,1,0,23,0,
2025-10-18T23:21:52,27.84,7.66,633.9,16.25,358.3,0.0,1,1,23,0,
2025-10-18T23:21:54,27.38,7.43,649.6,13.32,309.2,0.0,0,1,23,0,
2025-10-18T23:21:56,27.68,7.56,680.7,17.01,320.2,431.8,1,0,23,0,
2025-10-18T23:21:58,27.97,7.50,641.5,12.21,308.7,0.0,1,0,23,0,
2025-10-18T23:22:00,28.52,7.80,646.1,16.13,312.4,239.4,0,1,23,0,
2025-10-18T23:22:02,28.62,7.46,624.2,10.50,225.7,1448.2,0,1,23,0,
2025-10-18T23:22:04,27.59,7.41,717.8,19.78,270.9,2800.2,0,0,23,0,
2025-10-18T23:22:06,28.41,7.74,675.5,19.41,291.8,0.0,1,1,23,0,
2025-10-18T23:22:08,26.74,7.66,565.2,13.65,337.3,0.0,0,1,23,0,
2025-10-18T23:22:10,27.64,7.24,547.3,19.16,300.9,0.0,0,1,23,0,
2025-10-18T23:22:12,27.11,7.79,600.7,21.61,277.6,2164.4,0,1,23,0,
2025-10-18T23:22:14,28.96,7.62,592.2,13.42,289.0,1555.6,1,0,23,0,
2025-10-18T23:22:16,26.89,7.81,657.3,16.77,355.4,2287.6,1,1,23,0,
2025-10-18T23:22:18,27.98,7.77,595.7,16.15,304.0,0.0,0,0,23,0,
2025-10-18T23:22:20,27.55,7.77,569.3,7.97,190.2,0.0,0,1,23,0,
2025-10-18T23:22:22,29.80,7.62,543.1,10.58,308.1,0.0,1,1,23,0,
2025-10-18T23:22:24,27.76,7.58,542.5,11.41,276.8,1054.5,1,1,23,0,
2025-10-18T23:22:26,29.16,8.05,797.4,14.35,314.9,0.0,1,1,23,0,
2025-10-18T23:22:28,26.97,7.63,624.8,17.68,319.9,0.0,1,1,23,0,
2025-10-18T23:22:30,28.48,7.32,557.8,14.26,218.5,1708.1,1,1,23,0,
2025-10-18T23:22:32,27.32,7.22,577.0,13.77,250.6,1464.8,0,0,23,0,
2025-10-18T23:22:34,27.81,7.51,648.8,6.47,192.3,0.0,1,1,23,0,
2025-10-18T23:22:36,26.90,7.82,671.6,11.88,347.1,0.0,0,0,23,0,
2025-10-18T23:22:38,28.17,7.71,622.6,16.59,250.8,1241.2,0,0,23,0,
2025-10-18T23:22:40,25.76,7.46,772.1,11.55,271.8,682.1,1,0,23,0,
2025-10-18T23:22:42,26.95,7.56,713.2,13.07,195.4,1746.8,1,0,23,0,
2025-10-18T23:22:44,27.67,7.88,665.7,14.74,221.0,1762.0,0,1,23,0,
2025-10-18T23:22:46,26.03,7.97,573.4,28.59,356.4,0.0,0,1,23,0,
2025-10-18T23:22:48,29.31,7.37,652.1,11.91,260.7,1219.3,0,1,23,0,
2025-10-18T23:22:50,27.02,7.60,634.4,12.16,360.6,0.0,1,1,23,0,
2025-10-18T23:22:52,27.42,7.57,749.0,12.27,306.7,0.0,1,1,23,0,
2025-10-18T23:22:54,27.22,7.63,679.8,13.66,309.0,1225.8,0,1,23,0,
2025-10-18T23:22:56,28.36,7.53,731.8,11.01,273.5,2814.3,0,0,23,0,
2025-10-18T23:22:58,28.61,7.73,601.9,13.13,219.6,0.0,1,1,23,0,
2025-10-18T23:23:00,28.13,7.27,649.2,12.43,223.2,643.5,0,1,23,0,
2025-10-18T23:23:02,27.34,7.78,594.7,15.39,347.2,0.0,1,0,23,0,
2025-10-18T23:23:04,27.09,7.31,691.3,6.45,396.3,1354.7,1,0,23,0,
2025-10-18T23:23:06,27.45,7.61,667.7,15.36,301.3,0.0,1,1,23,0,
2025-10-18T23:23:08,27.04,7.93,661.3,14.32,325.9,316.2,0,0,23,0,
2025-10-18T23:23:10,29.04,7.97,635.0,10.11,263.7,0.0,0,0,23,0,
2025-10-18T23:23:12,27.79,7.79,581.2,12.41,333.8,2114.6,1,0,23,0,
2025-10-18T23:23:14,27.13,7.58,607.5,7.21,290.7,0.0,0,0,23,0,
2025-10-18T23:23:16,26.46,8.00,601.8,12.67,283.2,967.8,0,0,23,0,
2025-10-18T23:23:18,26.29,7.77,659.3,19.52,277.7,73.1,1,1,23,0,
2025-10-18T23:23:20,26.94,7.26,687.9,8.92,286.0,1111.9,0,1,23,0,
2025-10-18T23:23:22,28.60,7.62,646.6,15.69,296.6,56.1,1,0,23,0,
2025-10-18T23:23:24,27.71,7.56,586.9,14.92,312.6,0.0,1,1,23,0,
2025-10-18T23:23:26,27.83,7.74,522.0,7.21,318.7,0.0,0,0,23,0,
2025-10-18T23:23:28,27.21,7.57,745.2,19.23,226.9,0.0,0,0,23,0,
2025-10-18T23:23:30,27.46,8.06,642.6,10.51,238.6,2213.0,1,1,23,0,
2025-10-18T23:23:32,28.22,7.63,613.4,12.85,398.0,0.0,0,0,23,0,
2025-10-18T23:23:34,27.62,7.49,692.5,14.93,388.5,0.0,0,0,23,0,
2025-10-18T23:23:36,26.90,7.40,656.0,13.07,334.1,0.0,1,0,23,0,
2025-10-18T23:23:38,25.51,7.23,652.8,20.67,313.2,0.0,0,0,23,0,
2025-10-18T23:23:40,26.00,7.71,720.4,17.35,237.1,0.0,0,1,23,0,
2025-10-18T23:23:42,28.12,7.75,567.3,15.32,363.6,0.0,0,0,23,0,
2025-10-18T23:23:44,27.53,7.69,601.6,12.62,238.1,1055.3,1,0,23,0,
2025-10-18T23:23:46,27.27,7.54,665.4,11.00,266.8,498.9,0,0,23,0,
2025-10-18T23:23:48,28.36,7.71,514.1,12.00,354.5,0.0,1,1,23,0,
2025-10-18T23:23:50,27.54,7.58,484.7,11.38,248.2,1358.8,1,0,23,0,
2025-10-18T23:23:52,28.81,7.83,587.7,13.49,250.1,1709.5,1,1,23,0,
2025-10-18T23:23:54,27.57,7.66,662.9,17.32,250.4,448.3,1,0,23,0,
2025-10-18T23:23:56,27.37,7.59,624.0,13.28,233.8,3234.1,0,0,23,0,
2025-10-18T23:23:58,25.63,7.87,557.1,17.81,246.2,0.0,0,1,23,0,
2025-10-18T23:24:00,27.72,7.78,547.6,15.27,345.4,1034.4,0,1,23,0,
2025-10-18T23:24:02,26.82,7.42,802.2,16.79,232.4,0.0,0,1,23,0,
2025-10-18T23:24:04,26.79,7.61,716.5,7.10,357.9,0.0,0,0,23,0,
2025-10-18T23:24:06,27.44,7.75,728.6,18.74,263.1,915.9,0,0,23,0,
2025-10-18T23:24:08,27.88,7.38,643.0,16.88,306.8,321.3,1,0,23,0,
2025-10-18T23:24:10,27.76,7.43,468.6,23.76,224.0,0.0,0,1,23,0,
2025-10-18T23:24:12,27.59,7.65,549.0,17.45,242.5,854.2,0,1,23,0,
2025-10-18T23:24:14,26.65,7.81,495.7,9.99,297.8,0.0,0,1,23,0,
2025-10-18T23:24:16,26.81,7.91,763.2,16.66,335.0,414.7,1,0,23,0,
2025-10-18T23:24:18,27.36,7.67,615.0,4.16,210.1,0.0,0,1,23,0,
2025-10-18T23:24:20,28.58,7.84,605.6,13.24,267.0,0.0,1,0,23,0,
2025-10-18T23:24:22,26.41,7.48,655.9,18.35,297.2,824.8,0,1,23,0,
2025-10-18T23:24:24,26.78,8.22,686.4,10.60,346.2,0.0,0,0,23,0,
2025-10-18T23:24:26,27.14,7.83,692.0,13.07,237.5,590.8,1,1,23,0,
2025-10-18T23:24:28,29.26,7.40,626.2,11.57,279.0,664.5,0,0,23,0,
2025-10-18T23:24:30,25.96,7.94,528.8,11.45,284.1,2307.2,0,1,23,0,
2025-10-18T23:24:32,26.99,7.70,733.0,9.43,274.2,1823.8,0,0,23,0,
2025-10-18T23:24:34,27.13,7.62,687.6,16.05,214.2,1038.5,0,0,23,0,
2025-10-18T23:24:36,28.93,7.64,510.5,13.58,172.4,0.0,1,1,23,0,
2025-10-18T23:24:38,27.69,7.68,699.7,11.79,338.1,1676.2,1,1,23,0,
2025-10-18T23:24:40,28.37,7.71,696.2,12.14,307.3,1968.4,0,1,23,0,
2025-10-18T23:24:42,26.42,7.71,651.0,13.40,280.6,534.4,1,1,23,0,
2025-10-18T23:24:44,26.91,8.09,685.3,19.41,186.5,0.0,1,0,23,0,
2025-10-18T23:24:46,27.30,7.75,713.5,19.30,174.4,783.7,0,1,23,0,
2025-10-18T23:24:48,27.12,7.59,542.4,12.22,355.6,0.0,0,1,23,0,
2025-10-18T23:24:50,28.30,7.24,498.0,8.89,276.4,1440.6,1,1,23,0,
2025-10-18T23:24:52,27.18,7.84,670.8,16.44,228.9,0.0,0,1,23,0,
2025-10-18T23:24:54,28.29,8.00,685.2,19.98,351.5,2203.2,1,1,23,0,
2025-10-18T23:24:56,27.98,7.85,620.4,14.35,286.8,1642.8,0,1,23,0,
2025-10-18T23:24:58,27.03,7.32,524.7,19.51,286.9,0.0,0,0,23,0,
2025-10-18T23:25:00,26.77,7.40,700.5,11.88,262.4,2419.1,0,1,23,0,
2025-10-18T23:25:02,27.73,7.58,585.8,11.06,295.4,0.0,1,0,23,0,
2025-10-18T23:25:04,27.04,8.02,675.0,16.03,308.4,0.0,0,1,23,0,
2025-10-18T23:25:06,28.09,7.41,614.8,18.91,318.5,2241.5,0,0,23,0,
2025-10-18T23:25:08,27.63,7.53,777.7,24.52,251.4,0.0,1,1,23,0,
2025-10-18T23:25:10,25.34,8.02,658.8,23.01,284.9,1097.5,1,1,23,0,
2025-10-18T23:25:12,28.86,7.79,592.5,11.29,157.0,1002.3,1,0,23,0,
2025-10-18T23:25:14,28.24,7.84,538.1,10.75,233.1,2867.8,1,1,23,0,
2025-10-18T23:25:16,27.39,7.71,668.3,14.11,288.7,1955.0,0,0,23,0,
2025-10-18T23:25:18,27.70,7.70,607.6,23.87,284.5,0.0,0,1,23,0,
2025-10-18T23:25:20,29.12,7.54,673.7,8.35,288.7,0.0,0,1,23,0,
2025-10-18T23:25:22,28.43,7.97,589.7,22.96,374.2,1043.0,0,0,23,0,
2025-10-18T23:25:24,27.50,8.07,510.2,16.61,378.6,1982.7,0,0,23,0,
2025-10-18T23:25:26,27.30,7.80,724.8,19.34,191.7,0.0,0,1,23,0,
2025-10-18T23:25:28,26.88,7.85,474.7,12.94,326.9,1855.5,0,1,23,0,
2025-10-18T23:25:30,27.83,7.61,680.9,19.48,303.7,0.0,0,1,23,0,
2025-10-18T23:25:32,27.64,7.50,625.5,19.76,271.2,0.0,0,0,23,0,
2025-10-18T23:25:34,26.13,7.76,667.9,16.18,296.0,552.7,1,1,23,0,
2025-10-18T23:25:36,27.86,7.65,562.8,4.25,185.6,0.0,0,1,23,0,
2025-10-18T23:25:38,29.73,7.39,751.0,18.52,321.3,0.0,0,0,23,0,
2025-10-18T23:25:40,28.71,7.55,572.0,19.26,249.4,0.0,1,0,23,0,
2025-10-18T23:25:42,27.42,7.24,653.1,16.18,333.9,2832.8,0,0,23,0,
2025-10-18T23:25:44,27.60,7.92,634.1,15.76,299.5,0.0,1,1,23,0,
2025-10-18T23:25:46,27.01,7.39,618.4,23.20,177.5,2493.5,0,0,23,0,
2025-10-18T23:25:48,28.72,7.66,692.3,25.30,263.6,1575.5,0,1,23,0,
2025-10-18T23:25:50,26.51,7.66,535.9,14.72,258.8,1093.3,1,1,23,0,
2025-10-18T23:25:52,28.39,7.45,568.2,18.31,235.8,1683.2,0,1,23,0,
2025-10-18T23:25:54,27.16,7.45,520.2,8.92,217.7,1315.3,1,0,23,0,
2025-10-18T23:25:56,26.96,7.56,632.7,17.54,334.9,0.0,0,1,23,0,
2025-10-18T23:25:58,27.27,7.75,500.9,19.09,266.6,595.1,0,1,23,0,
2025-10-18T23:26:00,26.93,7.45,664.0,13.99,275.3,645.0,0,0,23,0,
2025-10-18T23:26:02,27.67,7.52,663.5,17.85,284.0,0.0,0,1,23,0,
2025-10-18T23:26:04,26.20,7.73,668.6,18.38,320.8,0.0,0,0,23,0,
2025-10-18T23:26:06,28.44,7.71,600.3,17.66,201.0,0.0,0,1,23,0,
2025-10-18T23:26:08,27.72,7.75,561.3,9.42,322.5,400.8,0,0,23,0,
2025-10-18T23:26:10,27.45,7.55,640.3,13.48,294.5,0.0,0,0,23,0,
2025-10-18T23:26:12,27.08,7.78,552.4,7.92,263.5,0.0,0,1,23,0,
2025-10-18T23:26:14,24.89,7.52,625.3,15.50,282.3,0.0,1,0,23,0,
2025-10-18T23:26:16,28.32,7.72,615.2,17.01,281.3,67.5,0,1,23,0,
2025-10-18T23:26:18,29.40,7.47,528.2,15.08,176.9,444.1,0,0,23,0,
2025-10-18T23:26:20,28.84,7.59,600.0,22.92,279.4,0.0,1,1,23,0,
2025-10-18T23:26:22,28.12,7.78,668.8,19.97,267.1,0.0,1,1,23,0,
2025-10-18T23:26:24,27.91,7.82,680.7,16.28,228.3,0.0,0,1,23,0,
2025-10-18T23:26:26,27.37,7.19,706.7,12.42,351.3,0.0,1,0,23,0,
2025-10-18T23:26:28,26.01,7.78,548.2,18.05,323.9,0.0,0,1,23,0,
2025-10-18T23:26:30,28.34,7.92,695.8,18.24,385.1,1121.4,0,1,23,0,
2025-10-18T23:26:32,27.39,7.55,635.3,15.01,364.1,0.0,0,1,23,0,
2025-10-18T23:26:34,26.15,7.91,726.9,15.14,264.0,900.4,1,1,23,0,
2025-10-18T23:26:36,27.73,7.97,709.6,12.99,310.1,1358.7,0,1,23,0,
2025-10-18T23:26:38,27.87,7.32,698.8,16.68,222.8,0.0,0,0,23,0,
2025-10-18T23:26:40,29.22,7.50,667.3,19.57,367.4,0.0,0,0,23,0,
2025-10-18T23:26:42,26.74,7.29,664.7,22.04,203.8,1394.2,0,0,23,0,
2025-10-18T23:26:44,29.32,7.32,727.6,11.54,283.9,0.0,0,1,23,0,
2025-10-18T23:26:46,25.39,7.49,774.1,21.79,310.0,2041.4,0,1,23,0,
2025-10-18T23:26:48,27.79,7.93,698.9,17.91,134.0,0.0,1,1,23,0,
2025-10-18T23:26:50,27.48,7.34,701.5,16.76,255.8,0.0,0,1,23,0,
2025-10-18T23:26:52,28.59,7.59,551.6,18.82,211.5,1042.8,1,0,23,0,
2025-10-18T23:26:54,29.53,7.68,596.7,14.56,255.5,0.0,0,0,23,0,
2025-10-18T23:26:56,26.64,7.70,562.4,17.39,253.4,106.5,0,1,23,0,
2025-10-18T23:26:58,28.38,7.43,571.0,14.14,261.7,0.0,0,0,23,0,
2025-10-18T23:27:00,27.82,7.56,576.1,17.43,333.2,0.0,1,1,23,0,
2025-10-18T23:27:02,28.41,7.47,679.4,16.97,301.6,1979.0,0,0,23,0,
2025-10-18T23:27:04,28.02,7.81,544.5,11.42,274.9,0.0,0,1,23,0,
2025-10-18T23:27:06,28.77,7.96,682.8,15.44,187.6,490.0,0,0,23,0,
2025-10-18T23:27:08,27.92,7.66,538.1,17.11,209.6,295.8,0,0,23,0,
2025-10-18T23:27:10,27.12,7.94,626.0,18.72,227.2,0.0,0,1,23,0,
2025-10-18T23:27:12,25.98,7.64,671.5,7.66,326.6,1132.8,1,1,23,0,
2025-10-18T23:27:14,28.37,7.60,553.7,18.14,289.4,0.0,1,0,23,0,
2025-10-18T23:27:16,26.91,7.63,578.0,21.49,319.3,1853.1,0,0,23,0,
2025-10-18T23:27:18,27.34,7.77,733.4,4.92,295.5,778.3,0,1,23,0,
2025-10-18T23:27:20,27.30,7.92,752.2,17.87,309.3,1682.8,1,1,23,0,
2025-10-18T23:27:22,27.60,7.65,693.5,11.36,310.0,2046.8,1,1,23,0,
2025-10-18T23:27:24,27.04,7.44,635.7,20.36,177.3,555.6,0,1,23,0,
2025-10-18T23:27:26,26.11,8.13,631.4,17.27,373.9,0.0,0,1,23,0,
2025-10-18T23:27:28,27.91,7.95,606.0,8.36,219.5,1190.5,0,0,23,0,
2025-10-18T23:27:30,27.50,7.63,692.5,14.25,261.3,1844.6,0,1,23,0,
2025-10-18T23:27:32,26.56,7.75,747.7,4.89,215.0,873.2,0,1,23,0,
2025-10-18T23:27:34,27.57,7.62,686.2,18.06,212.2,1148.5,1,1,23,0,
2025-10-18T23:27:36,27.60,7.45,655.4,13.68,294.7,3235.8,1,0,23,0,
2025-10-18T23:27:38,28.42,7.86,705.6,16.24,210.5,0.0,0,0,23,0,
2025-10-18T23:27:40,27.96,7.48,621.8,16.07,340.0,2008.9,1,0,23,0,
2025-10-18T23:27:42,26.86,7.52,567.7,15.49,249.2,516.0,0,1,23,0,
2025-10-18T23:27:44,26.97,7.55,649.4,20.55,248.3,0.0,1,1,23,0,
2025-10-18T23:27:46,26.71,7.68,525.2,13.44,246.0,1798.7,0,1,23,0,
2025-10-18T23:27:48,28.98,7.87,633.7,17.84,383.5,221.2,0,1,23,0,
2025-10-18T23:27:50,27.52,7.52,694.1,21.50,295.1,0.0,0,1,23,0,
2025-10-18T23:27:52,26.41,7.25,651.8,14.37,267.2,0.0,0,0,23,0,
2025-10-18T23:27:54,26.93,7.49,694.4,20.74,212.7,0.0,1,1,23,0,
2025-10-18T23:27:56,27.02,7.93,587.6,14.18,239.5,0.0,0,1,23,0,
2025-10-18T23:27:58,27.42,7.49,467.8,21.13,255.3,1305.0,1,1,23,0,
2025-10-18T23:28:00,27.45,7.72,641.0,14.00,271.3,696.4,0,1,23,0,
2025-10-18T23:28:02,26.09,7.72,585.7,12.13,317.3,1285.6,0,0,23,0,
2025-10-18T23:28:04,27.55,7.56,647.1,10.69,251.2,1048.4,0,0,23,0,
2025-10-18T23:28:06,27.83,7.82,666.4,13.43,248.2,1523.4,0,1,23,0,
2025-10-18T23:28:08,28.05,7.76,734.8,18.51,264.6,0.0,0,0,23,0,
2025-10-18T23:28:10,28.54,7.63,705.2,16.06,246.7,0.0,0,1,23,0,
2025-10-18T23:28:12,27.88,7.44,618.4,15.09,307.4,0.0,1,1,23,0,
2025-10-18T23:28:14,28.01,7.86,606.6,18.34,213.2,0.0,0,1,23,0,
2025-10-18T23:28:16,27.97,7.44,700.5,18.07,325.2,1039.8,0,1,23,0,
2025-10-18T23:28:18,28.32,7.49,621.0,10.69,256.3,695.1,0,0,23,0,
2025-10-18T23:28:20,28.31,7.73,645.5,18.89,218.6,0.0,0,0,23,0,
2025-10-18T23:28:22,25.43,7.89,575.8,19.61,193.4,0.0,0,1,23,0,
2025-10-18T23:28:24,26.48,7.61,536.9,15.67,240.6,0.0,0,0,23,0,
2025-10-18T23:28:26,28.32,7.93,558.4,13.97,161.9,0.0,1,1,23,0,
2025-10-18T23:28:28,27.24,8.12,637.7,11.68,280.8,0.0,0,0,23,0,
2025-10-18T23:28:30,26.76,7.55,495.1,11.94,331.7,0.0,1,0,23,0,
2025-10-18T23:28:32,26.97,7.86,736.5,12.79,289.8,0.0,1,1,23,0,
2025-10-18T23:28:34,26.34,7.50,512.5,9.59,339.4,0.0,0,1,23,0,
2025-10-18T23:28:36,26.36,7.59,692.1,12.59,288.1,237.4,1,0,23,0,
2025-10-18T23:28:38,26.89,8.15,742.0,11.70,304.3,0.0,1,1,23,0,
2025-10-18T23:28:40,28.37,7.49,561.9,18.08,356.7,1242.5,0,1,23,0,
2025-10-18T23:28:42,26.10,7.65,648.1,13.40,316.0,637.6,0,1,23,0,
2025-10-18T23:28:44,26.90,7.62,707.4,12.37,289.0,0.0,0,0,23,0,
2025-10-18T23:28:46,28.76,7.37,506.6,11.58,309.9,0.0,0,1,23,0,
2025-10-18T23:28:48,28.67,7.98,710.6,12.58,297.6,2550.0,1,0,23,0,
2025-10-18T23:28:50,27.19,7.88,628.6,8.30,190.8,632.4,0,0,23,0,
2025-10-18T23:28:52,28.05,7.94,742.7,15.83,309.5,840.8,0,1,23,0,
2025-10-18T23:28:54,28.67,7.60,749.9,5.76,252.0,2008.7,1,1,23,0,
2025-10-18T23:28:56,27.56,7.60,708.3,16.79,325.4,0.0,0,0,23,0,
2025-10-18T23:28:58,28.37,7.71,670.9,12.68,271.8,0.0,1,1,23,0,
2025-10-18T23:29:00,27.08,7.33,559.7,15.09,180.3,1914.6,1,0,23,0,
2025-10-18T23:29:02,26.38,7.64,584.4,13.86,283.8,2061.6,0,0,23,0,
2025-10-18T23:29:04,25.25,7.51,760.9,13.87,232.4,688.2,0,1,23,0,
2025-10-18T23:29:06,27.63,7.95,711.2,9.31,284.2,1734.8,1,1,23,0,
2025-10-18T23:29:08,27.90,7.60,610.5,18.87,273.0,0.0,1,1,23,0,
2025-10-18T23:29:10,27.67,7.89,495.4,17.10,224.7,0.0,0,1,23,0,
2025-10-18T23:29:12,29.59,7.67,604.3,19.66,249.7,866.3,1,0,23,0,
2025-10-18T23:29:14,27.40,7.69,836.6,24.23,149.8,930.8,0,1,23,0,
2025-10-18T23:29:16,25.98,7.58,690.8,13.00,265.4,3910.9,0,1,23,0,
2025-10-18T23:29:18,27.05,7.44,757.3,23.42,310.5,160.4,0,1,23,0,
2025-10-18T23:29:20,28.58,7.56,707.4,18.40,253.0,0.0,0,0,23,0,
2025-10-18T23:29:22,26.26,7.47,710.0,12.67,265.2,0.0,0,1,23,0,
2025-10-18T23:29:24,27.68,7.21,690.8,10.68,278.3,9.0,1,1,23,0,
2025-10-18T23:29:26,27.66,7.50,569.8,12.12,274.1,1340.0,0,1,23,0,
2025-10-18T23:29:28,27.15,7.30,637.2,10.06,303.2,0.0,0,1,23,0,
2025-10-18T23:29:30,27.74,7.63,752.2,13.55,434.5,0.0,0,0,23,0,
2025-10-18T23:29:32,28.49,7.35,647.1,8.27,325.8,381.4,1,1,23,0,
2025-10-18T23:29:34,27.27,7.65,539.8,15.21,194.5,931.5,0,1,23,0,
2025-10-18T23:29:36,27.69,7.86,633.3,10.64,291.7,0.0,0,0,23,0,
2025-10-18T23:29:38,27.28,7.59,671.7,14.21,331.3,0.0,0,1,23,0,
2025-10-18T23:29:40,27.93,7.74,624.1,17.41,321.6,388.2,0,1,23,0,
2025-10-18T23:29:42,28.91,7.35,542.0,10.87,242.1,1344.8,1,0,23,0,
2025-10-18T23:29:44,27.88,7.69,588.7,9.31,303.2,0.0,0,1,23,0,
2025-10-18T23:29:46,26.52,7.91,682.0,10.15,338.8,707.0,0,1,23,0,
2025-10-18T23:29:48,27.27,7.58,628.4,9.99,208.5,519.3,0,1,23,0,
2025-10-18T23:29:50,27.51,7.09,688.7,11.09,289.7,959.9,1,1,23,0,
2025-10-18T23:29:52,27.45,7.77,614.5,18.04,341.1,0.0,1,1,23,0,
2025-10-18T23:29:54,28.92,7.90,671.4,15.83,236.7,1121.1,0,1,23,0,
2025-10-18T23:29:56,27.09,7.68,541.0,18.64,341.9,2980.8,1,1,23,0,
2025-10-18T23:29:58,26.30,7.47,640.6,23.43,254.5,508.3,0,1,23,0,
2025-10-18T23:30:00,28.75,7.59,706.1,15.28,269.3,0.0,1,1,23,0,
2025-10-18T23:30:02,26.79,7.97,643.7,14.80,206.2,584.8,1,0,23,0,
2025-10-18T23:30:04,28.56,7.71,646.0,16.63,227.9,0.0,1,1,23,0,
2025-10-18T23:30:06,28.58,7.47,583.2,15.07,381.2,527.2,1,0,23,0,
2025-10-18T23:30:08,27.82,7.33,695.5,2.50,305.5,663.7,0,0,23,0,
2025-10-18T23:30:10,27.50,7.66,625.7,18.00,423.7,1405.5,0,0,23,0,
2025-10-18T23:30:12,27.18,8.00,664.5,13.53,329.0,1712.4,1,1,23,0,
2025-10-18T23:30:14,27.86,7.92,629.3,12.79,265.9,0.0,0,0,23,0,
2025-10-18T23:30:16,27.03,8.01,651.5,10.67,312.3,1876.6,1,1,23,0,
2025-10-18T23:30:18,27.07,7.52,759.4,20.06,258.1,225.2,0,0,23,0,
2025-10-18T23:30:20,27.56,7.62,664.9,14.61,377.6,0.0,1,1,23,0,
2025-10-18T23:30:22,27.79,7.70,700.1,18.23,385.3,2350.5,0,0,23,0,
2025-10-18T23:30:24,28.97,7.86,559.0,13.97,282.1,0.0,0,1,23,0,
2025-10-18T23:30:26,26.72,7.78,498.7,18.59,361.8,0.0,1,1,23,0,
2025-10-18T23:30:28,29.57,7.66,572.6,15.00,268.4,203.2,0,1,23,0,
2025-10-18T23:30:30,26.25,7.20,661.4,14.72,324.7,355.9,0,1,23,0,
2025-10-18T23:30:32,27.35,7.68,533.9,18.72,291.3,0.0,0,0,23,0,
2025-10-18T23:30:34,27.97,7.92,623.5,12.92,295.9,1296.3,1,1,23,0,
2025-10-18T23:30:36,26.89,7.65,646.6,14.61,301.5,954.1,0,1,23,0,
2025-10-18T23:30:38,27.51,7.79,625.8,14.45,310.4,460.0,0,1,23,0,
2025-10-18T23:30:40,28.07,7.62,778.5,15.79,317.6,129.0,1,1,23,0,
2025-10-18T23:30:42,28.68,7.69,628.5,18.32,267.6,0.0,1,1,23,0,
2025-10-18T23:30:44,28.68,7.67,518.7,11.98,308.0,116.7,1,0,23,0,
2025-10-18T23:30:46,29.82,7.73,668.7,11.82,281.4,0.0,0,1,23,0,
2025-10-18T23:30:48,25.50,7.68,623.5,9.72,187.1,0.0,0,0,23,0,
2025-10-18T23:30:50,26.94,7.53,518.1,13.31,228.8,4116.8,0,0,23,0,
2025-10-18T23:30:52,28.36,7.47,574.3,15.39,280.6,571.2,0,0,23,0,
2025-10-18T23:30:54,28.67,7.62,606.7,12.23,298.2,548.8,0,0,23,0,
2025-10-18T23:30:56,27.95,7.70,673.3,12.64,243.3,0.0,1,1,23,0,
2025-10-18T23:30:58,26.08,7.66,686.6,14.20,315.1,0.0,1,0,23,0,
2025-10-18T23:31:00,28.45,7.67,604.8,17.64,268.4,299.8,1,0,23,0,
2025-10-18T23:31:02,27.07,7.57,532.9,11.92,318.2,0.0,1,1,23,0,
2025-10-18T23:31:04,28.06,7.70,710.1,10.66,311.8,0.0,0,1,23,0,
2025-10-18T23:31:06,25.58,7.64,579.7,11.07,202.8,0.0,0,1,23,0,
2025-10-18T23:31:08,27.98,7.59,547.0,14.09,318.8,584.9,1,1,23,0,
2025-10-18T23:31:10,27.88,8.10,598.2,13.01,229.0,3304.6,1,0,23,0,
2025-10-18T23:31:12,28.35,7.68,644.8,16.50,298.2,0.0,0,1,23,0,
2025-10-18T23:31:14,26.29,7.57,719.2,12.87,313.7,0.0,1,1,23,0,
2025-10-18T23:31:16,26.64,7.30,641.4,15.67,246.9,310.0,1,1,23,0,
2025-10-18T23:31:18,27.98,7.67,549.2,13.17,267.0,209.0,0,0,23,0,
2025-10-18T23:31:20,28.76,8.17,707.6,19.67,331.8,0.0,1,1,23,0,
2025-10-18T23:31:22,27.20,7.53,561.6,14.22,221.7,140.9,0,1,23,0,
2025-10-18T23:31:24,28.35,7.27,728.3,11.53,246.4,2201.9,0,1,23,0,
2025-10-18T23:31:26,27.82,7.76,435.3,19.38,307.8,0.0,0,1,23,0,
2025-10-18T23:31:28,27.02,7.54,710.2,15.20,276.9,0.0,1,0,23,0,
2025-10-18T23:31:30,27.09,7.67,636.5,20.09,223.6,887.3,0,1,23,0,
2025-10-18T23:31:32,29.01,7.54,627.9,12.92,148.6,1004.4,1,0,23,0,
2025-10-18T23:31:34,25.86,7.64,608.1,11.21,229.5,1865.9,0,1,23,0,
2025-10-18T23:31:36,29.37,8.08,721.9,13.49,100.3,1867.0,0,1,23,0,
2025-10-18T23:31:38,28.04,7.54,571.4,11.83,319.0,0.0,0,0,23,0,
2025-10-18T23:31:40,27.44,7.70,661.2,14.70,215.3,13.7,0,1,23,0,
2025-10-18T23:31:42,28.00,7.78,712.0,9.49,263.3,1241.8,0,0,23,0,
2025-10-18T23:31:44,27.23,7.74,650.9,16.09,294.8,0.0,1,0,23,0,
2025-10-18T23:31:46,27.08,7.81,589.7,13.89,359.3,0.0,1,1,23,0,
2025-10-18T23:31:48,28.24,7.35,716.7,18.74,243.7,160.3,0,1,23,0,
2025-10-18T23:31:50,27.54,7.66,603.0,12.46,292.8,2200.0,0,1,23,0,
2025-10-18T23:31:52,28.67,7.39,614.1,10.16,263.2,2600.4,0,0,23,0,
2025-10-18T23:31:54,26.11,7.89,762.7,15.89,350.3,0.0,1,1,23,0,
2025-10-18T23:31:56,28.16,7.54,596.6,12.31,291.4,0.0,0,1,23,0,
2025-10-18T23:31:58,26.97,7.76,624.8,10.10,412.8,209.1,0,1,23,0,
2025-10-18T23:32:00,27.37,7.26,472.6,22.82,285.8,600.8,0,1,23,0,
2025-10-18T23:32:02,26.00,7.78,517.3,8.84,302.7,305.5,1,0,23,0,
2025-10-18T23:32:04,28.10,8.09,593.6,15.31,345.9,1453.5,0,0,23,0,
2025-10-18T23:32:06,26.32,7.72,523.1,18.55,341.3,1330.2,1,0,23,0,
2025-10-18T23:32:08,27.74,7.19,588.8,9.93,280.1,0.0,0,1,23,0,
2025-10-18T23:32:10,26.56,7.35,542.8,9.40,255.2,1293.9,1,1,23,0,
2025-10-18T23:32:12,27.86,7.87,642.3,19.85,276.8,0.0,0,0,23,0,
2025-10-18T23:32:14,26.83,7.32,622.2,14.95,320.1,1316.7,0,0,23,0,
2025-10-18T23:32:16,25.47,7.76,641.0,15.58,270.2,0.0,0,0,23,0,
2025-10-18T23:32:18,28.67,8.01,564.2,7.63,141.0,0.0,1,1,23,0,
2025-10-18T23:32:20,28.03,7.75,601.4,17.43,225.8,593.5,0,0,23,0,
2025-10-18T23:32:22,29.21,7.68,527.8,13.26,269.0,0.0,1,0,23,0,
2025-10-18T23:32:24,27.44,7.66,567.5,10.16,253.6,2534.0,1,0,23,0,
2025-10-18T23:32:26,28.12,7.63,659.3,11.44,449.1,1169.2,0,0,23,0,
2025-10-18T23:32:28,25.95,7.54,621.8,20.92,378.0,434.0,0,1,23,0,
2025-10-18T23:32:30,26.33,7.78,631.5,22.78,325.0,0.0,0,0,23,0,
2025-10-18T23:32:32,28.10,7.80,616.1,7.39,360.8,0.0,1,1,23,0,
2025-10-18T23:32:34,28.17,7.60,500.1,23.40,356.4,0.0,0,0,23,0,
2025-10-18T23:32:36,28.57,7.98,596.5,9.11,199.7,0.0,0,1,23,0,
2025-10-18T23:32:38,28.25,7.47,629.9,15.56,356.9,0.0,0,0,23,0,
2025-10-18T23:32:40,27.91,7.50,633.3,17.24,265.7,516.4,0,1,23,0,
2025-10-18T23:32:42,28.00,7.42,583.7,17.14,270.5,0.0,0,0,23,0,
2025-10-18T23:32:44,28.03,7.55,598.5,14.45,233.3,2424.5,0,1,23,0,
2025-10-18T23:32:46,26.90,7.66,709.2,14.81,311.2,0.0,0,0,23,0,
2025-10-18T23:32:48,27.31,7.80,567.9,20.65,302.9,0.0,0,1,23,0,
2025-10-18T23:32:50,26.60,7.73,641.2,12.99,201.7,0.0,0,1,23,0,
2025-10-18T23:32:52,27.26,7.75,688.8,10.47,287.8,0.0,0,1,23,0,
2025-10-18T23:32:54,27.21,7.74,645.1,10.84,267.5,0.0,0,1,23,0,
2025-10-18T23:32:56,27.12,7.69,580.5,18.36,316.6,281.3,0,1,23,0,
2025-10-18T23:32:58,26.55,7.94,630.4,10.42,371.9,45.1,0,0,23,0,
2025-10-18T23:33:00,27.82,7.89,610.4,17.70,315.1,209.8,0,0,23,0,
2025-10-18T23:33:02,28.17,7.46,593.1,18.96,287.4,526.2,0,1,23,0,
2025-10-18T23:33:04,27.72,7.46,433.6,13.02,307.7,0.0,0,1,23,0,
2025-10-18T23:33:06,28.50,7.72,628.0,15.58,249.3,0.0,1,1,23,0,
2025-10-18T23:33:08,29.16,7.82,645.2,18.50,259.0,0.0,0,1,23,0,
2025-10-18T23:33:10,28.39,7.87,645.2,19.81,261.7,0.0,0,1,23,0,
2025-10-18T23:33:12,27.49,7.62,615.0,23.93,225.6,0.0,0,1,23,0,
2025-10-18T23:33:14,27.06,7.33,637.3,11.94,272.9,380.6,0,0,23,0,
2025-10-18T23:33:16,27.74,7.44,526.2,11.91,327.2,0.0,0,1,23,0,
2025-10-18T23:33:18,27.59,7.69,664.5,20.46,253.8,1498.7,0,1,23,0,
2025-10-18T23:33:20,28.38,7.50,599.5,17.60,259.7,338.2,0,1,23,0,
2025-10-18T23:33:22,28.14,7.45,654.6,17.02,293.9,1496.2,0,1,23,0,
2025-10-18T23:33:24,27.69,7.73,703.2,23.58,295.5,642.1,0,0,23,0,
2025-10-18T23:33:26,28.23,7.41,532.5,15.34,305.6,0.0,1,0,23,0,
2025-10-18T23:33:28,28.62,8.01,587.9,17.38,309.1,0.0,0,1,23,0,
2025-10-18T23:33:30,27.79,7.74,546.0,17.39,308.7,2780.0,1,1,23,0,
2025-10-18T23:33:32,27.99,7.85,716.1,13.74,256.5,0.0,0,1,23,0,
2025-10-18T23:33:34,27.29,7.52,639.8,13.76,173.9,0.0,0,0,23,0,
2025-10-18T23:33:36,27.72,7.21,637.9,13.46,333.0,0.0,0,0,23,0,
2025-10-18T23:33:38,26.75,7.22,616.1,17.57,321.6,2557.9,1,0,23,0,
2025-10-18T23:33:40,27.14,7.76,724.4,19.74,303.8,1075.0,0,0,23,0,
2025-10-18T23:33:42,27.68,7.65,643.6,20.07,275.0,0.0,1,1,23,0,
2025-10-18T23:33:44,28.51,7.47,471.8,7.35,241.3,2052.4,1,0,23,0,
2025-10-18T23:33:46,28.57,7.88,709.5,14.75,257.3,0.0,0,1,23,0,
2025-10-18T23:33:48,26.97,7.78,809.6,18.21,226.3,0.0,1,1,23,0,
2025-10-18T23:33:50,26.81,7.76,607.0,17.14,325.5,0.0,1,0,23,0,
2025-10-18T23:33:52,27.00,7.58,627.4,9.69,367.2,448.5,0,1,23,0,
2025-10-18T23:33:54,27.58,7.67,625.5,2.50,282.4,0.0,1,1,23,0,
2025-10-18T23:33:56,29.02,7.68,769.4,21.13,321.4,0.0,1,0,23,0,
2025-10-18T23:33:58,28.88,7.46,764.0,12.17,281.0,479.3,1,0,23,0,
2025-10-18T23:34:00,28.23,7.69,680.1,12.80,293.2,1010.1,1,1,23,0,
2025-10-18T23:34:02,27.44,7.71,683.7,6.91,297.2,0.0,0,1,23,0,
2025-10-18T23:34:04,28.08,7.57,595.3,18.04,256.5,0.0,1,1,23,0,
2025-10-18T23:34:06,26.46,7.65,527.7,12.72,289.4,1007.0,0,1,23,0,
2025-10-18T23:34:08,28.52,7.99,595.1,16.47,274.1,195.0,0,1,23,0,
2025-10-18T23:34:10,27.58,7.41,606.1,13.38,327.6,0.0,0,1,23,0,
2025-10-18T23:34:12,27.83,7.61,649.9,8.45,186.2,2025.9,0,0,23,0,
2025-10-18T23:34:14,28.03,7.63,631.7,19.68,300.2,1639.1,1,1,23,0,
2025-10-18T23:34:16,28.65,8.03,557.8,18.59,332.8,0.0,0,0,23,0,
2025-10-18T23:34:18,26.16,8.15,658.5,16.23,262.7,459.8,1,1,23,0,
2025-10-18T23:34:20,27.70,7.86,757.2,12.30,272.7,1332.0,0,1,23,0,
2025-10-18T23:34:22,28.20,7.58,749.4,20.24,245.1,0.0,0,1,23,0,
2025-10-18T23:34:24,27.62,7.61,590.9,13.99,276.5,0.0,1,0,23,0,
2025-10-18T23:34:26,27.52,7.79,621.0,13.62,240.5,0.0,1,1,23,0,
2025-10-18T23:34:28,27.41,7.98,687.1,19.06,312.0,752.6,0,1,23,0,
2025-10-18T23:34:30,25.72,7.82,590.8,15.53,134.9,918.0,1,0,23,0,
2025-10-18T23:34:32,27.93,7.57,701.2,17.78,269.1,0.0,0,1,23,0,
2025-10-18T23:34:34,29.05,7.51,531.8,11.48,325.8,0.0,0,1,23,0,
2025-10-18T23:34:36,26.44,7.78,650.3,12.67,290.3,1109.6,1,0,23,0,
2025-10-18T23:34:38,26.81,7.59,567.1,19.32,327.0,568.8,0,0,23,0,
2025-10-18T23:34:40,28.30,7.62,674.9,12.59,183.7,66.7,0,1,23,0,
2025-10-18T23:34:42,28.14,7.44,688.6,14.40,189.8,1075.7,1,0,23,0,
2025-10-18T23:34:44,28.66,7.69,599.0,16.24,251.2,0.0,1,1,23,0,
2025-10-18T23:34:46,27.95,7.26,625.7,13.37,251.3,0.0,1,1,23,0,
2025-10-18T23:34:48,26.71,7.93,564.1,14.23,316.4,0.0,0,0,23,0,
2025-10-18T23:34:50,28.58,7.64,585.2,14.16,287.5,0.0,0,1,23,0,
2025-10-18T23:34:52,29.11,7.54,629.5,18.20,263.3,1897.0,0,0,23,0,
2025-10-18T23:34:54,26.56,7.48,523.9,19.65,252.3,381.9,1,1,23,0,
2025-10-18T23:34:56,28.00,7.50,723.4,6.30,256.7,824.0,1,0,23,0,
2025-10-18T23:34:58,27.49,7.63,631.2,16.57,278.2,0.0,1,1,23,0,
2025-10-18T23:35:00,27.98,7.92,667.1,17.52,257.2,255.0,0,1,23,0,
2025-10-18T23:35:02,27.88,7.66,786.3,12.98,319.3,1387.0,1,1,23,0,
2025-10-18T23:35:04,25.95,7.93,626.6,7.46,421.1,1410.0,0,1,23,0,
2025-10-18T23:35:06,27.82,7.90,637.4,14.79,244.4,0.0,1,1,23,0,
2025-10-18T23:35:08,29.02,7.86,553.3,8.36,262.7,0.0,0,1,23,0,
2025-10-18T23:35:10,27.48,7.68,717.5,12.86,275.0,725.8,0,1,23,0,
2025-10-18T23:35:12,27.73,7.75,540.5,21.98,251.3,3144.6,1,1,23,0,
2025-10-18T23:35:14,25.72,7.74,549.2,14.33,172.0,1626.7,1,0,23,0,
2025-10-18T23:35:16,27.78,7.81,602.3,20.40,322.6,434.9,0,1,23,0,
2025-10-18T23:35:18,27.21,7.82,552.7,14.69,384.6,86.6,0,0,23,0,
2025-10-18T23:35:20,27.89,7.82,687.4,22.55,271.1,1078.3,1,0,23,0,
2025-10-18T23:35:22,28.53,7.77,640.5,18.61,298.9,0.0,0,1,23,0,
2025-10-18T23:35:24,27.56,7.92,670.1,14.96,346.6,0.0,1,1,23,0,
2025-10-18T23:35:26,27.87,7.57,609.0,14.58,267.2,0.0,0,0,23,0,
2025-10-18T23:35:28,27.47,7.95,633.6,14.96,245.6,1519.6,1,0,23,0,
2025-10-18T23:35:30,25.46,7.71,659.9,18.54,271.4,1332.8,0,1,23,0,
2025-10-18T23:35:32,27.95,7.41,644.0,19.86,275.7,1594.2,1,0,23,0,
2025-10-18T23:35:34,26.63,7.41,607.1,19.25,344.4,0.0,1,1,23,0,
2025-10-18T23:35:36,26.91,7.78,554.0,13.85,217.3,0.0,0,1,23,0,
2025-10-18T23:35:38,26.73,7.78,598.3,11.42,287.1,1888.6,0,0,23,0,
2025-10-18T23:35:40,28.80,7.78,650.1,13.85,233.7,1331.9,0,1,23,0,
2025-10-18T23:35:42,28.52,7.74,665.6,13.90,284.5,0.0,0,1,23,0,
2025-10-18T23:35:44,27.18,7.39,664.1,11.64,269.9,1115.3,0,0,23,0,
2025-10-18T23:35:46,29.49,7.75,635.3,17.99,273.8,1584.0,0,1,23,0,
2025-10-18T23:35:48,26.57,7.83,620.5,14.27,209.5,1347.6,0,1,23,0,
2025-10-18T23:35:50,28.12,7.61,657.2,18.76,355.8,0.0,0,0,23,0,
2025-10-18T23:35:52,26.44,7.43,531.5,16.71,245.0,533.0,0,0,23,0,
2025-10-18T23:35:54,27.70,7.60,581.4,15.50,239.7,729.4,0,0,23,0,
2025-10-18T23:35:56,26.97,7.28,547.8,14.89,206.8,1476.6,1,0,23,0,
2025-10-18T23:35:58,27.52,7.70,599.6,12.02,346.8,2124.8,0,1,23,0,
2025-10-18T23:36:00,26.91,7.45,639.2,8.22,226.5,0.0,0,1,23,0,
2025-10-18T23:36:02,27.15,7.74,652.7,15.57,285.9,0.0,0,0,23,0,
2025-10-18T23:36:04,28.18,7.67,661.8,10.09,286.9,0.0,0,0,23,0,
2025-10-18T23:36:06,26.58,7.56,647.0,16.71,328.6,1914.5,0,0,23,0,
2025-10-18T23:36:08,27.69,7.52,724.5,18.52,340.0,0.0,0,1,23,0,
2025-10-18T23:36:10,27.53,7.86,623.5,15.96,265.3,0.0,0,0,23,0,
2025-10-18T23:36:12,27.98,7.65,651.2,5.03,226.2,4121.3,0,1,23,0,
2025-10-18T23:36:14,27.29,8.00,572.0,12.33,333.1,349.4,1,0,23,0,
2025-10-18T23:36:16,28.01,7.47,682.1,15.04,254.4,0.0,0,1,23,0,
2025-10-18T23:36:18,28.86,7.49,606.5,21.92,312.2,0.0,0,0,23,0,
2025-10-18T23:36:20,27.76,7.59,622.6,13.08,172.7,614.9,1,0,23,0,
2025-10-18T23:36:22,28.29,7.61,634.1,16.94,330.0,0.0,0,0,23,0,
2025-10-18T23:36:24,27.97,7.62,596.7,12.53,297.4,0.0,0,0,23,0,
2025-10-18T23:36:26,27.37,7.59,793.8,15.09,284.2,0.0,1,0,23,0,
2025-10-18T23:36:28,28.31,7.89,767.0,17.17,299.0,1728.9,0,1,23,0,
2025-10-18T23:36:30,29.44,7.36,665.8,15.94,299.4,802.2,0,0,23,0,
2025-10-18T23:36:32,26.70,7.38,695.0,8.33,218.6,3126.8,0,1,23,0,
2025-10-18T23:36:34,28.24,7.85,572.1,13.26,207.7,0.0,0,1,23,0,
2025-10-18T23:36:36,28.60,7.77,545.0,17.49,336.7,1349.1,0,0,23,0,
2025-10-18T23:36:38,28.08,7.86,618.4,15.44,308.8,274.7,1,0,23,0,
2025-10-18T23:36:40,26.37,7.74,703.5,2.89,207.7,1113.0,0,1,23,0,
2025-10-18T23:36:42,27.92,8.01,553.3,18.93,248.9,0.0,0,0,23,0,
2025-10-18T23:36:44,27.50,7.66,677.5,20.88,257.3,2099.1,0,1,23,0,
2025-10-18T23:36:46,27.12,7.50,616.7,15.42,386.0,1832.4,0,1,23,0,
2025-10-18T23:36:48,27.60,7.79,704.6,12.20,196.2,1567.9,0,1,23,0,
2025-10-18T23:36:50,26.51,7.90,784.7,15.04,265.5,1427.6,1,0,23,0,
2025-10-18T23:36:52,27.50,7.61,561.6,19.90,222.2,870.5,1,1,23,0,
2025-10-18T23:36:54,26.80,7.73,726.6,12.84,390.0,0.0,0,1,23,0,
2025-10-18T23:36:56,28.37,7.49,667.4,17.97,267.5,0.0,0,1,23,0,
2025-10-18T23:36:58,27.37,7.97,406.3,22.92,318.6,0.0,1,1,23,0,
2025-10-18T23:37:00,26.08,7.74,698.4,14.24,255.1,0.0,0,0,23,0,
2025-10-18T23:37:02,25.63,7.70,743.5,9.36,291.7,457.9,1,0,23,0,
2025-10-18T23:37:04,27.19,7.74,545.6,17.96,337.0,221.2,1,1,23,0,
2025-10-18T23:37:06,28.68,7.55,693.5,22.57,165.7,2959.6,0,0,23,0,
2025-10-18T23:37:08,27.31,7.56,709.9,12.23,346.1,0.0,1,0,23,0,
2025-10-18T23:37:10,27.43,7.26,560.0,17.83,265.1,0.0,1,0,23,0,
2025-10-18T23:37:12,26.90,7.73,629.6,19.88,407.3,1147.1,0,0,23,0,
2025-10-18T23:37:14,27.76,7.58,654.4,19.66,314.6,2331.2,1,0,23,0,
2025-10-18T23:37:16,27.42,7.69,674.1,13.00,425.4,1314.1,0,0,23,0,
2025-10-18T23:37:18,28.35,7.88,627.5,13.51,303.8,0.0,0,0,23,0,
2025-10-18T23:37:20,28.60,7.42,582.9,13.90,307.4,759.8,0,1,23,0,
2025-10-18T23:37:22,28.34,7.89,592.1,14.42,222.5,0.0,0,0,23,0,
2025-10-18T23:37:24,27.20,7.74,665.1,5.76,359.3,2422.6,1,0,23,0,
2025-10-18T23:37:26,27.42,7.61,654.1,18.31,288.0,1928.0,0,1,23,0,
2025-10-18T23:37:28,26.35,7.43,588.9,12.84,326.2,0.0,0,0,23,0,
2025-10-18T23:37:30,29.14,7.61,799.2,9.72,439.5,999.5,1,1,23,0,
2025-10-18T23:37:32,27.88,7.60,599.5,12.47,335.1,0.0,0,1,23,0,
2025-10-18T23:37:34,26.44,7.62,668.0,14.68,291.1,0.0,0,0,23,0,
2025-10-18T23:37:36,27.66,7.64,630.2,24.47,252.2,161.2,1,1,23,0,
2025-10-18T23:37:38,28.13,7.72,595.5,12.05,272.7,246.3,0,1,23,0,
2025-10-18T23:37:40,27.38,7.60,692.8,14.78,283.5,707.4,0,0,23,0,
2025-10-18T23:37:42,28.10,7.64,579.1,19.83,318.1,0.0,1,1,23,0,
2025-10-18T23:37:44,26.99,7.67,685.0,15.84,298.5,1188.6,0,1,23,0,
2025-10-18T23:37:46,26.52,7.74,683.6,15.00,225.9,755.0,0,1,23,0,
2025-10-18T23:37:48,28.04,7.76,785.9,14.23,343.2,0.0,0,1,23,0,
2025-10-18T23:37:50,27.81,7.39,650.4,9.51,363.1,0.0,0,0,23,0,
2025-10-18T23:37:52,28.77,7.82,669.0,14.41,230.7,0.0,1,1,23,0,
2025-10-18T23:37:54,27.84,7.65,663.0,10.29,278.2,180.0,1,0,23,0,
2025-10-18T23:37:56,27.38,7.30,570.7,21.85,274.2,2343.6,0,0,23,0,
2025-10-18T23:37:58,27.61,7.96,647.1,14.42,217.8,200.6,1,1,23,0,
2025-10-18T23:38:00,27.64,8.04,688.3,15.27,301.5,0.0,1,1,23,0,
2025-10-18T23:38:02,27.69,7.39,649.1,10.12,323.3,2395.7,1,1,23,0,
2025-10-18T23:38:04,26.46,7.89,640.4,8.49,344.0,537.1,0,1,23,0,
2025-10-18T23:38:06,25.83,7.95,553.5,10.56,339.1,320.2,0,1,23,0,
2025-10-18T23:38:08,27.06,7.91,530.3,24.05,217.7,1569.7,0,1,23,0,
2025-10-18T23:38:10,27.79,7.80,621.2,12.91,313.5,430.4,0,1,23,0,
2025-10-18T23:38:12,28.23,7.47,604.8,14.94,286.8,0.0,1,0,23,0,
2025-10-18T23:38:14,26.78,7.52,720.5,13.95,360.2,658.4,1,0,23,0,
2025-10-18T23:38:16,29.04,7.87,671.3,9.94,389.3,0.0,1,1,23,0,
2025-10-18T23:38:18,27.91,7.57,603.2,16.17,257.4,1086.8,1,1,23,0,
2025-10-18T23:38:20,28.07,7.83,641.7,16.86,233.6,0.0,1,1,23,0,
2025-10-18T23:38:22,26.52,7.12,664.7,17.76,230.0,0.0,1,1,23,0,
2025-10-18T23:38:24,27.40,7.97,595.7,21.17,298.2,0.0,0,0,23,0,
2025-10-18T23:38:26,27.88,7.22,650.6,14.00,280.2,0.0,0,0,23,0,
2025-10-18T23:38:28,26.29,7.52,563.1,13.06,306.3,0.0,0,1,23,0,
2025-10-18T23:38:30,27.03,7.74,601.4,9.98,326.2,0.0,0,1,23,0,
2025-10-18T23:38:32,26.50,7.88,616.3,17.00,210.2,274.8,0,1,23,0,
2025-10-18T23:38:34,26.90,7.79,565.8,21.40,267.4,373.2,1,1,23,0,
2025-10-18T23:38:36,27.87,7.66,610.5,6.71,346.4,1158.6,1,1,23,0,
2025-10-18T23:38:38,27.16,7.63,687.1,10.89,142.6,0.0,1,0,23,0,
2025-10-18T23:38:40,27.28,7.57,691.3,19.11,235.4,1932.9,0,1,23,0,
2025-10-18T23:38:42,26.90,7.82,586.5,13.33,340.7,1432.4,1,1,23,0,
2025-10-18T23:38:44,28.96,7.76,594.1,15.91,329.9,0.0,0,1,23,0,
2025-10-18T23:38:46,27.38,7.83,702.3,4.53,254.8,0.0,1,0,23,0,
2025-10-18T23:38:48,28.31,7.62,614.2,18.49,251.8,57.5,1,0,23,0,
2025-10-18T23:38:50,27.36,7.40,590.5,18.03,307.6,2953.9,0,0,23,0,
2025-10-18T23:38:52,26.86,7.78,691.3,11.00,267.7,0.0,0,1,23,0,
2025-10-18T23:38:54,27.23,7.85,812.4,15.80,195.8,1510.8,0,1,23,0,
2025-10-18T23:38:56,26.73,7.76,587.9,22.65,312.6,1327.8,0,1,23,0,
2025-10-18T23:38:58,28.13,8.00,704.5,16.82,332.5,350.4,1,1,23,0,
2025-10-18T23:39:00,26.33,7.77,607.8,13.70,255.6,131.5,0,1,23,0,
2025-10-18T23:39:02,27.30,7.69,665.1,17.23,316.8,597.2,1,1,23,0,
2025-10-18T23:39:04,27.46,7.97,739.4,13.73,263.5,593.6,0,0,23,0,
2025-10-18T23:39:06,28.61,7.64,733.6,17.15,371.6,2397.8,1,0,23,0,
2025-10-18T23:39:08,26.44,7.62,483.2,21.18,378.4,0.0,0,1,23,0,
2025-10-18T23:39:10,26.70,8.02,584.5,14.13,247.0,1840.1,1,0,23,0,
2025-10-18T23:39:12,26.50,7.72,734.5,15.26,313.6,392.9,1,0,23,0,
2025-10-18T23:39:14,26.59,7.69,617.6,10.04,280.2,273.2,0,0,23,0,
2025-10-18T23:39:16,28.23,7.89,580.5,16.23,317.5,2518.4,0,0,23,0,
2025-10-18T23:39:18,26.03,7.71,688.5,18.84,309.1,0.0,1,0,23,0,
2025-10-18T23:39:20,28.30,7.58,638.6,7.67,387.3,0.0,0,0,23,0,
2025-10-18T23:39:22,27.12,7.59,668.2,18.90,290.6,3364.4,1,0,23,0,
2025-10-18T23:39:24,28.48,7.45,677.4,15.85,309.7,1789.1,1,0,23,0,
2025-10-18T23:39:26,28.74,7.77,645.3,22.09,234.4,1.0,1,1,23,0,
2025-10-18T23:39:28,26.94,7.43,482.9,13.67,362.1,239.5,1,1,23,0,
2025-10-18T23:39:30,29.09,7.85,614.6,13.06,186.4,2115.7,0,1,23,0,
2025-10-18T23:39:32,27.14,7.40,680.9,24.66,283.4,205.8,0,0,23,0,
2025-10-18T23:39:34,28.22,7.65,696.0,20.69,209.8,927.4,0,0,23,0,
2025-10-18T23:39:36,26.59,7.67,660.7,24.28,204.1,1276.8,0,1,23,0,
2025-10-18T23:39:38,25.94,7.93,625.9,14.05,281.5,9.9,0,1,23,0,
2025-10-18T23:39:40,27.43,7.70,595.9,13.40,233.2,94.4,0,1,23,0,
2025-10-18T23:39:42,28.18,7.40,643.0,11.75,390.9,1108.9,1,0,23,0,
2025-10-18T23:39:44,28.29,7.49,632.5,10.25,228.3,758.8,1,0,23,0,
2025-10-18T23:39:46,28.12,7.48,700.2,21.49,281.7,1545.6,0,0,23,0,
2025-10-18T23:39:48,26.52,7.96,654.0,11.22,321.2,0.0,0,1,23,0,
2025-10-18T23:39:50,26.96,7.59,544.6,11.76,297.1,1766.2,1,0,23,0,
2025-10-18T23:39:52,27.77,7.36,626.8,7.36,252.5,0.0,0,1,23,0,
2025-10-18T23:39:54,26.45,7.48,544.2,17.36,245.2,0.0,1,0,23,0,
2025-10-18T23:39:56,26.28,7.45,662.4,22.19,289.2,0.0,1,1,23,0,
2025-10-18T23:39:58,27.81,7.92,653.4,13.85,350.6,1440.0,0,0,23,0,
2025-10-18T23:40:00,26.32,7.60,546.1,7.57,258.3,1133.4,0,1,23,0,
2025-10-18T23:40:02,28.99,7.69,659.5,18.99,271.1,0.0,0,1,23,0,
2025-10-18T23:40:04,28.02,7.91,475.4,13.28,323.1,0.0,0,0,23,0,
2025-10-18T23:40:06,28.08,7.83,547.6,16.15,173.5,261.6,0,1,23,0,
2025-10-18T23:40:08,28.00,7.60,532.4,16.77,268.7,0.0,0,0,23,0,
2025-10-18T23:40:10,27.38,7.85,731.1,16.89,316.6,46.3,0,0,23,0,
2025-10-18T23:40:12,27.07,7.78,626.6,9.77,171.8,0.0,1,1,23,0,
2025-10-18T23:40:14,27.14,7.44,590.1,9.85,190.5,0.0,1,0,23,0,
2025-10-18T23:40:16,27.60,7.68,514.4,8.83,311.2,1276.6,1,0,23,0,
2025-10-18T23:40:18,29.33,7.81,568.2,16.96,296.9,592.5,1,0,23,0,
2025-10-18T23:40:20,27.45,7.36,581.0,16.79,154.2,134.8,0,1,23,0,
2025-10-18T23:40:22,27.61,7.47,595.9,15.07,321.2,0.0,0,1,23,0,
2025-10-18T23:40:24,28.64,7.74,563.6,21.00,221.8,997.6,1,0,23,0,
2025-10-18T23:40:26,27.02,7.82,590.6,17.83,345.9,2550.4,0,1,23,0,
2025-10-18T23:40:28,27.75,7.40,570.2,15.58,346.1,2253.9,1,1,23,0,
2025-10-18T23:40:30,30.31,7.29,748.3,15.74,332.7,0.0,0,0,23,0,
2025-10-18T23:40:32,25.43,7.81,610.1,15.67,207.9,0.0,1,0,23,0,
2025-10-18T23:40:34,26.68,7.64,685.9,21.33,271.4,503.1,0,1,23,0,
2025-10-18T23:40:36,28.81,7.71,708.8,10.24,299.0,2141.8,1,0,23,0,
2025-10-18T23:40:38,26.51,7.38,548.3,15.70,337.2,0.0,0,1,23,0,
2025-10-18T23:40:40,28.04,7.51,659.7,17.59,293.7,1466.0,1,1,23,0,
2025-10-18T23:40:42,27.49,7.71,660.9,21.42,219.4,1612.4,1,1,23,0,
2025-10-18T23:40:44,28.77,7.63,528.1,15.06,287.1,1169.4,1,1,23,0,
2025-10-18T23:40:46,28.32,7.36,726.4,16.64,249.6,471.6,0,1,23,0,
2025-10-18T23:40:48,26.64,7.36,677.1,15.80,382.2,1771.8,0,0,23,0,
2025-10-18T23:40:50,27.24,7.80,635.2,14.37,297.2,1249.5,1,1,23,0,
2025-10-18T23:40:52,27.55,7.36,543.1,15.89,206.9,594.3,0,1,23,0,
2025-10-18T23:40:54,27.21,7.88,578.8,16.43,336.3,0.0,1,1,23,0,
2025-10-18T23:40:56,26.17,7.62,660.6,12.02,209.4,0.0,0,0,23,0,
2025-10-18T23:40:58,27.41,7.92,682.5,19.86,307.6,3779.8,0,0,23,0,
2025-10-18T23:41:00,26.87,7.85,603.4,8.42,309.0,1381.2,0,0,23,0,
2025-10-18T23:41:02,28.04,8.04,526.2,17.16,254.0,710.9,0,0,23,0,
2025-10-18T23:41:04,26.75,7.42,491.0,23.17,165.6,0.0,0,1,23,0,
2025-10-18T23:41:06,26.85,7.66,669.5,18.12,247.6,1093.8,1,0,23,0,
2025-10-18T23:41:08,27.44,7.64,592.6,16.10,339.1,1793.4,1,1,23,0,
2025-10-18T23:41:10,26.59,7.73,455.2,9.63,309.5,0.0,0,0,23,0,
2025-10-18T23:41:12,29.21,7.74,634.0,10.78,330.0,0.0,0,0,23,0,
2025-10-18T23:41:14,26.33,7.76,507.2,12.65,352.2,0.0,0,1,23,0,
2025-10-18T23:41:16,27.84,7.46,609.6,17.48,117.1,0.0,0,1,23,0,
2025-10-18T23:41:18,27.42,7.62,582.1,15.81,228.9,3.7,1,1,23,0,
2025-10-18T23:41:20,28.71,7.75,486.4,23.66,285.9,0.0,1,0,23,0,
2025-10-18T23:41:22,27.77,7.81,556.2,14.70,172.0,0.0,0,0,23,0,
2025-10-18T23:41:24,27.19,7.73,540.0,11.64,334.6,3090.8,0,0,23,0,
2025-10-18T23:41:26,27.05,7.53,750.2,19.32,249.5,0.0,0,0,23,0,
2025-10-18T23:41:28,26.72,7.63,561.7,9.38,250.6,69.4,0,0,23,0,
2025-10-18T23:41:30,25.60,7.69,537.8,19.37,294.7,38.2,1,1,23,0,
2025-10-18T23:41:32,28.30,7.83,681.8,19.05,222.8,1361.0,1,1,23,0,
2025-10-18T23:41:34,27.24,7.38,688.3,10.23,232.8,0.0,1,0,23,0,
2025-10-18T23:41:36,28.61,7.72,534.4,16.36,342.3,0.0,0,0,23,0,
2025-10-18T23:41:38,27.90,7.83,509.5,17.39,195.6,935.2,0,0,23,0,
2025-10-18T23:41:40,26.59,7.31,678.6,17.10,223.9,0.0,0,1,23,0,
2025-10-18T23:41:42,28.30,7.55,575.1,11.17,219.1,0.0,0,1,23,0,
2025-10-18T23:41:44,27.42,7.50,692.4,16.06,242.4,65.2,0,1,23,0,
2025-10-18T23:41:46,27.23,7.87,777.1,17.85,305.3,603.0,1,0,23,0,
2025-10-18T23:41:48,27.47,7.72,454.7,22.14,338.4,1410.8,1,0,23,0,
2025-10-18T23:41:50,27.25,7.64,725.2,16.33,323.4,0.0,0,1,23,0,
2025-10-18T23:41:52,28.08,7.56,752.7,13.80,244.0,0.0,0,1,23,0,
2025-10-18T23:41:54,28.76,7.62,586.1,23.55,381.5,0.0,0,0,23,0,
2025-10-18T23:41:56,29.18,7.55,672.9,16.14,312.0,1039.6,1,1,23,0,
2025-10-18T23:41:58,26.65,7.32,524.6,22.61,222.6,1754.5,1,0,23,0,
2025-10-18T23:42:00,26.96,7.40,636.6,19.75,372.1,0.0,1,1,23,0,
2025-10-18T23:42:02,27.24,7.63,480.8,11.72,238.5,0.0,0,1,23,0,
2025-10-18T23:42:04,27.78,7.74,697.8,9.83,326.1,662.7,0,1,23,0,
2025-10-18T23:42:06,26.21,7.48,705.6,15.67,292.1,1241.0,1,1,23,0,
2025-10-18T23:42:08,27.58,7.78,711.0,19.58,218.0,0.0,0,0,23,0,
2025-10-18T23:42:10,26.13,7.69,713.1,12.46,227.1,809.1,1,0,23,0,
2025-10-18T23:42:12,27.89,7.61,591.5,11.50,204.9,0.0,0,0,23,0,
2025-10-18T23:42:14,28.89,7.86,610.8,18.04,195.5,398.5,1,0,23,0,
2025-10-18T23:42:16,27.85,7.54,551.7,15.36,461.3,875.7,0,0,23,0,
2025-10-18T23:42:18,28.25,7.80,506.1,3.32,372.8,0.0,1,1,23,0,
2025-10-18T23:42:20,28.84,7.59,742.2,13.72,209.4,0.0,1,0,23,0,
2025-10-18T23:42:22,29.01,7.94,561.7,17.22,345.2,1740.0,0,1,23,0,
2025-10-18T23:42:24,27.65,7.66,744.0,14.89,318.2,0.0,0,0,23,0,
2025-10-18T23:42:26,28.76,7.95,701.3,19.35,323.1,0.0,0,1,23,0,
2025-10-18T23:42:28,28.10,7.58,560.1,16.60,290.5,1558.8,1,0,23,0,
2025-10-18T23:42:30,29.10,7.88,581.0,12.66,250.9,0.0,0,1,23,0,
2025-10-18T23:42:32,28.13,7.68,632.1,22.90,323.2,577.3,1,1,23,0,
2025-10-18T23:42:34,27.96,7.59,674.5,8.17,321.7,998.4,0,1,23,0,
2025-10-18T23:42:36,27.83,7.91,641.3,11.32,324.5,0.0,0,1,23,0,
2025-10-18T23:42:38,27.14,7.60,671.7,20.55,199.5,2153.7,0,1,23,0,
2025-10-18T23:42:40,28.20,7.70,706.2,9.48,299.1,0.0,0,0,23,0,
2025-10-18T23:42:42,27.43,7.72,619.6,12.31,413.4,0.0,0,0,23,0,
2025-10-18T23:42:44,27.56,7.91,584.1,15.30,313.5,0.0,1,1,23,0,
2025-10-18T23:42:46,27.64,7.81,626.9,18.79,215.1,1711.9,1,0,23,0,
2025-10-18T23:42:48,27.15,8.02,646.3,16.42,273.5,2556.8,0,1,23,0,
2025-10-18T23:42:50,26.94,7.57,759.5,18.17,289.2,131.9,1,1,23,0,
2025-10-18T23:42:52,26.64,7.67,666.1,16.47,248.3,0.0,0,1,23,0,
2025-10-18T23:42:54,27.41,7.42,656.9,14.63,286.3,685.4,1,1,23,0,
2025-10-18T23:42:56,27.74,7.89,543.7,17.95,288.9,38.6,0,1,23,0,
2025-10-18T23:42:58,27.34,7.68,581.1,10.03,260.2,1192.2,1,1,23,0,
2025-10-18T23:43:00,28.82,7.75,625.2,14.78,347.0,0.0,0,1,23,0,
2025-10-18T23:43:02,27.73,7.59,669.1,14.11,279.6,0.0,1,1,23,0,
2025-10-18T23:43:04,29.74,7.83,570.5,16.50,200.8,0.0,0,1,23,0,
2025-10-18T23:43:06,26.82,7.99,684.6,20.72,359.9,1517.3,1,1,23,0,
2025-10-18T23:43:08,28.36,7.70,623.6,21.55,270.1,8.6,0,1,23,0,
2025-10-18T23:43:10,28.08,7.58,625.6,12.80,299.6,691.4,1,0,23,0,
2025-10-18T23:43:12,27.88,8.21,698.6,19.32,331.2,518.5,0,1,23,0,
2025-10-18T23:43:14,26.96,7.42,654.6,15.46,282.2,0.0,1,1,23,0,
2025-10-18T23:43:16,28.12,7.75,648.3,17.25,173.1,2714.0,0,1,23,0,
2025-10-18T23:43:18,27.53,7.51,663.7,11.42,274.1,831.5,1,1,23,0,
2025-10-18T23:43:20,27.11,8.00,570.8,12.32,323.0,154.2,0,1,23,0,
2025-10-18T23:43:22,27.44,7.99,616.2,9.75,243.4,1296.9,0,0,23,0,
2025-10-18T23:43:24,26.32,7.38,632.9,20.88,206.8,0.0,1,1,23,0,
2025-10-18T23:43:26,27.70,7.86,637.6,11.43,303.8,1357.1,0,1,23,0,
2025-10-18T23:43:28,26.74,8.00,614.9,21.76,255.2,642.5,0,0,23,0,
2025-10-18T23:43:30,26.35,7.64,576.8,16.69,270.0,2553.1,1,1,23,0,
2025-10-18T23:43:32,28.41,7.41,705.5,21.91,303.0,0.0,0,1,23,0,
2025-10-18T23:43:34,27.35,7.37,580.8,19.37,253.0,0.0,0,0,23,0,
2025-10-18T23:43:36,28.46,7.48,716.7,10.71,301.0,896.0,0,0,23,0,
2025-10-18T23:43:38,26.04,7.95,647.1,16.52,248.3,248.8,0,0,23,0,
2025-10-18T23:43:40,29.62,7.46,625.2,9.97,287.0,1220.1,0,1,23,0,
2025-10-18T23:43:42,26.59,7.59,534.1,17.56,375.1,521.1,1,1,23,0,
2025-10-18T23:43:44,27.31,7.88,565.8,10.76,281.2,0.0,0,1,23,0,
2025-10-18T23:43:46,29.07,7.89,590.0,10.82,374.2,1897.1,0,1,23,0,
2025-10-18T23:43:48,27.39,7.67,753.5,16.05,227.0,342.6,0,1,23,0,
2025-10-18T23:43:50,27.64,7.64,699.6,17.80,224.0,861.4,0,0,23,0,
2025-10-18T23:43:52,27.14,7.62,617.6,9.81,393.0,2748.3,0,1,23,0,
2025-10-18T23:43:54,28.11,7.98,643.6,10.77,311.8,1957.4,0,0,23,0,
2025-10-18T23:43:56,28.87,7.64,544.6,19.01,248.6,1303.5,0,1,23,0,
2025-10-18T23:43:58,27.98,7.73,754.0,11.65,180.0,0.0,1,1,23,0,
2025-10-18T23:44:00,26.64,7.56,514.9,4.08,340.8,1397.6,0,1,23,0,
2025-10-18T23:44:02,27.34,7.87,572.2,11.99,253.4,0.0,0,1,23,0,
2025-10-18T23:44:04,27.02,7.90,799.2,17.05,319.8,931.9,0,1,23,0,
2025-10-18T23:44:06,26.43,7.84,577.2,13.68,199.9,0.0,1,1,23,0,
2025-10-18T23:44:08,27.50,7.82,525.5,15.88,320.2,0.0,1,0,23,0,
2025-10-18T23:44:10,27.20,7.64,714.4,16.45,292.6,0.0,0,0,23,0,
2025-10-18T23:44:12,28.29,7.48,633.7,16.53,279.5,1875.4,1,1,23,0,
2025-10-18T23:44:14,27.33,7.95,541.6,11.85,282.3,0.0,1,0,23,0,
2025-10-18T23:44:16,28.65,8.03,680.6,19.17,359.3,0.0,0,1,23,0,
2025-10-18T23:44:18,27.38,7.65,767.6,13.21,246.9,0.0,1,0,23,0,
2025-10-18T23:44:20,27.69,7.51,757.4,9.29,266.2,1150.8,1,1,23,0,
2025-10-18T23:44:22,27.45,7.73,702.0,16.72,304.6,58.3,0,0,23,0,
2025-10-18T23:44:24,29.24,7.92,606.9,16.10,285.8,0.0,0,1,23,0,
2025-10-18T23:44:26,26.99,7.66,700.3,19.70,239.0,0.0,0,1,23,0,
2025-10-18T23:44:28,28.89,7.99,624.8,14.68,345.6,0.0,0,1,23,0,
2025-10-18T23:44:30,28.00,7.72,494.4,13.36,270.9,843.3,0,0,23,0,
2025-10-18T23:44:32,27.77,7.39,706.2,14.14,216.2,17.1,1,1,23,0,
2025-10-18T23:44:34,27.08,7.57,634.9,13.42,336.3,0.0,0,1,23,0,
2025-10-18T23:44:36,28.06,7.65,577.2,13.46,280.1,923.2,1,0,23,0,
2025-10-18T23:44:38,28.19,7.73,671.0,13.65,350.3,718.9,0,0,23,0,
2025-10-18T23:44:40,26.90,7.79,626.7,18.67,304.2,1193.4,0,1,23,0,
2025-10-18T23:44:42,27.47,7.73,670.7,17.91,180.3,334.8,0,1,23,0,
2025-10-18T23:44:44,26.24,7.58,614.1,19.82,328.9,0.0,0,1,23,0,
2025-10-18T23:44:46,28.81,7.63,645.3,14.88,411.9,2756.3,0,1,23,0,
2025-10-18T23:44:48,25.57,7.80,669.5,13.64,237.2,1371.6,0,0,23,0,
2025-10-18T23:44:50,28.12,7.92,662.9,16.20,203.4,1460.0,1,1,23,0,
2025-10-18T23:44:52,27.50,8.07,525.8,15.87,374.4,1500.6,0,1,23,0,
2025-10-18T23:44:54,27.65,7.64,662.8,10.66,335.3,0.0,1,1,23,0,
2025-10-18T23:44:56,27.30,7.45,679.1,7.35,358.4,163.0,0,1,23,0,
2025-10-18T23:44:58,26.51,7.49,754.1,14.47,304.0,565.3,1,1,23,0,
2025-10-18T23:45:00,28.12,7.87,677.8,17.40,288.7,0.0,1,0,23,0,
2025-10-18T23:45:02,28.08,7.89,609.7,19.85,171.5,628.2,0,1,23,0,
2025-10-18T23:45:04,26.65,7.49,682.8,15.64,369.0,686.8,1,0,23,0,
2025-10-18T23:45:06,28.25,7.79,649.7,8.88,326.7,0.0,1,0,23,0,
2025-10-18T23:45:08,27.69,7.53,792.3,13.04,309.6,0.0,0,0,23,0,
2025-10-18T23:45:10,27.70,7.65,680.3,13.58,197.5,0.0,1,1,23,0,
2025-10-18T23:45:12,28.81,7.63,577.4,15.66,327.7,1374.7,0,1,23,0,
2025-10-18T23:45:14,27.21,7.93,721.3,11.62,257.7,1160.9,0,0,23,0,
2025-10-18T23:45:16,28.67,7.90,630.2,13.21,254.7,0.0,0,0,23,0,
2025-10-18T23:45:18,27.16,8.06,641.1,15.79,336.5,971.2,0,0,23,0,
2025-10-18T23:45:20,28.23,7.68,517.6,24.36,199.3,0.0,1,0,23,0,
2025-10-18T23:45:22,26.44,7.72,657.4,16.49,294.2,2146.3,0,0,23,0,
2025-10-18T23:45:24,27.59,8.11,635.3,21.37,272.5,0.0,0,0,23,0,
2025-10-18T23:45:26,29.53,7.54,648.0,9.76,247.6,2366.7,0,1,23,0,
2025-10-18T23:45:28,26.29,7.51,676.0,10.31,209.1,970.2,0,1,23,0,
2025-10-18T23:45:30,28.30,7.88,616.4,14.81,295.8,299.5,1,1,23,0,
2025-10-18T23:45:32,27.76,7.99,525.7,21.13,321.8,730.6,0,1,23,0,
2025-10-18T23:45:34,27.83,7.95,712.5,17.24,251.4,0.0,1,1,23,0,
2025-10-18T23:45:36,27.41,7.88,550.4,18.29,211.9,0.0,1,1,23,0,
2025-10-18T23:45:38,27.76,7.43,680.1,13.10,285.3,0.0,1,1,23,0,
2025-10-18T23:45:40,27.53,7.23,655.2,18.01,294.0,130.7,1,0,23,0,
2025-10-18T23:45:42,27.09,7.96,536.6,23.00,258.9,519.1,0,1,23,0,
2025-10-18T23:45:44,27.15,8.15,690.0,13.28,315.7,0.0,1,1,23,0,
2025-10-18T23:45:46,28.11,7.85,636.1,21.77,285.4,889.5,0,0,23,0,
2025-10-18T23:45:48,27.45,7.78,633.0,16.64,200.9,0.0,1,1,23,0,
2025-10-18T23:45:50,27.77,7.67,673.0,10.19,187.0,2021.3,0,0,23,0,
2025-10-18T23:45:52,27.22,7.69,616.5,17.24,298.7,688.2,1,1,23,0,
2025-10-18T23:45:54,26.11,7.57,682.7,12.88,282.0,989.9,0,0,23,0,
2025-10-18T23:45:56,24.89,7.76,677.5,15.09,316.1,1054.0,1,1,23,0,
2025-10-18T23:45:58,28.23,7.43,568.6,15.00,299.3,0.0,1,1,23,0,
2025-10-18T23:46:00,26.43,7.81,715.5,16.58,256.4,0.0,0,1,23,0,
2025-10-18T23:46:02,26.38,7.68,728.9,15.07,309.3,1811.0,1,1,23,0,
2025-10-18T23:46:04,28.65,7.97,548.5,19.46,267.7,1719.6,0,1,23,0,
2025-10-18T23:46:06,28.36,7.63,614.8,9.79,195.1,0.0,1,1,23,0,
2025-10-18T23:46:08,27.87,7.34,665.6,14.69,293.8,3688.4,0,1,23,0,
2025-10-18T23:46:10,28.56,7.54,683.9,16.64,257.9,2327.9,0,1,23,0,
2025-10-18T23:46:12,27.69,7.56,594.7,21.45,305.4,1941.5,0,0,23,0,
2025-10-18T23:46:14,26.43,7.19,562.2,16.83,262.8,332.3,1,1,23,0,
2025-10-18T23:46:16,28.34,7.53,714.6,19.95,292.5,623.2,0,1,23,0,
2025-10-18T23:46:18,26.72,7.60,728.0,17.87,307.2,393.7,1,1,23,0,
2025-10-18T23:46:20,26.48,7.69,641.9,14.61,236.9,0.0,0,1,23,0,
2025-10-18T23:46:22,27.99,7.76,541.2,15.43,261.8,0.0,1,0,23,0,
2025-10-18T23:46:24,26.87,7.64,555.8,14.67,299.6,0.0,1,1,23,0,
2025-10-18T23:46:26,27.53,7.70,742.1,16.20,232.3,484.9,0,0,23,0,
2025-10-18T23:46:28,25.69,7.56,659.1,17.40,267.8,0.0,1,1,23,0,
2025-10-18T23:46:30,27.02,7.46,557.7,18.77,323.9,1262.8,0,0,23,0,
2025-10-18T23:46:32,28.65,7.84,659.7,20.79,219.0,1068.2,0,1,23,0,
2025-10-18T23:46:34,27.87,7.90,658.8,15.47,262.7,2918.0,0,0,23,0,
2025-10-18T23:46:36,28.09,7.84,608.2,19.10,354.9,0.0,0,1,23,0,
2025-10-18T23:46:38,27.96,7.44,688.9,14.86,200.6,3078.7,0,1,23,0,
2025-10-18T23:46:40,28.28,7.40,582.3,21.14,165.5,0.0,1,1,23,0,
2025-10-18T23:46:42,27.34,7.86,693.6,21.31,203.8,0.0,0,1,23,0,
2025-10-18T23:46:44,27.19,7.72,700.2,15.15,328.9,1438.3,1,1,23,0,
2025-10-18T23:46:46,27.38,7.74,637.7,13.79,254.8,463.8,0,1,23,0,
2025-10-18T23:46:48,26.39,7.67,635.2,18.49,338.8,326.0,0,1,23,0,
2025-10-18T23:46:50,28.90,7.38,710.2,17.32,245.0,2796.5,0,0,23,0,
2025-10-18T23:46:52,28.22,7.98,606.4,19.50,176.9,0.0,0,0,23,0,
2025-10-18T23:46:54,27.59,7.64,786.9,9.30,269.7,0.0,0,1,23,0,
2025-10-18T23:46:56,28.09,7.53,584.6,11.33,302.9,2062.3,0,1,23,0,
2025-10-18T23:46:58,26.30,7.75,819.7,11.20,305.4,941.5,0,0,23,0,
2025-10-18T23:47:00,27.77,7.72,528.5,12.44,244.4,2154.4,1,1,23,0,
2025-10-18T23:47:02,27.58,7.63,660.2,20.33,229.0,0.0,0,0,23,0,
2025-10-18T23:47:04,27.52,7.67,662.8,15.90,288.6,0.0,0,0,23,0,
2025-10-18T23:47:06,28.71,7.46,545.7,14.47,273.7,1497.4,1,0,23,0,
2025-10-18T23:47:08,27.01,7.62,629.3,10.81,211.3,672.0,1,0,23,0,
2025-10-18T23:47:10,28.84,8.14,558.9,13.98,267.1,0.0,0,1,23,0,
2025-10-18T23:47:12,28.37,7.43,624.9,23.93,367.0,0.0,0,1,23,0,
2025-10-18T23:47:14,29.60,7.62,607.3,21.23,384.7,1022.7,1,0,23,0,
2025-10-18T23:47:16,27.63,7.57,583.2,13.91,356.1,748.5,0,1,23,0,
2025-10-18T23:47:18,28.23,7.77,566.3,17.86,295.6,0.0,0,0,23,0,
2025-10-18T23:47:20,29.32,7.81,645.7,19.77,201.6,0.0,0,1,23,0,
2025-10-18T23:47:22,27.59,7.74,616.9,18.12,331.6,677.9,0,1,23,0,
2025-10-18T23:47:24,26.94,7.31,664.0,20.29,332.8,1135.8,1,1,23,0,
2025-10-18T23:47:26,27.15,7.87,660.0,20.29,403.9,358.8,0,1,23,0,
2025-10-18T23:47:28,27.51,7.75,669.4,11.31,278.1,730.5,0,1,23,0,
2025-10-18T23:47:30,28.82,7.43,588.7,11.60,213.6,0.0,0,1,23,0,
2025-10-18T23:47:32,27.31,7.46,694.1,17.99,161.2,2645.7,0,1,23,0,
2025-10-18T23:47:34,28.61,7.79,660.0,11.50,224.4,1914.0,0,0,23,0,
2025-10-18T23:47:36,27.78,7.72,704.3,10.35,312.7,0.0,0,1,23,0,
2025-10-18T23:47:38,27.91,7.83,537.6,13.70,227.8,829.5,1,1,23,0,
2025-10-18T23:47:40,27.16,7.77,629.6,20.84,288.4,0.0,1,1,23,0,
2025-10-18T23:47:42,27.38,7.59,718.1,11.52,271.7,478.4,0,1,23,0,
2025-10-18T23:47:44,27.49,7.87,536.9,13.38,306.3,2602.1,0,1,23,0,
2025-10-18T23:47:46,27.80,7.48,699.8,21.25,319.9,2233.6,0,0,23,0,
2025-10-18T23:47:48,27.18,7.54,689.1,16.63,278.6,0.0,1,0,23,0,
2025-10-18T23:47:50,27.08,7.78,668.5,16.83,300.5,0.0,1,0,23,0,
2025-10-18T23:47:52,26.47,7.60,484.4,16.46,323.0,0.0,0,1,23,0,
2025-10-18T23:47:54,28.75,7.37,746.3,12.81,158.7,726.0,0,1,23,0,
2025-10-18T23:47:56,28.37,7.50,651.3,16.62,271.2,0.0,0,1,23,0,
2025-10-18T23:47:58,27.66,7.59,600.7,15.59,372.4,1284.4,0,1,23,0,
2025-10-18T23:48:00,28.07,7.94,481.8,15.59,329.7,0.0,0,0,23,0,
2025-10-18T23:48:02,27.25,7.46,512.3,16.28,328.6,0.0,0,0,23,0,
2025-10-18T23:48:04,27.08,7.42,560.8,15.61,265.3,0.0,0,1,23,0,
2025-10-18T23:48:06,26.88,7.71,540.3,11.00,202.4,2032.0,1,0,23,0,
2025-10-18T23:48:08,28.84,7.69,600.2,16.76,300.1,0.0,1,0,23,0,
2025-10-18T23:48:10,27.25,7.49,646.5,9.51,313.6,0.0,0,0,23,0,
2025-10-18T23:48:12,27.64,7.51,619.8,14.54,363.8,406.5,0,1,23,0,
2025-10-18T23:48:14,28.02,7.69,528.0,15.26,370.5,2131.6,1,0,23,0,
2025-10-18T23:48:16,27.88,7.70,588.8,6.52,268.0,290.3,1,1,23,0,
2025-10-18T23:48:18,26.27,7.54,562.5,8.25,342.6,0.0,0,0,23,0,
2025-10-18T23:48:20,27.83,7.83,517.4,14.70,206.7,2429.3,0,1,23,0,
2025-10-18T23:48:22,26.68,7.56,672.8,16.65,285.5,3096.9,0,1,23,0,
2025-10-18T23:48:24,26.42,7.37,605.6,12.33,342.8,2496.4,1,0,23,0,
2025-10-18T23:48:26,27.11,7.66,587.6,11.49,320.3,1465.4,1,1,23,0,
2025-10-18T23:48:28,27.44,8.08,798.5,8.07,251.2,129.0,1,0,23,0,
2025-10-18T23:48:30,27.05,7.36,620.1,14.31,266.4,402.3,1,0,23,0,
2025-10-18T23:48:32,27.80,7.49,552.1,12.28,260.3,934.9,1,0,23,0,
2025-10-18T23:48:34,26.54,7.83,609.6,6.84,267.9,0.0,1,0,23,0,
2025-10-18T23:48:36,28.71,7.30,546.7,19.28,298.3,0.0,1,0,23,0,
2025-10-18T23:48:38,27.83,7.68,750.8,17.40,262.8,0.0,0,1,23,0,
2025-10-18T23:48:40,29.74,7.67,680.2,11.08,344.6,596.3,0,1,23,0,
2025-10-18T23:48:42,27.37,7.51,554.4,22.10,252.0,0.0,0,0,23,0,
2025-10-18T23:48:44,27.85,8.11,601.1,9.55,259.5,419.8,0,1,23,0,
2025-10-18T23:48:46,26.34,7.60,500.6,14.46,299.0,706.8,0,1,23,0,
2025-10-18T23:48:48,26.09,8.13,632.1,11.61,197.8,673.3,1,1,23,0,
2025-10-18T23:48:50,28.43,7.66,622.5,13.47,371.0,0.0,1,1,23,0,
2025-10-18T23:48:52,27.01,7.62,637.7,12.06,317.9,0.0,0,0,23,0,
2025-10-18T23:48:54,27.05,7.55,685.2,18.93,370.9,0.0,1,1,23,0,
2025-10-18T23:48:56,27.95,8.38,621.2,11.27,367.4,526.6,0,1,23,0,
2025-10-18T23:48:58,25.81,7.71,548.2,14.74,299.4,0.0,0,0,23,0,
2025-10-18T23:49:00,28.03,8.11,550.1,17.01,253.6,0.0,1,0,23,0,
2025-10-18T23:49:02,28.74,7.42,712.0,22.72,295.2,846.5,0,1,23,0,
2025-10-18T23:49:04,26.23,7.63,736.2,15.44,306.9,2010.9,1,1,23,0,
2025-10-18T23:49:06,27.82,7.55,532.8,13.22,241.0,0.0,0,1,23,0,
2025-10-18T23:49:08,27.29,7.92,660.4,10.18,318.2,885.8,0,1,23,0,
2025-10-18T23:49:10,28.06,7.80,562.7,12.17,260.1,1812.4,1,0,23,0,
2025-10-18T23:49:12,28.67,7.60,562.9,23.29,394.1,0.0,1,0,23,0,
2025-10-18T23:49:14,29.29,7.97,566.9,17.98,217.8,0.0,0,1,23,0,
2025-10-18T23:49:16,29.33,7.55,671.8,12.25,336.6,1071.2,1,1,23,0,
2025-10-18T23:49:18,28.69,7.62,765.9,16.99,269.4,440.3,0,1,23,0,
2025-10-18T23:49:20,27.43,7.97,699.5,23.82,173.1,0.0,1,1,23,0,
2025-10-18T23:49:22,28.22,7.70,666.4,15.23,289.4,798.1,0,1,23,0,
2025-10-18T23:49:24,27.38,7.61,495.1,14.66,323.0,372.8,0,0,23,0,
2025-10-18T23:49:26,26.55,7.83,499.2,25.89,336.3,2445.2,0,1,23,0,
2025-10-18T23:49:28,28.45,7.83,518.8,20.54,415.1,415.6,0,1,23,0,
2025-10-18T23:49:30,28.06,7.78,660.2,18.49,272.6,0.0,0,0,23,0,
2025-10-18T23:49:32,26.94,7.83,654.3,9.52,365.0,40.4,1,0,23,0,
2025-10-18T23:49:34,27.00,7.32,632.7,11.60,412.1,0.0,1,1,23,0,
2025-10-18T23:49:36,27.78,7.43,693.2,16.20,359.6,0.0,1,1,23,0,
2025-10-18T23:49:38,28.19,7.61,615.5,16.29,237.3,1129.2,0,1,23,0,
2025-10-18T23:49:40,27.97,7.49,660.7,13.11,279.3,0.0,1,1,23,0,
2025-10-18T23:49:42,27.57,7.52,688.7,13.62,224.3,0.0,1,1,23,0,
2025-10-18T23:49:44,26.64,7.67,582.1,17.13,267.7,867.4,0,0,23,0,
2025-10-18T23:49:46,26.52,7.70,711.3,15.14,248.2,0.0,0,0,23,0,
2025-10-18T23:49:48,27.77,7.39,653.9,22.37,279.5,1166.7,0,1,23,0,
2025-10-18T23:49:50,26.93,7.56,564.0,14.17,288.0,0.0,1,1,23,0,
2025-10-18T23:49:52,27.83,7.66,653.2,17.82,193.0,637.3,1,1,23,0,
2025-10-18T23:49:54,27.22,8.10,634.0,8.27,202.5,0.0,0,0,23,0,
2025-10-18T23:49:56,27.10,7.67,687.9,14.39,197.8,0.0,0,0,23,0,
2025-10-18T23:49:58,28.76,7.67,700.1,15.75,192.0,3904.5,1,1,23,0,
