timestamp,temp_c,ph,tds_ppm,turbidity_ntu,orp_mV,lux,aerator_on,pump_on,hour,is_daylight,label
2025-10-18T08:11:00,29.2,7.98,638.9,11.57,340.6,7648.8,1,1,8,1,GOOD
2025-10-18T08:11:02,29.63,8.12,571.8,8.63,331.5,7301.4,1,1,8,1,GOOD
2025-10-18T08:11:04,29.1,7.71,496.5,5.31,309.5,8471.4,1,1,8,1,GOOD
2025-10-18T08:11:06,28.64,7.79,687.9,6.32,352.7,5862.9,1,1,8,1,GOOD
2025-10-18T08:11:08,28.78,8.02,530.9,8.13,326.0,7562.5,1,1,8,1,GOOD
2025-10-18T08:11:10,28.76,8.28,599.2,3.83,382.9,6168.7,1,1,8,1,GOOD
2025-10-18T08:11:12,29.08,7.71,520.3,7.59,379.5,8257.1,1,1,8,1,GOOD
2025-10-18T08:11:14,28.95,7.95,511.3,4.84,331.6,9585.7,1,1,8,1,GOOD
2025-10-18T08:11:16,29.14,7.74,619.4,5.84,322.9,8917.5,1,1,8,1,GOOD
2025-10-18T08:11:18,29.41,8.14,549.6,6.07,363.3,9463.3,1,1,8,1,GOOD
2025-10-18T08:11:20,28.81,7.97,533.6,3.41,382.5,10034.4,1,1,8,1,GOOD
2025-10-18T08:11:22,28.97,8.15,621.7,5.06,364.5,10307.1,1,1,8,1,GOOD
2025-10-18T08:11:24,28.99,8.23,442.8,9.47,353.5,7551.5,1,1,8,1,GOOD
2025-10-18T08:11:26,29.04,7.7,586.8,8.07,409.1,7222.6,1,1,8,1,GOOD
2025-10-18T08:11:28,28.68,7.92,654.9,7.99,328.8,8769.9,1,1,8,1,GOOD
2025-10-18T08:11:30,29.04,8.15,557.9,6.02,334.3,5804.7,1,1,8,1,GOOD
2025-10-18T08:11:32,29.12,8.04,600.3,6.3,293.4,7369.0,1,1,8,1,GOOD
2025-10-18T08:11:34,28.86,7.88,590.3,8.21,425.4,8261.9,1,1,8,1,GOOD
2025-10-18T08:11:36,29.1,7.99,484.9,6.92,352.4,11694.9,1,1,8,1,GOOD
2025-10-18T08:11:38,28.92,8.05,597.9,3.49,395.7,9127.9,1,1,8,1,GOOD
2025-10-18T08:11:40,29.32,7.86,684.2,2.79,373.5,11285.7,1,1,8,1,GOOD
2025-10-18T08:11:42,28.6,7.92,606.0,5.49,288.0,8102.8,1,1,8,1,GOOD
2025-10-18T08:11:44,28.58,8.07,544.8,11.65,318.7,7516.9,1,1,8,1,GOOD
2025-10-18T08:11:46,29.33,7.82,613.6,10.92,285.7,8277.0,1,1,8,1,GOOD
2025-10-18T08:11:48,29.1,8.12,525.8,3.04,370.9,8445.5,1,1,8,1,GOOD
2025-10-18T08:11:50,29.1,8.05,559.2,7.7,361.7,6928.5,1,1,8,1,GOOD
2025-10-18T08:11:52,29.75,8.07,528.5,8.97,311.0,9180.6,1,1,8,1,GOOD
2025-10-18T08:11:54,29.46,7.88,657.8,8.24,382.9,10845.2,1,1,8,1,GOOD
2025-10-18T08:11:56,28.9,7.89,546.6,4.55,346.9,8511.7,1,1,8,1,GOOD
2025-10-18T08:11:58,29.11,8.12,600.8,11.36,339.4,12080.3,1,1,8,1,GOOD
2025-10-18T08:12:00,29.25,7.87,535.7,8.45,341.1,9071.0,1,1,8,1,GOOD
2025-10-18T08:12:02,29.19,7.99,549.2,2.46,332.1,9284.6,1,1,8,1,GOOD
2025-10-18T08:12:04,29.09,7.81,610.4,8.16,314.6,8230.6,1,1,8,1,GOOD
2025-10-18T08:12:06,29.02,7.83,621.5,8.68,393.3,9580.7,1,1,8,1,GOOD
2025-10-18T08:12:08,28.45,7.86,630.9,8.54,370.6,13779.1,1,1,8,1,GOOD
2025-10-18T08:12:10,29.23,8.17,657.2,8.95,337.4,9138.5,1,1,8,1,GOOD
2025-10-18T08:12:12,28.69,7.96,570.9,7.25,442.6,5199.1,1,1,8,1,GOOD
2025-10-18T08:12:14,29.27,7.76,571.7,10.27,352.6,6383.4,1,1,8,1,GOOD
2025-10-18T08:12:16,28.71,8.1,556.2,7.65,351.8,7022.6,1,1,8,1,GOOD
2025-10-18T08:12:18,29.86,8.1,478.5,7.56,323.5,9278.7,1,1,8,1,GOOD
2025-10-18T08:12:20,28.68,7.98,630.3,9.6,302.0,7498.2,1,1,8,1,GOOD
2025-10-18T08:12:22,28.81,7.9,705.9,8.21,299.6,9376.8,1,1,8,1,GOOD
2025-10-18T08:12:24,29.85,8.15,508.8,5.55,400.7,6938.5,1,1,8,1,GOOD
2025-10-18T08:12:26,29.18,8.12,544.4,6.82,220.3,6463.4,1,1,8,1,GOOD
2025-10-18T08:12:28,28.9,7.81,697.9,2.71,332.4,8196.1,1,1,8,1,GOOD
2025-10-18T08:12:30,29.58,7.78,669.8,7.03,310.7,8693.2,1,1,8,1,GOOD
2025-10-18T08:12:32,29.08,7.91,604.2,5.84,354.5,8993.2,1,1,8,1,GOOD
2025-10-18T08:12:34,29.63,7.81,728.0,1.14,343.9,8882.5,1,1,8,1,GOOD
2025-10-18T08:12:36,29.11,7.91,587.5,5.52,326.4,9274.4,1,1,8,1,GOOD
2025-10-18T08:12:38,29.14,7.9,654.0,7.92,382.5,8944.4,1,1,8,1,GOOD
2025-10-18T08:12:40,28.67,7.92,644.8,8.83,349.2,8176.0,1,1,8,1,GOOD
2025-10-18T08:12:42,29.51,7.91,632.8,6.39,341.3,9648.2,1,1,8,1,GOOD
2025-10-18T08:12:44,29.33,8.12,678.3,7.06,377.3,7534.6,1,1,8,1,GOOD
2025-10-18T08:12:46,29.13,7.98,605.8,8.79,317.3,11138.6,1,1,8,1,GOOD
2025-10-18T08:12:48,28.6,7.82,669.5,9.37,375.0,8942.5,1,1,8,1,GOOD
2025-10-18T08:12:50,29.0,7.87,604.5,4.97,389.0,7779.4,1,1,8,1,GOOD
2025-10-18T08:12:52,28.67,7.95,624.8,5.31,317.1,8365.5,1,1,8,1,GOOD
2025-10-18T08:12:54,29.1,7.92,571.7,7.7,292.1,5888.8,1,1,8,1,GOOD
2025-10-18T08:12:56,28.71,7.97,618.7,11.43,384.3,7760.1,1,1,8,1,GOOD
2025-10-18T08:12:58,28.99,7.85,598.9,6.13,362.9,6759.2,1,1,8,1,GOOD
2025-10-18T08:13:00,29.21,8.23,593.5,8.21,377.6,7398.2,1,1,8,1,GOOD
2025-10-18T08:13:02,29.09,8.0,605.9,4.68,351.0,8747.0,1,1,8,1,GOOD
2025-10-18T08:13:04,29.58,8.14,729.2,4.7,384.9,8275.0,1,1,8,1,GOOD
2025-10-18T08:13:06,29.88,7.88,549.6,5.2,265.0,7211.4,1,1,8,1,GOOD
2025-10-18T08:13:08,28.7,8.02,620.5,12.63,388.0,7134.6,1,1,8,1,GOOD
2025-10-18T08:13:10,28.64,8.07,520.8,12.49,397.2,7296.2,1,1,8,1,GOOD
2025-10-18T08:13:12,28.31,8.2,593.1,10.71,286.2,7100.9,1,1,8,1,GOOD
2025-10-18T08:13:14,29.0,8.01,573.0,8.87,307.3,7786.4,1,1,8,1,GOOD
2025-10-18T08:13:16,29.05,8.08,642.7,3.63,288.6,9916.5,1,1,8,1,GOOD
2025-10-18T08:13:18,29.13,7.89,693.1,7.35,397.2,8101.3,1,1,8,1,GOOD
2025-10-18T08:13:20,29.82,8.26,585.1,9.91,375.8,10052.9,1,1,8,1,GOOD
2025-10-18T08:13:22,28.61,8.1,663.5,1.72,302.7,4941.2,1,1,8,1,GOOD
2025-10-18T08:13:24,28.89,8.11,690.1,7.22,415.1,5929.8,1,1,8,1,GOOD
2025-10-18T08:13:26,28.32,7.99,623.0,6.9,267.3,7866.3,1,1,8,1,GOOD
2025-10-18T08:13:28,28.48,8.1,622.0,4.18,329.4,6411.2,1,1,8,1,GOOD
2025-10-18T08:13:30,28.97,8.14,540.9,8.51,328.8,6810.7,1,1,8,1,GOOD
2025-10-18T08:13:32,28.96,7.84,566.8,3.41,428.6,8052.9,1,1,8,1,GOOD
2025-10-18T08:13:34,28.72,8.03,593.3,6.34,374.6,9136.3,1,1,8,1,GOOD
2025-10-18T08:13:36,28.79,7.91,583.5,0.09,289.4,10050.3,1,1,8,1,GOOD
2025-10-18T08:13:38,29.66,7.96,634.6,7.93,473.2,9679.4,1,1,8,1,GOOD
2025-10-18T08:13:40,28.95,7.86,503.6,7.61,319.7,5866.6,1,1,8,1,GOOD
2025-10-18T08:13:42,28.74,7.84,701.2,9.64,349.7,10219.9,1,1,8,1,GOOD
2025-10-18T08:13:44,29.03,7.87,691.4,8.62,308.5,7714.5,1,1,8,1,GOOD
2025-10-18T08:13:46,28.65,7.79,655.6,12.73,294.1,8844.5,1,1,8,1,GOOD
2025-10-18T08:13:48,28.74,7.93,564.5,4.41,351.9,6753.6,1,1,8,1,GOOD
2025-10-18T08:13:50,29.11,7.99,585.7,4.28,326.9,9133.1,1,1,8,1,GOOD
2025-10-18T08:13:52,29.2,7.85,606.0,9.25,283.2,8815.0,1,1,8,1,GOOD
2025-10-18T08:13:54,28.73,8.09,554.2,1.59,284.9,8072.1,1,1,8,1,GOOD
2025-10-18T08:13:56,29.1,7.86,638.3,2.02,347.4,6183.5,1,1,8,1,GOOD
2025-10-18T08:13:58,28.74,8.01,548.4,5.85,390.3,7134.7,1,1,8,1,GOOD
2025-10-18T08:14:00,29.33,7.83,631.8,11.32,251.1,6804.7,1,1,8,1,GOOD
2025-10-18T08:14:02,29.23,7.97,622.3,5.19,353.5,7766.5,1,1,8,1,GOOD
2025-10-18T08:14:04,29.47,8.04,620.3,5.76,330.5,7351.2,1,1,8,1,GOOD
2025-10-18T08:14:06,29.16,7.94,617.4,13.23,384.8,7511.0,1,1,8,1,GOOD
2025-10-18T08:14:08,29.48,7.94,477.7,3.98,275.2,7472.7,1,1,8,1,GOOD
2025-10-18T08:14:10,29.01,8.25,619.6,6.34,383.2,4683.3,1,1,8,1,GOOD
2025-10-18T08:14:12,29.09,8.12,511.3,10.43,363.5,7377.1,1,1,8,1,GOOD
2025-10-18T08:14:14,29.25,8.34,610.9,7.74,331.6,6725.2,1,1,8,1,GOOD
2025-10-18T08:14:16,29.33,7.87,604.3,5.57,369.2,8500.5,1,1,8,1,GOOD
2025-10-18T08:14:18,29.42,7.92,583.8,4.06,332.2,8566.0,1,1,8,1,GOOD
2025-10-18T08:14:20,29.3,7.86,652.2,11.07,366.5,10815.2,1,1,8,1,GOOD
2025-10-18T08:14:22,28.69,7.81,493.3,11.49,376.2,7916.6,1,1,8,1,GOOD
2025-10-18T08:14:24,29.11,7.83,746.7,7.39,354.4,9088.6,1,1,8,1,GOOD
2025-10-18T08:14:26,29.19,8.03,552.6,8.41,425.3,10018.1,1,1,8,1,GOOD
2025-10-18T08:14:28,29.64,7.92,540.6,6.62,352.2,9641.3,1,1,8,1,GOOD
2025-10-18T08:14:30,28.32,8.23,590.5,5.72,309.5,5517.7,1,1,8,1,GOOD
2025-10-18T08:14:32,29.33,8.01,522.6,3.11,336.6,10503.5,1,1,8,1,GOOD
2025-10-18T08:14:34,28.9,7.77,585.3,6.18,242.1,7918.6,1,1,8,1,GOOD
2025-10-18T08:14:36,28.91,8.1,710.9,10.38,339.2,6340.2,1,1,8,1,GOOD
2025-10-18T08:14:38,30.03,8.01,600.8,6.93,357.9,7783.5,1,1,8,1,GOOD
2025-10-18T08:14:40,28.77,7.92,598.0,5.37,321.5,8159.6,1,1,8,1,GOOD
2025-10-18T08:14:42,28.9,8.23,440.9,10.27,399.8,4889.9,1,1,8,1,GOOD
2025-10-18T08:14:44,28.86,7.94,515.5,4.67,305.6,10628.4,1,1,8,1,GOOD
2025-10-18T08:14:46,29.37,8.19,643.3,3.61,329.0,8734.1,1,1,8,1,GOOD
2025-10-18T08:14:48,28.51,8.11,585.6,5.88,378.4,8666.4,1,1,8,1,GOOD
2025-10-18T08:14:50,28.86,8.17,535.1,8.85,373.7,7535.7,1,1,8,1,GOOD
2025-10-18T08:14:52,29.13,7.81,655.4,6.45,329.1,9573.5,1,1,8,1,GOOD
2025-10-18T08:14:54,28.72,7.79,506.6,8.82,298.8,10632.2,1,1,8,1,GOOD
2025-10-18T08:14:56,28.17,8.25,612.7,6.71,328.2,8598.7,1,1,8,1,GOOD
2025-10-18T08:14:58,28.98,8.17,606.9,7.45,335.5,7914.6,1,1,8,1,GOOD
2025-10-18T08:15:00,29.12,7.74,519.1,9.23,356.8,7724.0,1,1,8,1,GOOD
2025-10-18T08:15:02,29.01,8.05,567.6,4.67,357.8,6532.4,1,1,8,1,GOOD
2025-10-18T08:15:04,29.16,7.74,661.7,8.42,360.2,9474.0,1,1,8,1,GOOD
2025-10-18T08:15:06,29.67,8.15,489.5,3.16,325.0,8039.1,1,1,8,1,GOOD
2025-10-18T08:15:08,29.21,7.89,611.2,4.73,325.5,5890.0,1,1,8,1,GOOD
2025-10-18T08:15:10,28.63,7.8,541.4,10.16,312.0,11948.6,1,1,8,1,GOOD
2025-10-18T08:15:12,29.2,8.03,548.5,9.1,327.0,8183.0,1,1,8,1,GOOD
2025-10-18T08:15:14,30.02,7.99,669.0,4.89,348.6,10656.2,1,1,8,1,GOOD
2025-10-18T08:15:16,28.75,8.27,642.5,5.31,375.3,9458.8,1,1,8,1,GOOD
2025-10-18T08:15:18,29.25,7.76,556.4,6.26,347.0,8931.0,1,1,8,1,GOOD
2025-10-18T08:15:20,29.07,7.8,622.8,8.83,372.4,9621.2,1,1,8,1,GOOD
2025-10-18T08:15:22,29.33,8.07,595.8,2.02,367.2,8311.5,1,1,8,1,GOOD
2025-10-18T08:15:24,29.11,7.81,535.1,10.16,348.4,9022.3,1,1,8,1,GOOD
2025-10-18T08:15:26,29.01,8.0,656.3,5.45,353.8,7306.6,1,1,8,1,GOOD
2025-10-18T08:15:28,28.83,7.95,613.3,5.56,400.2,6658.1,1,1,8,1,GOOD
2025-10-18T08:15:30,28.93,7.93,686.8,7.59,391.3,5771.7,1,1,8,1,GOOD
2025-10-18T08:15:32,29.11,8.13,604.9,10.2,329.3,10114.0,1,1,8,1,GOOD
2025-10-18T08:15:34,29.92,7.95,573.3,11.36,413.2,7215.7,1,1,8,1,GOOD
2025-10-18T08:15:36,28.83,7.96,519.3,4.24,309.8,6848.3,1,1,8,1,GOOD
2025-10-18T08:15:38,28.99,8.04,693.0,4.0,389.4,7679.0,1,1,8,1,GOOD
2025-10-18T08:15:40,28.98,8.1,532.6,8.15,356.7,8738.7,1,1,8,1,GOOD
2025-10-18T08:15:42,29.12,8.37,561.7,5.41,325.1,7166.8,1,1,8,1,GOOD
2025-10-18T08:15:44,28.75,8.18,685.2,5.29,316.7,8707.1,1,1,8,1,GOOD
2025-10-18T08:15:46,28.78,8.09,612.2,2.45,411.9,10693.8,1,1,8,1,GOOD
2025-10-18T08:15:48,28.75,7.94,617.2,8.0,376.3,11015.3,1,1,8,1,GOOD
2025-10-18T08:15:50,28.93,7.88,517.2,4.81,348.7,10691.8,1,1,8,1,GOOD
2025-10-18T08:15:52,28.79,8.03,599.0,10.57,451.1,7203.7,1,1,8,1,GOOD
2025-10-18T08:15:54,28.8,8.16,640.9,12.54,373.4,7461.1,1,1,8,1,GOOD
2025-10-18T08:15:56,29.24,8.17,649.2,8.52,392.7,9753.9,1,1,8,1,GOOD
2025-10-18T08:15:58,29.55,8.1,590.0,7.44,398.3,6774.6,1,1,8,1,GOOD
2025-10-18T08:16:00,29.15,7.94,601.7,10.84,357.6,8069.7,1,1,8,1,GOOD
2025-10-18T08:16:02,28.46,8.11,638.7,13.49,337.7,8328.7,1,1,8,1,GOOD
2025-10-18T08:16:04,29.1,8.24,594.3,7.84,374.3,8279.9,1,1,8,1,GOOD
2025-10-18T08:16:06,28.82,8.03,664.4,3.92,355.3,6949.8,1,1,8,1,GOOD
2025-10-18T08:16:08,29.48,7.77,566.5,8.13,412.6,7901.4,1,1,8,1,GOOD
2025-10-18T08:16:10,28.78,8.28,513.1,0.4,367.6,7246.9,1,1,8,1,GOOD
2025-10-18T08:16:12,28.59,8.11,614.6,5.31,298.8,9308.7,1,1,8,1,GOOD
2025-10-18T08:16:14,29.26,7.99,710.8,3.79,289.0,6962.1,1,1,8,1,GOOD
2025-10-18T08:16:16,28.98,8.04,585.5,8.06,299.9,10165.6,1,1,8,1,GOOD
2025-10-18T08:16:18,28.97,8.17,620.6,8.37,372.8,8671.6,1,1,8,1,GOOD
2025-10-18T08:16:20,29.26,8.2,611.8,9.13,346.4,10160.2,1,1,8,1,GOOD
2025-10-18T08:16:22,28.73,8.27,597.6,2.71,355.1,6978.4,1,1,8,1,GOOD
2025-10-18T08:16:24,29.34,7.9,573.2,1.33,331.9,4364.2,1,1,8,1,GOOD
2025-10-18T08:16:26,28.37,8.11,647.1,8.28,311.3,7928.4,1,1,8,1,GOOD
2025-10-18T08:16:28,29.0,7.83,690.2,9.63,341.2,8040.3,1,1,8,1,GOOD
2025-10-18T08:16:30,29.08,7.69,585.2,4.95,309.9,7578.3,1,1,8,1,GOOD
2025-10-18T08:16:32,29.72,8.1,565.7,8.72,406.0,9387.0,1,1,8,1,GOOD
2025-10-18T08:16:34,29.02,7.9,641.9,8.18,385.8,8952.8,1,1,8,1,GOOD
2025-10-18T08:16:36,29.42,7.92,679.0,7.59,433.0,6966.2,1,1,8,1,GOOD
2025-10-18T08:16:38,29.69,8.03,560.9,5.55,337.2,8636.2,1,1,8,1,GOOD
2025-10-18T08:16:40,29.21,7.91,598.5,13.43,419.1,8654.5,1,1,8,1,GOOD
2025-10-18T08:16:42,29.02,8.02,636.8,3.93,339.7,5497.1,1,1,8,1,GOOD
2025-10-18T08:16:44,29.16,8.1,571.0,11.72,301.0,5803.4,1,1,8,1,GOOD
2025-10-18T08:16:46,29.09,8.16,701.0,5.62,393.1,7942.2,1,1,8,1,GOOD
2025-10-18T08:16:48,28.93,8.13,639.1,2.27,409.1,10070.1,1,1,8,1,GOOD
2025-10-18T08:16:50,28.75,8.06,629.6,7.78,328.0,6992.6,1,1,8,1,GOOD
2025-10-18T08:16:52,28.99,8.18,632.6,5.89,380.9,3727.2,1,1,8,1,GOOD
2025-10-18T08:16:54,29.46,7.74,578.3,3.64,298.2,9741.2,1,1,8,1,GOOD
2025-10-18T08:16:56,28.81,8.05,597.2,8.43,353.1,6075.5,1,1,8,1,GOOD
2025-10-18T08:16:58,29.4,7.93,506.6,5.72,410.0,9275.3,1,1,8,1,GOOD
2025-10-18T08:17:00,28.86,7.95,580.7,13.23,365.3,8645.1,1,1,8,1,GOOD
2025-10-18T08:17:02,29.41,8.04,584.5,6.41,347.1,7944.2,1,1,8,1,GOOD
2025-10-18T08:17:04,29.29,8.01,644.0,6.76,353.1,5002.7,1,1,8,1,GOOD
2025-10-18T08:17:06,29.37,8.05,659.9,0.0,433.5,7790.6,1,1,8,1,GOOD
2025-10-18T08:17:08,29.44,7.84,636.8,3.84,325.0,10871.0,1,1,8,1,GOOD
2025-10-18T08:17:10,28.92,8.03,652.2,8.49,356.0,8547.4,1,1,8,1,GOOD
2025-10-18T08:17:12,29.96,7.99,612.1,10.15,394.2,9780.5,1,1,8,1,GOOD
2025-10-18T08:17:14,29.26,7.83,698.0,3.56,362.1,6868.6,1,1,8,1,GOOD
2025-10-18T08:17:16,28.97,8.05,619.3,8.27,414.5,8680.3,1,1,8,1,GOOD
2025-10-18T08:17:18,28.9,8.14,671.4,3.32,373.9,9051.8,1,1,8,1,GOOD
2025-10-18T08:17:20,28.88,8.21,591.0,7.38,343.1,8023.4,1,1,8,1,GOOD
2025-10-18T08:17:22,28.56,7.78,695.7,4.46,310.3,4769.9,1,1,8,1,GOOD
2025-10-18T08:17:24,28.74,7.8,698.5,10.03,322.5,11378.7,1,1,8,1,GOOD
2025-10-18T08:17:26,29.39,7.95,450.0,13.87,294.4,5531.9,1,1,8,1,GOOD
2025-10-18T08:17:28,29.41,8.37,683.1,8.69,373.8,9280.1,1,1,8,1,GOOD
2025-10-18T08:17:30,29.3,8.04,606.3,6.81,319.8,7579.0,1,1,8,1,GOOD
2025-10-18T08:17:32,28.32,7.99,540.7,3.69,357.2,10088.0,1,1,8,1,GOOD
2025-10-18T08:17:34,29.37,7.76,540.6,9.82,310.7,7663.1,1,1,8,1,GOOD
2025-10-18T08:17:36,29.22,7.85,606.3,3.0,325.9,8479.7,1,1,8,1,GOOD
2025-10-18T08:17:38,28.36,8.07,598.8,8.66,359.0,10046.2,1,1,8,1,GOOD
2025-10-18T08:17:40,29.05,7.94,607.3,8.63,352.0,8060.9,1,1,8,1,GOOD
2025-10-18T08:17:42,28.72,7.9,515.8,12.25,300.2,6960.6,1,1,8,1,GOOD
2025-10-18T08:17:44,28.71,8.13,582.3,10.74,323.1,8418.5,1,1,8,1,GOOD
2025-10-18T08:17:46,28.67,8.32,528.7,7.93,375.4,8620.7,1,1,8,1,GOOD
2025-10-18T08:17:48,28.93,7.98,602.6,6.56,388.6,11315.8,1,1,8,1,GOOD
2025-10-18T08:17:50,28.78,7.79,594.7,14.74,317.9,10458.7,1,1,8,1,GOOD
2025-10-18T08:17:52,29.67,7.92,634.1,11.89,334.8,7694.6,1,1,8,1,GOOD
2025-10-18T08:17:54,28.77,7.85,561.0,3.33,351.4,6845.0,1,1,8,1,GOOD
2025-10-18T08:17:56,29.09,7.77,619.9,9.5,270.3,8561.1,1,1,8,1,GOOD
2025-10-18T08:17:58,29.49,7.82,700.4,8.26,321.8,7916.3,1,1,8,1,GOOD
2025-10-18T08:18:00,29.22,8.01,632.3,4.24,356.8,5879.4,1,1,8,1,GOOD
2025-10-18T08:18:02,28.96,7.86,555.9,10.71,393.7,8913.7,1,1,8,1,GOOD
2025-10-18T08:18:04,28.56,7.95,672.8,7.43,442.8,8590.0,1,1,8,1,GOOD
2025-10-18T08:18:06,29.08,7.95,608.0,6.54,378.3,9435.1,1,1,8,1,GOOD
2025-10-18T08:18:08,28.69,7.8,489.8,8.52,305.9,4770.7,1,1,8,1,GOOD
2025-10-18T08:18:10,29.16,8.37,599.6,9.52,353.3,7851.7,1,1,8,1,GOOD
2025-10-18T08:18:12,29.37,7.96,616.0,7.97,323.3,9488.1,1,1,8,1,GOOD
2025-10-18T08:18:14,28.93,7.89,632.2,4.3,351.1,7986.3,1,1,8,1,GOOD
2025-10-18T08:18:16,29.43,8.07,598.5,9.45,405.6,8836.7,1,1,8,1,GOOD
2025-10-18T08:18:18,29.0,7.8,536.1,6.08,325.6,7719.5,1,1,8,1,GOOD
2025-10-18T08:18:20,29.02,8.08,595.8,8.46,352.6,5036.8,1,1,8,1,GOOD
2025-10-18T08:18:22,28.62,7.98,527.4,8.8,411.2,9828.1,1,1,8,1,GOOD
2025-10-18T08:18:24,28.91,8.22,608.9,5.99,325.5,7546.3,1,1,8,1,GOOD
2025-10-18T08:18:26,28.84,8.03,609.6,7.01,367.5,9786.0,1,1,8,1,GOOD
2025-10-18T08:18:28,29.38,7.78,446.8,9.8,295.3,7662.9,1,1,8,1,GOOD
2025-10-18T08:18:30,28.53,7.73,632.5,9.28,326.9,4113.4,1,1,8,1,GOOD
2025-10-18T08:18:32,28.78,8.06,511.3,7.55,349.4,8868.9,1,1,8,1,GOOD
2025-10-18T08:18:34,29.05,7.85,671.8,6.52,348.9,6600.1,1,1,8,1,GOOD
2025-10-18T08:18:36,28.82,7.87,589.6,12.14,295.1,5579.7,1,1,8,1,GOOD
2025-10-18T08:18:38,29.59,7.97,559.9,10.12,325.8,10739.0,1,1,8,1,GOOD
2025-10-18T08:18:40,29.27,7.93,729.4,5.18,379.7,8448.9,1,1,8,1,GOOD
2025-10-18T08:18:42,29.52,8.23,601.9,4.74,368.4,6983.4,1,1,8,1,GOOD
2025-10-18T08:18:44,29.81,8.02,578.1,7.55,296.1,6542.6,1,1,8,1,GOOD
2025-10-18T08:18:46,29.48,7.9,537.2,8.61,397.4,9078.4,1,1,8,1,GOOD
2025-10-18T08:18:48,29.4,7.89,514.7,11.5,337.1,7623.8,1,1,8,1,GOOD
2025-10-18T08:18:50,29.53,8.08,627.4,13.5,324.3,9391.8,1,1,8,1,GOOD
2025-10-18T08:18:52,29.02,8.04,691.7,8.52,371.5,9608.8,1,1,8,1,GOOD
2025-10-18T08:18:54,28.85,7.87,537.3,1.1,432.2,6345.2,1,1,8,1,GOOD
2025-10-18T08:18:56,28.91,7.96,618.4,9.45,384.4,7125.4,1,1,8,1,GOOD
2025-10-18T08:18:58,28.93,8.04,585.1,11.82,369.6,9102.3,1,1,8,1,GOOD
2025-10-18T08:19:00,29.27,8.18,610.9,3.11,366.0,7023.0,1,1,8,1,GOOD
2025-10-18T08:19:02,28.79,8.09,674.3,7.06,362.4,10553.3,1,1,8,1,GOOD
2025-10-18T08:19:04,29.1,8.39,633.9,1.72,380.1,8571.7,1,1,8,1,GOOD
2025-10-18T08:19:06,29.52,8.1,591.7,3.33,341.6,6724.2,1,1,8,1,GOOD
2025-10-18T08:19:08,28.77,8.09,700.2,8.18,302.2,8666.9,1,1,8,1,GOOD
2025-10-18T08:19:10,29.48,7.91,592.0,7.04,318.6,8972.4,1,1,8,1,GOOD
2025-10-18T08:19:12,28.95,8.06,546.8,5.69,378.9,7440.8,1,1,8,1,GOOD
2025-10-18T08:19:14,29.69,7.94,613.5,9.8,293.3,5358.8,1,1,8,1,GOOD
2025-10-18T08:19:16,28.39,8.19,566.9,14.67,327.4,8276.8,1,1,8,1,GOOD
2025-10-18T08:19:18,29.62,8.3,723.7,10.63,391.0,8888.8,1,1,8,1,GOOD
2025-10-18T08:19:20,29.31,7.92,550.9,6.99,343.2,7320.2,1,1,8,1,GOOD
2025-10-18T08:19:22,29.28,8.14,605.3,11.43,304.3,7709.5,1,1,8,1,GOOD
2025-10-18T08:19:24,28.71,7.72,595.0,6.63,410.5,8946.2,1,1,8,1,GOOD
2025-10-18T08:19:26,28.59,8.28,673.3,8.75,340.9,6560.8,1,1,8,1,GOOD
2025-10-18T08:19:28,28.85,8.16,713.1,11.63,330.4,6320.6,1,1,8,1,GOOD
2025-10-18T08:19:30,29.06,7.73,619.4,6.56,331.4,5607.9,1,1,8,1,GOOD
2025-10-18T08:19:32,29.21,7.92,529.8,0.0,348.9,10658.4,1,1,8,1,GOOD
2025-10-18T08:19:34,29.66,7.93,563.9,8.41,310.1,8452.7,1,1,8,1,GOOD
2025-10-18T08:19:36,29.31,8.18,594.0,6.39,314.9,6759.7,1,1,8,1,GOOD
2025-10-18T08:19:38,28.91,8.06,654.8,4.59,409.7,7593.3,1,1,8,1,GOOD
2025-10-18T08:19:40,28.99,7.89,454.5,9.65,379.5,7578.0,1,1,8,1,GOOD
2025-10-18T08:19:42,29.03,8.08,506.2,5.41,381.8,6118.6,1,1,8,1,GOOD
2025-10-18T08:19:44,29.12,7.8,628.0,6.89,285.4,9747.1,1,1,8,1,GOOD
2025-10-18T08:19:46,28.71,7.88,612.0,10.45,309.4,8092.5,1,1,8,1,GOOD
2025-10-18T08:19:48,29.17,8.1,610.6,5.9,316.9,8129.2,1,1,8,1,GOOD
2025-10-18T08:19:50,28.57,7.56,626.2,9.71,255.5,6485.4,1,1,8,1,GOOD
2025-10-18T08:19:52,29.25,8.31,601.2,4.82,342.7,10062.3,1,1,8,1,GOOD
2025-10-18T08:19:54,28.74,7.88,571.0,4.14,354.9,10437.0,1,1,8,1,GOOD
2025-10-18T08:19:56,29.13,7.96,582.5,2.31,385.3,7883.2,1,1,8,1,GOOD
2025-10-18T08:19:58,28.93,8.48,617.9,4.74,332.9,9722.7,1,1,8,1,GOOD
2025-10-18T08:20:00,29.05,7.78,655.2,5.0,424.9,9620.1,1,1,8,1,GOOD
2025-10-18T08:20:02,28.82,8.19,604.1,9.56,369.4,6730.5,1,1,8,1,GOOD
2025-10-18T08:20:04,28.74,8.15,579.9,5.79,311.8,8635.4,1,1,8,1,GOOD
2025-10-18T08:20:06,29.83,7.84,601.5,11.24,346.8,8678.6,1,1,8,1,GOOD
2025-10-18T08:20:08,28.58,8.06,588.8,9.96,397.5,11884.3,1,1,8,1,GOOD
2025-10-18T08:20:10,29.23,8.05,611.7,5.94,363.5,7556.9,1,1,8,1,GOOD
2025-10-18T08:20:12,29.07,8.2,539.6,10.42,402.7,7822.9,1,1,8,1,GOOD
2025-10-18T08:20:14,28.15,7.91,677.8,6.93,310.0,7242.8,1,1,8,1,GOOD
2025-10-18T08:20:16,29.34,8.08,585.7,5.9,334.3,6616.4,1,1,8,1,GOOD
2025-10-18T08:20:18,29.65,7.95,673.0,11.56,389.9,7352.6,1,1,8,1,GOOD
2025-10-18T08:20:20,29.16,8.0,545.8,7.97,302.8,9781.5,1,1,8,1,GOOD
2025-10-18T08:20:22,28.81,8.03,617.0,6.22,373.5,7287.6,1,1,8,1,GOOD
2025-10-18T08:20:24,29.35,7.8,607.6,12.82,310.0,6983.4,1,1,8,1,GOOD
2025-10-18T08:20:26,29.21,8.03,621.0,8.47,375.4,9664.5,1,1,8,1,GOOD
2025-10-18T08:20:28,29.16,7.96,640.4,12.7,344.7,6538.2,1,1,8,1,GOOD
2025-10-18T08:20:30,29.44,7.98,469.6,9.54,328.6,7864.2,1,1,8,1,GOOD
2025-10-18T08:20:32,29.13,8.03,642.6,5.69,370.5,7610.7,1,1,8,1,GOOD
2025-10-18T08:20:34,29.3,8.09,543.9,10.26,328.6,9212.1,1,1,8,1,GOOD
2025-10-18T08:20:36,29.15,8.28,586.6,5.95,349.2,7545.2,1,1,8,1,GOOD
2025-10-18T08:20:38,29.32,7.76,536.8,3.8,388.0,10565.9,1,1,8,1,GOOD
2025-10-18T08:20:40,28.96,7.97,604.2,10.49,312.9,8357.6,1,1,8,1,GOOD
2025-10-18T08:20:42,29.39,8.08,611.4,10.0,241.9,9016.8,1,1,8,1,GOOD
2025-10-18T08:20:44,28.74,7.73,630.7,11.12,344.5,9429.3,1,1,8,1,GOOD
2025-10-18T08:20:46,29.64,8.2,698.4,9.23,353.0,5597.1,1,1,8,1,GOOD
2025-10-18T08:20:48,28.9,7.87,730.3,6.47,354.9,8827.2,1,1,8,1,GOOD
2025-10-18T08:20:50,29.02,8.25,562.6,7.58,320.3,6020.0,1,1,8,1,GOOD
2025-10-18T08:20:52,28.76,7.99,574.2,4.92,293.7,7875.3,1,1,8,1,GOOD
2025-10-18T08:20:54,28.4,8.11,604.9,2.63,337.6,6871.8,1,1,8,1,GOOD
2025-10-18T08:20:56,29.13,8.2,487.5,7.35,343.6,9007.0,1,1,8,1,GOOD
2025-10-18T08:20:58,29.09,7.89,580.9,4.61,393.0,8032.0,1,1,8,1,GOOD
2025-10-18T08:23:00,30.95,8.09,570.4,1.95,238.9,7099.0,0,1,8,1,GOOD
2025-10-18T08:23:02,30.13,8.19,509.3,11.58,298.3,9176.2,0,1,8,1,GOOD
2025-10-18T08:23:04,30.81,8.26,601.2,4.44,223.2,8137.0,0,1,8,1,GOOD
2025-10-18T08:23:06,29.89,7.92,610.8,8.31,309.9,8220.0,0,1,8,1,GOOD
2025-10-18T08:23:08,30.08,8.18,543.7,13.64,315.6,9022.6,0,1,8,1,GOOD
2025-10-18T08:23:10,30.35,8.14,686.7,9.15,292.4,9433.8,0,1,8,1,GOOD
2025-10-18T08:23:12,29.43,8.12,617.7,7.17,314.2,6741.8,0,1,8,1,GOOD
2025-10-18T08:23:14,29.73,8.12,631.2,3.89,377.0,7960.6,0,1,8,1,GOOD
2025-10-18T08:23:16,30.48,8.18,574.8,15.1,266.3,10103.0,0,1,8,1,GOOD
2025-10-18T08:23:18,30.5,7.98,717.5,7.0,333.0,9312.4,0,1,8,1,GOOD
2025-10-18T08:23:20,29.93,8.25,675.5,1.01,378.7,7005.0,0,1,8,1,GOOD
2025-10-18T08:23:22,30.52,8.3,543.6,6.36,270.2,8742.1,0,1,8,1,GOOD
2025-10-18T08:23:24,29.85,8.24,711.7,13.58,294.7,8748.9,0,1,8,1,GOOD
2025-10-18T08:23:26,29.16,7.95,687.5,14.46,264.5,8289.0,0,1,8,1,GOOD
2025-10-18T08:23:28,29.99,8.15,563.3,9.7,298.7,8982.7,0,1,8,1,GOOD
2025-10-18T08:23:30,30.27,8.1,589.5,7.56,316.0,8556.0,0,1,8,1,GOOD
2025-10-18T08:23:32,29.87,8.39,659.3,6.82,351.4,8599.4,0,1,8,1,GOOD
2025-10-18T08:23:34,30.59,8.17,612.5,9.79,249.3,7647.9,0,1,8,1,GOOD
2025-10-18T08:23:36,29.4,8.13,741.3,16.93,348.7,9601.0,0,1,8,1,GOOD
2025-10-18T08:23:38,29.1,8.0,564.9,5.52,312.4,8433.5,0,1,8,1,GOOD
2025-10-18T08:23:40,29.01,8.23,544.9,8.96,413.3,7896.7,0,1,8,1,GOOD
2025-10-18T08:23:42,28.73,8.05,697.1,15.83,264.7,9596.0,0,1,8,1,GOOD
2025-10-18T08:23:44,29.77,8.08,805.1,1.99,331.4,9561.2,0,1,8,1,GOOD
2025-10-18T08:23:46,30.54,8.12,641.6,6.43,332.1,8588.2,0,1,8,1,GOOD
2025-10-18T08:23:48,30.31,8.03,646.4,7.88,370.7,8938.3,0,1,8,1,GOOD
2025-10-18T08:23:50,29.11,8.33,556.6,5.38,293.2,10649.3,0,1,8,1,GOOD
2025-10-18T08:23:52,28.93,8.66,693.9,8.89,317.5,9342.7,0,1,8,1,GOOD
2025-10-18T08:23:54,30.26,8.22,658.9,8.36,311.1,8818.5,0,1,8,1,GOOD
2025-10-18T08:23:56,29.9,8.3,661.5,0.0,349.5,9233.7,0,1,8,1,GOOD
2025-10-18T08:23:58,29.99,8.03,698.7,11.79,285.2,9488.5,0,1,8,1,GOOD
2025-10-18T08:24:00,29.51,7.85,576.1,11.45,362.9,9615.7,0,1,8,1,GOOD
2025-10-18T08:24:02,30.36,8.19,575.1,9.73,356.0,9905.1,0,1,8,1,GOOD
2025-10-18T08:24:04,30.59,8.23,644.6,12.28,318.8,7941.8,0,1,8,1,GOOD
2025-10-18T08:24:06,29.92,7.97,572.7,7.42,284.3,8630.4,0,1,8,1,GOOD
2025-10-18T08:24:08,29.05,8.14,620.1,4.73,349.7,10125.1,0,1,8,1,GOOD
2025-10-18T08:24:10,29.2,7.96,566.2,4.24,357.3,8767.4,0,1,8,1,GOOD
2025-10-18T08:24:12,29.87,7.74,664.5,3.04,322.7,9332.9,0,1,8,1,GOOD
2025-10-18T08:24:14,30.68,7.86,408.6,8.74,401.0,10486.7,0,1,8,1,GOOD
2025-10-18T08:24:16,30.1,8.01,676.5,4.11,341.4,9606.6,0,1,8,1,GOOD
2025-10-18T08:24:18,30.53,8.6,647.5,5.96,318.8,6877.1,0,1,8,1,GOOD
2025-10-18T08:24:20,29.65,8.03,583.3,8.61,283.0,10345.2,0,1,8,1,GOOD
2025-10-18T08:24:22,30.0,8.1,597.0,8.62,357.1,7959.4,0,1,8,1,GOOD
2025-10-18T08:24:24,29.67,8.05,525.8,4.72,298.6,10049.3,0,1,8,1,GOOD
2025-10-18T08:24:26,30.13,8.13,679.6,7.45,337.6,8876.1,0,1,8,1,GOOD
2025-10-18T08:24:28,30.13,8.0,449.3,7.46,384.0,10111.5,0,1,8,1,GOOD
2025-10-18T08:24:30,30.48,8.32,626.2,8.79,292.2,8620.7,0,1,8,1,GOOD
2025-10-18T08:24:32,30.31,8.32,610.2,6.2,320.0,9721.4,0,1,8,1,GOOD
2025-10-18T08:24:34,29.28,7.69,581.5,3.12,297.1,8822.7,0,1,8,1,GOOD
2025-10-18T08:24:36,29.77,8.36,642.9,9.2,348.0,7633.4,0,1,8,1,GOOD
2025-10-18T08:24:38,30.52,8.09,666.9,3.71,250.1,9981.5,0,1,8,1,GOOD
2025-10-18T08:24:40,30.19,7.94,559.1,12.5,266.5,10971.2,0,1,8,1,GOOD
2025-10-18T08:24:42,29.55,8.21,597.0,10.41,295.5,8804.6,0,1,8,1,GOOD
2025-10-18T08:24:44,30.02,7.92,671.9,5.95,309.7,7806.8,0,1,8,1,GOOD
2025-10-18T08:24:46,28.72,8.07,788.9,11.14,319.1,8684.5,0,1,8,1,GOOD
2025-10-18T08:24:48,30.01,8.2,537.3,12.46,352.2,9861.8,0,1,8,1,GOOD
2025-10-18T08:24:50,30.22,8.1,667.1,10.37,304.1,8311.7,0,1,8,1,GOOD
2025-10-18T08:24:52,30.05,8.38,533.3,2.13,327.4,9061.1,0,1,8,1,GOOD
2025-10-18T08:24:54,30.09,8.14,604.4,13.96,248.0,8005.8,0,1,8,1,GOOD
2025-10-18T08:24:56,29.95,7.8,607.7,14.65,320.9,9276.8,0,1,8,1,GOOD
2025-10-18T08:24:58,29.37,7.99,593.7,6.73,377.7,9669.2,0,1,8,1,GOOD
2025-10-18T08:25:00,29.44,8.14,654.9,12.56,391.1,7781.9,0,1,8,1,GOOD
2025-10-18T08:25:02,29.59,7.87,603.6,9.87,364.4,8908.9,0,1,8,1,GOOD
2025-10-18T08:25:04,29.84,8.13,561.5,16.36,247.7,9221.7,0,1,8,1,GOOD
2025-10-18T08:25:06,31.01,8.1,606.7,6.57,311.9,10647.4,0,1,8,1,GOOD
2025-10-18T08:25:08,28.89,8.38,520.3,6.93,300.7,9706.3,0,1,8,1,GOOD
2025-10-18T08:25:10,29.2,8.18,761.7,2.55,328.5,8205.6,0,1,8,1,GOOD
2025-10-18T08:25:12,30.21,8.1,575.1,9.95,401.2,8770.9,0,1,8,1,GOOD
2025-10-18T08:25:14,30.36,7.87,553.0,9.89,386.8,9426.7,0,1,8,1,GOOD
2025-10-18T08:25:16,29.84,8.1,532.5,10.42,359.7,8457.5,0,1,8,1,GOOD
2025-10-18T08:25:18,29.76,8.15,589.4,7.74,414.5,8703.6,0,1,8,1,GOOD
2025-10-18T08:25:20,29.82,7.98,672.1,7.28,290.8,10585.6,0,1,8,1,GOOD
2025-10-18T08:25:22,30.71,7.99,489.3,12.03,289.2,9948.8,0,1,8,1,GOOD
2025-10-18T08:25:24,29.01,8.26,535.2,10.92,320.6,7855.3,0,1,8,1,GOOD
2025-10-18T08:25:26,29.8,8.22,627.4,10.34,408.9,7122.9,0,1,8,1,GOOD
2025-10-18T08:25:28,30.81,8.12,557.1,2.68,311.5,10106.0,0,1,8,1,GOOD
2025-10-18T08:25:30,29.94,8.37,518.4,7.95,263.6,9436.4,0,1,8,1,GOOD
2025-10-18T08:25:32,30.44,8.02,437.7,8.8,339.7,9485.2,0,1,8,1,GOOD
2025-10-18T08:25:34,30.62,7.91,667.6,12.77,240.0,9383.6,0,1,8,1,GOOD
2025-10-18T08:25:36,29.75,8.09,644.3,6.05,289.6,9041.0,0,1,8,1,GOOD
2025-10-18T08:25:38,29.46,7.9,667.6,3.4,350.0,9555.1,0,1,8,1,GOOD
2025-10-18T08:25:40,29.14,7.98,703.6,4.08,299.1,9554.5,0,1,8,1,GOOD
2025-10-18T08:25:42,30.39,8.05,578.2,13.69,398.3,10174.6,0,1,8,1,GOOD
2025-10-18T08:25:44,30.04,7.95,561.9,10.09,338.8,10681.9,0,1,8,1,GOOD
2025-10-18T08:25:46,30.33,7.83,693.6,4.01,302.7,9300.2,0,1,8,1,GOOD
2025-10-18T08:25:48,31.0,8.66,662.5,7.27,344.1,10065.2,0,1,8,1,GOOD
2025-10-18T08:25:50,29.84,8.42,636.1,9.99,350.0,9505.9,0,1,8,1,GOOD
2025-10-18T08:25:52,30.42,7.99,580.9,3.6,339.8,9934.7,0,1,8,1,GOOD
2025-10-18T08:25:54,30.23,8.4,619.6,10.67,270.9,8535.5,0,1,8,1,GOOD
2025-10-18T08:25:56,30.35,8.25,599.4,7.71,251.7,8571.6,0,1,8,1,GOOD
2025-10-18T08:25:58,30.45,8.2,655.0,8.2,320.3,8207.6,0,1,8,1,GOOD
2025-10-18T08:26:00,30.35,8.18,654.4,5.9,223.1,10316.6,0,1,8,1,GOOD
2025-10-18T08:26:02,29.76,7.94,668.5,6.43,367.7,9740.4,0,1,8,1,GOOD
2025-10-18T08:26:04,30.34,7.85,704.8,9.05,303.4,9172.1,0,1,8,1,GOOD
2025-10-18T08:26:06,29.11,8.17,547.9,2.59,251.5,10335.2,0,1,8,1,GOOD
2025-10-18T08:26:08,29.69,8.38,582.5,1.17,269.8,10483.0,0,1,8,1,GOOD
2025-10-18T08:26:10,29.92,8.0,631.2,10.01,370.3,10738.2,0,1,8,1,GOOD
2025-10-18T08:26:12,29.82,7.86,591.1,9.04,276.6,7851.4,0,1,8,1,GOOD
2025-10-18T08:26:14,30.17,8.09,622.3,4.97,309.6,7890.9,0,1,8,1,GOOD
2025-10-18T08:26:16,30.45,8.29,490.8,4.28,252.7,8220.0,0,1,8,1,GOOD
2025-10-18T08:26:18,29.96,7.84,555.5,3.98,329.3,9083.2,0,1,8,1,GOOD
2025-10-18T08:26:20,29.64,8.13,581.7,6.91,395.3,10608.6,0,1,8,1,GOOD
2025-10-18T08:26:22,29.35,8.25,676.8,3.41,356.8,10845.5,0,1,8,1,GOOD
2025-10-18T08:26:24,29.44,7.93,691.2,9.09,344.8,9408.7,0,1,8,1,GOOD
2025-10-18T08:26:26,30.2,7.86,693.3,12.68,309.7,8947.8,0,1,8,1,GOOD
2025-10-18T08:26:28,29.23,8.19,660.0,7.75,370.6,8599.1,0,1,8,1,GOOD
2025-10-18T08:26:30,30.28,7.92,618.4,7.3,330.1,8556.6,0,1,8,1,GOOD
2025-10-18T08:26:32,29.93,8.25,589.4,1.57,398.7,10657.7,0,1,8,1,GOOD
2025-10-18T08:26:34,29.35,8.22,584.8,9.05,333.2,8718.7,0,1,8,1,GOOD
2025-10-18T08:26:36,29.61,7.98,555.9,4.67,317.0,8141.1,0,1,8,1,GOOD
2025-10-18T08:26:38,30.34,8.37,579.4,8.96,342.5,9566.4,0,1,8,1,GOOD
2025-10-18T08:26:40,30.04,8.23,653.8,3.05,359.1,10064.7,0,1,8,1,GOOD
2025-10-18T08:26:42,29.62,8.11,667.8,7.16,368.3,11836.6,0,1,8,1,GOOD
2025-10-18T08:26:44,29.61,7.85,641.3,10.89,309.6,10743.9,0,1,8,1,GOOD
2025-10-18T08:26:46,29.33,8.22,577.6,14.88,409.7,8080.0,0,1,8,1,GOOD
2025-10-18T08:26:48,29.73,8.25,592.9,7.82,321.1,6696.4,0,1,8,1,GOOD
2025-10-18T08:26:50,29.99,7.98,585.5,13.77,263.5,9975.8,0,1,8,1,GOOD
2025-10-18T08:26:52,29.86,8.05,675.3,9.36,345.7,10161.8,0,1,8,1,GOOD
2025-10-18T08:26:54,29.83,7.99,544.0,4.7,452.7,10493.6,0,1,8,1,GOOD
2025-10-18T08:26:56,29.32,7.86,653.7,10.19,344.7,8694.1,0,1,8,1,GOOD
2025-10-18T08:26:58,29.94,8.16,626.0,0.0,309.7,7978.3,0,1,8,1,GOOD
2025-10-18T08:27:00,30.09,8.64,645.7,6.75,361.5,9579.2,0,1,8,1,GOOD
2025-10-18T08:27:02,30.21,8.21,764.0,3.48,341.3,7888.3,0,1,8,1,GOOD
2025-10-18T08:27:04,30.28,7.93,590.8,6.82,363.9,10102.1,0,1,8,1,GOOD
2025-10-18T08:27:06,29.38,8.11,570.3,2.97,310.2,8629.8,0,1,8,1,GOOD
2025-10-18T08:27:08,31.21,8.18,523.6,5.74,366.0,11506.1,0,1,8,1,GOOD
2025-10-18T08:27:10,29.21,7.76,751.0,9.56,280.9,9641.6,0,1,8,1,GOOD
2025-10-18T08:27:12,28.68,8.1,642.9,11.7,274.4,9102.8,0,1,8,1,GOOD
2025-10-18T08:27:14,29.54,8.15,557.3,6.37,275.2,9781.4,0,1,8,1,GOOD
2025-10-18T08:27:16,30.43,8.06,622.7,2.21,306.5,8939.8,0,1,8,1,GOOD
2025-10-18T08:27:18,31.31,7.9,722.5,11.99,332.6,11110.3,0,1,8,1,GOOD
2025-10-18T08:27:20,30.19,8.17,616.3,12.89,369.3,8249.2,0,1,8,1,GOOD
2025-10-18T08:27:22,29.34,8.06,564.0,7.75,375.7,8451.2,0,1,8,1,GOOD
2025-10-18T08:27:24,29.98,8.11,679.4,0.0,292.7,9253.5,0,1,8,1,GOOD
2025-10-18T08:27:26,30.6,8.01,488.6,10.48,291.4,7572.4,0,1,8,1,GOOD
2025-10-18T08:27:28,29.69,8.07,577.7,0.0,360.4,10529.9,0,1,8,1,GOOD
2025-10-18T08:27:30,30.33,7.9,605.9,7.97,346.9,9802.0,0,1,8,1,GOOD
2025-10-18T08:27:32,29.63,8.11,652.0,13.82,351.7,9946.9,0,1,8,1,GOOD
2025-10-18T08:27:34,30.04,8.35,648.7,4.56,383.2,9837.5,0,1,8,1,GOOD
2025-10-18T08:27:36,29.78,8.01,640.8,9.85,328.9,9373.6,0,1,8,1,GOOD
2025-10-18T08:27:38,30.85,8.29,633.3,11.77,273.5,9477.5,0,1,8,1,GOOD
2025-10-18T08:27:40,30.9,8.06,560.7,5.39,271.0,8058.3,0,1,8,1,GOOD
2025-10-18T08:27:42,29.81,7.85,621.1,11.61,279.2,10823.1,0,1,8,1,GOOD
2025-10-18T08:27:44,30.26,8.29,574.0,11.42,270.9,10068.3,0,1,8,1,GOOD
2025-10-18T08:27:46,30.09,8.2,537.7,4.42,346.9,7862.0,0,1,8,1,GOOD
2025-10-18T08:27:48,30.23,7.85,679.4,3.07,344.9,9750.8,0,1,8,1,GOOD
2025-10-18T08:27:50,29.65,8.2,638.2,5.84,274.6,6644.8,0,1,8,1,GOOD
2025-10-18T08:27:52,30.17,7.82,626.7,6.95,350.6,8637.5,0,1,8,1,GOOD
2025-10-18T08:27:54,29.84,8.23,643.5,9.26,341.1,7157.3,0,1,8,1,GOOD
2025-10-18T08:27:56,30.38,8.21,548.8,7.02,318.2,8838.6,0,1,8,1,GOOD
2025-10-18T08:27:58,30.17,8.36,695.7,2.75,348.0,10594.7,0,1,8,1,GOOD
2025-10-18T08:28:00,30.19,8.3,760.9,12.09,331.2,10254.1,0,1,8,1,GOOD
2025-10-18T08:28:02,30.07,8.1,595.4,14.25,283.2,10838.8,0,1,8,1,GOOD
2025-10-18T08:28:04,30.25,7.85,645.7,0.0,348.1,10062.3,0,1,8,1,GOOD
2025-10-18T08:28:06,29.7,8.12,756.8,5.98,272.3,10778.0,0,1,8,1,GOOD
2025-10-18T08:28:08,30.98,8.1,690.8,13.37,286.6,8417.6,0,1,8,1,GOOD
2025-10-18T08:28:10,30.62,8.4,659.4,4.48,409.4,8362.8,0,1,8,1,GOOD
2025-10-18T08:28:12,29.83,8.16,728.8,11.42,338.7,9555.9,0,1,8,1,GOOD
2025-10-18T08:28:14,30.02,8.2,442.9,6.81,330.9,7618.8,0,1,8,1,GOOD
2025-10-18T08:28:16,30.19,8.06,742.9,14.29,299.0,8819.0,0,1,8,1,GOOD
2025-10-18T08:28:18,29.96,8.02,633.7,4.97,269.1,9747.3,0,1,8,1,GOOD
2025-10-18T08:28:20,30.31,7.96,682.7,5.47,331.4,9984.4,0,1,8,1,GOOD
2025-10-18T08:28:22,29.98,8.18,583.8,7.21,310.7,8104.1,0,1,8,1,GOOD
2025-10-18T08:28:24,29.91,7.82,585.6,6.86,308.5,8710.2,0,1,8,1,GOOD
2025-10-18T08:28:26,29.97,8.19,681.2,5.4,265.9,7749.5,0,1,8,1,GOOD
2025-10-18T08:28:28,29.76,8.04,566.1,2.82,299.5,9217.7,0,1,8,1,GOOD
2025-10-18T08:28:30,30.3,8.0,591.1,4.29,318.6,7981.9,0,1,8,1,GOOD
2025-10-18T08:28:32,30.29,7.78,594.8,9.2,328.3,12231.6,0,1,8,1,GOOD
2025-10-18T08:28:34,30.17,7.92,613.3,0.9,316.4,8000.3,0,1,8,1,GOOD
2025-10-18T08:28:36,30.46,8.0,611.8,5.46,398.2,8614.5,0,1,8,1,GOOD
2025-10-18T08:28:38,30.92,8.25,653.7,9.47,337.7,6686.8,0,1,8,1,GOOD
2025-10-18T08:28:40,29.86,8.25,616.6,2.38,317.6,11044.9,0,1,8,1,GOOD
2025-10-18T08:28:42,30.62,8.09,686.6,6.53,243.3,7890.6,0,1,8,1,GOOD
2025-10-18T08:28:44,30.78,8.05,603.0,6.8,405.7,10951.2,0,1,8,1,GOOD
2025-10-18T08:28:46,31.11,8.07,640.7,1.93,386.5,7598.7,0,1,8,1,GOOD
2025-10-18T08:28:48,30.11,7.9,578.8,4.65,292.6,8353.1,0,1,8,1,GOOD
2025-10-18T08:28:50,29.73,8.25,542.7,8.88,374.8,8384.2,0,1,8,1,GOOD
2025-10-18T08:28:52,29.64,8.06,702.6,8.78,296.1,9580.7,0,1,8,1,GOOD
2025-10-18T08:28:54,29.45,8.22,648.6,6.77,282.3,7936.0,0,1,8,1,GOOD
2025-10-18T08:28:56,30.27,8.32,575.4,9.83,226.1,8298.5,0,1,8,1,GOOD
2025-10-18T08:28:58,29.98,7.94,554.4,5.33,333.1,8775.2,0,1,8,1,GOOD
2025-10-18T08:29:00,28.88,7.72,577.5,9.83,196.4,8400.3,0,1,8,1,GOOD
2025-10-18T08:29:02,29.74,8.35,593.0,9.53,326.4,6443.3,0,1,8,1,GOOD
2025-10-18T08:29:04,30.38,8.14,655.6,23.7,226.2,11069.6,0,1,8,1,GOOD
2025-10-18T08:29:06,29.86,8.15,616.8,6.3,294.4,9395.4,0,1,8,1,GOOD
2025-10-18T08:29:08,29.24,8.24,590.9,3.48,299.7,10508.6,0,1,8,1,GOOD
2025-10-18T08:29:10,29.73,8.16,568.8,11.03,350.8,11218.3,0,1,8,1,GOOD
2025-10-18T08:29:12,29.91,8.22,626.9,13.18,287.7,9894.0,0,1,8,1,GOOD
2025-10-18T08:29:14,29.9,8.09,626.4,9.01,314.8,9257.7,0,1,8,1,GOOD
2025-10-18T08:29:16,30.79,8.28,680.8,6.18,280.0,10146.4,0,1,8,1,GOOD
2025-10-18T08:29:18,30.44,8.37,577.7,7.08,246.2,8529.0,0,1,8,1,GOOD
2025-10-18T08:29:20,30.5,8.02,664.8,7.24,334.6,7622.8,0,1,8,1,GOOD
2025-10-18T08:29:22,30.04,7.56,606.9,1.48,374.3,9932.9,0,1,8,1,GOOD
2025-10-18T08:29:24,30.23,8.37,553.6,14.99,361.9,8716.1,0,1,8,1,GOOD
2025-10-18T08:29:26,30.57,7.9,562.3,5.57,296.2,7732.1,0,1,8,1,GOOD
2025-10-18T08:29:28,30.61,8.05,644.7,5.72,238.1,9324.1,0,1,8,1,GOOD
2025-10-18T08:29:30,29.04,8.09,524.2,15.95,361.0,9126.9,0,1,8,1,GOOD
2025-10-18T08:29:32,30.63,7.95,658.0,8.8,331.9,10526.8,0,1,8,1,GOOD
2025-10-18T08:29:34,30.37,8.15,504.2,4.16,314.5,9112.0,0,1,8,1,GOOD
2025-10-18T08:29:36,29.43,8.53,726.1,10.41,323.2,8745.3,0,1,8,1,GOOD
2025-10-18T08:29:38,29.52,8.11,638.0,3.03,335.0,8813.7,0,1,8,1,GOOD
2025-10-18T08:29:40,29.05,7.95,591.0,15.55,345.0,7397.4,0,1,8,1,GOOD
2025-10-18T08:29:42,30.24,7.82,695.8,6.12,315.8,10591.0,0,1,8,1,GOOD
2025-10-18T08:29:44,29.36,7.85,579.1,12.15,251.6,5601.4,0,1,8,1,GOOD
2025-10-18T08:29:46,29.77,8.2,704.0,6.15,301.5,10384.7,0,1,8,1,GOOD
2025-10-18T08:29:48,29.07,8.03,633.3,9.8,297.1,9041.3,0,1,8,1,GOOD
2025-10-18T08:29:50,28.76,7.98,651.7,4.07,322.7,9536.2,0,1,8,1,GOOD
2025-10-18T08:29:52,29.83,8.13,552.6,7.17,347.5,9188.4,0,1,8,1,GOOD
2025-10-18T08:29:54,29.71,8.14,670.0,0.0,372.2,8596.5,0,1,8,1,GOOD
2025-10-18T08:29:56,30.21,8.32,524.0,5.16,307.0,8059.5,0,1,8,1,GOOD
2025-10-18T08:29:58,30.87,7.95,581.1,8.82,265.9,8525.2,0,1,8,1,GOOD
2025-10-18T08:30:00,30.16,8.04,613.5,5.88,251.8,9385.9,0,1,8,1,GOOD
2025-10-18T08:30:02,30.88,8.1,635.8,10.77,262.9,11043.0,0,1,8,1,GOOD
2025-10-18T08:30:04,30.1,8.39,568.7,15.27,354.9,9663.6,0,1,8,1,GOOD
2025-10-18T08:30:06,30.12,8.06,704.0,8.56,231.5,7659.4,0,1,8,1,GOOD
2025-10-18T08:30:08,29.91,8.16,616.0,12.88,232.2,9172.3,0,1,8,1,GOOD
2025-10-18T08:30:10,29.09,8.24,613.4,9.68,281.1,10535.4,0,1,8,1,GOOD
2025-10-18T08:30:12,30.52,8.21,610.9,10.32,288.2,10026.7,0,1,8,1,GOOD
2025-10-18T08:30:14,30.82,8.29,568.9,9.45,261.8,9686.9,0,1,8,1,GOOD
2025-10-18T08:30:16,30.23,7.76,538.7,6.87,306.5,7548.6,0,1,8,1,GOOD
2025-10-18T08:30:18,30.19,8.15,606.4,4.98,367.2,10986.5,0,1,8,1,GOOD
2025-10-18T08:30:20,29.76,7.99,654.4,6.57,313.7,9887.6,0,1,8,1,GOOD
2025-10-18T08:30:22,29.05,8.34,625.1,6.35,316.0,8954.9,0,1,8,1,GOOD
2025-10-18T08:30:24,29.13,8.37,622.9,9.77,362.8,7774.6,0,1,8,1,GOOD
2025-10-18T08:30:26,30.24,8.05,679.3,0.0,315.5,8276.6,0,1,8,1,GOOD
2025-10-18T08:30:28,30.22,8.18,570.5,5.15,315.0,7924.0,0,1,8,1,GOOD
2025-10-18T08:30:30,30.42,8.03,416.5,6.5,273.3,7042.5,0,1,8,1,GOOD
2025-10-18T08:30:32,29.38,8.12,713.0,9.25,292.7,9547.1,0,1,8,1,GOOD
2025-10-18T08:30:34,29.77,7.97,539.2,0.99,302.5,9189.7,0,1,8,1,GOOD
2025-10-18T08:30:36,29.95,8.03,553.8,10.43,260.7,9931.2,0,1,8,1,GOOD
2025-10-18T08:30:38,29.5,7.96,517.3,5.99,363.9,9618.8,0,1,8,1,GOOD
2025-10-18T08:30:40,30.49,8.19,542.7,6.68,284.9,10596.7,0,1,8,1,GOOD
2025-10-18T08:30:42,29.4,8.26,682.5,15.32,301.6,9854.8,0,1,8,1,GOOD
2025-10-18T08:30:44,31.14,7.99,512.5,0.48,352.1,6740.2,0,1,8,1,GOOD
2025-10-18T08:30:46,29.81,8.18,633.0,9.7,330.0,10534.6,0,1,8,1,GOOD
2025-10-18T08:30:48,29.52,7.98,565.9,11.32,360.5,9541.5,0,1,8,1,GOOD
2025-10-18T08:30:50,30.59,7.89,736.7,14.09,353.1,11138.2,0,1,8,1,GOOD
2025-10-18T08:30:52,29.17,8.01,568.5,10.89,272.7,9909.0,0,1,8,1,GOOD
2025-10-18T08:30:54,30.69,8.23,639.9,4.05,281.9,10499.5,0,1,8,1,GOOD
2025-10-18T08:30:56,30.39,8.09,590.7,0.0,271.8,11293.7,0,1,8,1,GOOD
2025-10-18T08:30:58,29.36,8.13,690.5,2.98,328.3,10125.5,0,1,8,1,GOOD
2025-10-18T22:00:00,28.01,8.47,479.9,12.18,293.1,6.5,1,1,22,0,GOOD
2025-10-18T22:00:02,28.22,7.75,593.7,3.43,324.1,5.6,1,1,22,0,GOOD
2025-10-18T22:00:04,28.32,8.11,602.1,9.44,264.8,3.6,1,1,22,0,GOOD
2025-10-18T22:00:06,28.59,8.19,565.7,9.14,263.8,7.3,1,1,22,0,GOOD
2025-10-18T22:00:08,28.33,8.29,527.3,7.87,309.3,6.3,1,1,22,0,GOOD
2025-10-18T22:00:10,27.89,7.73,632.9,11.16,263.3,7.7,1,1,22,0,GOOD
2025-10-18T22:00:12,28.59,7.93,584.8,10.66,265.5,5.1,1,1,22,0,GOOD
2025-10-18T22:00:14,26.92,8.08,486.3,13.51,286.8,4.6,1,1,22,0,GOOD
2025-10-18T22:00:16,27.69,7.84,665.1,1.54,351.1,5.7,1,1,22,0,GOOD
2025-10-18T22:00:18,27.4,7.68,680.6,6.16,253.9,7.3,1,1,22,0,GOOD
2025-10-18T22:00:20,28.17,7.71,593.0,5.92,344.0,7.1,1,1,22,0,GOOD
2025-10-18T22:00:22,28.27,7.97,685.7,9.0,252.7,5.9,1,1,22,0,GOOD
2025-10-18T22:00:24,29.04,7.7,558.3,10.25,297.8,3.0,1,1,22,0,GOOD
2025-10-18T22:00:26,28.56,8.36,591.8,6.29,238.0,5.5,1,1,22,0,GOOD
2025-10-18T22:00:28,28.55,8.0,579.9,7.23,256.3,6.7,1,1,22,0,GOOD
2025-10-18T22:00:30,28.46,7.59,675.4,10.72,356.0,2.3,1,1,22,0,GOOD
2025-10-18T22:00:32,27.32,7.87,610.2,14.39,328.2,4.5,1,1,22,0,GOOD
2025-10-18T22:00:34,27.49,8.15,522.1,13.89,288.6,8.2,1,1,22,0,GOOD
2025-10-18T22:00:36,28.34,7.87,548.8,7.98,317.1,5.2,1,1,22,0,GOOD
2025-10-18T22:00:38,27.7,7.87,584.7,2.61,318.3,3.0,1,1,22,0,GOOD
2025-10-18T22:00:40,27.42,7.56,472.4,4.93,271.6,8.9,1,1,22,0,GOOD
2025-10-18T22:00:42,27.74,7.94,604.0,9.39,296.9,2.6,1,1,22,0,GOOD
2025-10-18T22:00:44,28.73,8.26,479.0,5.93,288.8,3.1,1,1,22,0,GOOD
2025-10-18T22:00:46,28.25,7.75,709.9,12.57,308.5,7.1,1,1,22,0,GOOD
2025-10-18T22:00:48,28.55,7.79,531.0,9.23,334.5,5.3,1,1,22,0,GOOD
2025-10-18T22:00:50,27.21,7.74,575.6,8.77,378.9,2.2,1,1,22,0,GOOD
2025-10-18T22:00:52,28.25,8.2,716.3,7.79,319.7,6.1,1,1,22,0,GOOD
2025-10-18T22:00:54,28.1,7.88,606.2,1.4,327.3,5.3,1,1,22,0,GOOD
2025-10-18T22:00:56,27.89,8.31,539.5,7.79,379.7,3.3,1,1,22,0,GOOD
2025-10-18T22:00:58,27.72,7.87,630.4,9.62,248.3,3.9,1,1,22,0,GOOD
2025-10-18T22:01:00,27.7,7.88,605.6,10.25,229.0,7.1,1,1,22,0,GOOD
2025-10-18T22:01:02,28.13,8.18,606.7,12.3,318.7,7.7,1,1,22,0,GOOD
2025-10-18T22:01:04,28.26,7.88,716.3,11.67,322.9,2.4,1,1,22,0,GOOD
2025-10-18T22:01:06,27.36,7.96,588.7,7.16,305.6,8.2,1,1,22,0,GOOD
2025-10-18T22:01:08,28.35,7.67,573.3,6.59,284.5,4.2,1,1,22,0,GOOD
2025-10-18T22:01:10,27.76,7.65,572.3,7.32,182.8,9.1,1,1,22,0,GOOD
2025-10-18T22:01:12,28.54,7.82,581.1,5.49,367.8,8.8,1,1,22,0,GOOD
2025-10-18T22:01:14,28.08,8.1,590.5,4.99,283.5,5.3,1,1,22,0,GOOD
2025-10-18T22:01:16,27.77,7.86,574.5,8.76,302.1,2.9,1,1,22,0,GOOD
2025-10-18T22:01:18,27.64,7.64,638.7,2.68,346.1,7.8,1,1,22,0,GOOD
2025-10-18T22:01:20,27.85,7.38,558.3,8.81,259.6,4.0,1,1,22,0,GOOD
2025-10-18T22:01:22,28.77,8.03,524.5,4.21,286.9,4.6,1,1,22,0,GOOD
2025-10-18T22:01:24,28.25,7.79,610.7,14.81,332.6,4.9,1,1,22,0,GOOD
2025-10-18T22:01:26,27.91,7.83,650.8,7.12,301.8,5.1,1,1,22,0,GOOD
2025-10-18T22:01:28,27.75,7.63,599.4,8.82,320.0,3.9,1,1,22,0,GOOD
2025-10-18T22:01:30,28.61,7.72,682.7,3.76,317.4,6.0,1,1,22,0,GOOD
2025-10-18T22:01:32,27.6,7.98,656.8,2.35,320.1,0.0,1,1,22,0,GOOD
2025-10-18T22:01:34,27.52,8.23,545.1,5.48,292.1,9.1,1,1,22,0,GOOD
2025-10-18T22:01:36,27.08,7.69,669.8,14.57,295.9,2.5,1,1,22,0,GOOD
2025-10-18T22:01:38,29.05,8.22,620.7,6.56,298.0,4.7,1,1,22,0,GOOD
2025-10-18T22:01:40,28.17,8.19,632.8,5.77,355.1,5.6,1,1,22,0,GOOD
2025-10-18T22:01:42,28.34,8.19,513.3,8.89,278.7,1.9,1,1,22,0,GOOD
2025-10-18T22:01:44,28.17,8.4,469.6,8.9,325.6,5.2,1,1,22,0,GOOD
2025-10-18T22:01:46,27.94,7.64,594.0,6.73,212.4,7.4,1,1,22,0,GOOD
2025-10-18T22:01:48,28.48,7.91,593.7,12.22,309.0,6.8,1,1,22,0,GOOD
2025-10-18T22:01:50,27.85,8.16,599.2,9.58,249.2,5.6,1,1,22,0,GOOD
2025-10-18T22:01:52,27.58,7.77,531.1,5.8,385.0,7.7,1,1,22,0,GOOD
2025-10-18T22:01:54,28.96,7.66,584.3,5.12,272.2,3.2,1,1,22,0,GOOD
2025-10-18T22:01:56,28.62,7.82,644.1,10.81,392.1,2.0,1,1,22,0,GOOD
2025-10-18T22:01:58,28.63,8.13,521.6,12.02,313.4,4.5,1,1,22,0,GOOD
2025-10-18T22:02:00,27.59,7.76,703.0,9.0,331.3,3.4,1,1,22,0,GOOD
2025-10-18T22:02:02,27.61,8.12,499.0,7.75,301.4,5.2,1,1,22,0,GOOD
2025-10-18T22:02:04,27.91,7.98,621.6,11.2,260.6,4.4,1,1,22,0,GOOD
2025-10-18T22:02:06,28.6,8.08,497.6,10.05,220.9,5.1,1,1,22,0,GOOD
2025-10-18T22:02:08,28.95,7.71,529.9,11.29,238.3,3.7,1,1,22,0,GOOD
2025-10-18T22:02:10,28.3,7.77,565.8,11.23,316.9,5.5,1,1,22,0,GOOD
2025-10-18T22:02:12,27.83,7.97,572.6,10.37,280.1,4.6,1,1,22,0,GOOD
2025-10-18T22:02:14,27.51,7.89,531.3,5.66,310.3,5.4,1,1,22,0,GOOD
2025-10-18T22:02:16,28.39,7.81,604.5,10.65,317.8,3.3,1,1,22,0,GOOD
2025-10-18T22:02:18,28.07,7.97,580.4,2.74,306.4,9.4,1,1,22,0,GOOD
2025-10-18T22:02:20,27.82,7.75,602.4,9.94,347.7,2.5,1,1,22,0,GOOD
2025-10-18T22:02:22,28.37,8.02,571.5,10.02,341.2,6.7,1,1,22,0,GOOD
2025-10-18T22:02:24,27.43,8.06,576.1,9.22,302.9,4.7,1,1,22,0,GOOD
2025-10-18T22:02:26,28.6,7.88,512.8,7.82,307.1,7.5,1,1,22,0,GOOD
2025-10-18T22:02:28,28.3,7.73,729.1,9.79,351.0,4.7,1,1,22,0,GOOD
2025-10-18T22:02:30,28.27,8.07,653.1,12.17,334.9,4.4,1,1,22,0,GOOD
2025-10-18T22:02:32,27.71,7.97,636.0,8.33,342.6,7.9,1,1,22,0,GOOD
2025-10-18T22:02:34,27.54,7.73,571.6,9.92,279.0,7.7,1,1,22,0,GOOD
2025-10-18T22:02:36,28.21,7.91,493.8,5.05,311.2,0.7,1,1,22,0,GOOD
2025-10-18T22:02:38,28.51,7.87,774.6,15.92,292.7,4.8,1,1,22,0,GOOD
2025-10-18T22:02:40,28.5,8.24,481.7,3.64,275.1,6.2,1,1,22,0,GOOD
2025-10-18T22:02:42,28.25,8.11,508.0,2.05,334.3,3.3,1,1,22,0,GOOD
2025-10-18T22:02:44,26.99,7.93,627.6,8.63,281.7,4.7,1,1,22,0,GOOD
2025-10-18T22:02:46,27.81,7.63,537.1,10.56,312.9,5.3,1,1,22,0,GOOD
2025-10-18T22:02:48,27.5,7.86,449.4,9.54,357.2,2.1,1,1,22,0,GOOD
2025-10-18T22:02:50,27.71,7.97,655.2,7.66,272.3,1.1,1,1,22,0,GOOD
2025-10-18T22:02:52,28.05,8.31,596.6,8.93,312.9,5.0,1,1,22,0,GOOD
2025-10-18T22:02:54,27.59,8.06,593.5,9.05,261.0,7.6,1,1,22,0,GOOD
2025-10-18T22:02:56,28.33,7.79,640.1,7.51,268.7,3.5,1,1,22,0,GOOD
2025-10-18T22:02:58,27.11,7.99,470.1,5.31,217.0,4.8,1,1,22,0,GOOD
2025-10-18T22:03:00,27.92,7.83,517.4,5.48,318.6,3.9,1,1,22,0,GOOD
2025-10-18T22:03:02,28.16,7.72,590.9,12.91,323.4,4.2,1,1,22,0,GOOD
2025-10-18T22:03:04,28.13,7.85,580.5,8.02,293.4,5.4,1,1,22,0,GOOD
2025-10-18T22:03:06,27.5,7.7,496.7,4.2,251.3,5.3,1,1,22,0,GOOD
2025-10-18T22:03:08,27.55,8.0,582.1,3.09,326.2,6.6,1,1,22,0,GOOD
2025-10-18T22:03:10,27.5,7.98,528.6,9.29,249.4,1.4,1,1,22,0,GOOD
2025-10-18T22:03:12,27.81,7.88,556.1,5.45,284.0,5.5,1,1,22,0,GOOD
2025-10-18T22:03:14,27.98,7.94,539.8,12.52,253.0,6.0,1,1,22,0,GOOD
2025-10-18T22:03:16,28.59,8.0,567.8,7.42,341.4,2.2,1,1,22,0,GOOD
2025-10-18T22:03:18,27.51,7.82,654.3,10.14,261.3,4.4,1,1,22,0,GOOD
2025-10-18T22:03:20,27.69,7.76,638.7,4.88,364.4,6.7,1,1,22,0,GOOD
2025-10-18T22:03:22,28.55,7.81,571.0,4.7,279.0,6.0,1,1,22,0,GOOD
2025-10-18T22:03:24,28.65,7.68,558.1,8.55,244.2,6.2,1,1,22,0,GOOD
2025-10-18T22:03:26,27.64,7.86,552.9,6.63,299.7,4.6,1,1,22,0,GOOD
2025-10-18T22:03:28,27.81,7.75,599.2,13.96,305.6,7.0,1,1,22,0,GOOD
2025-10-18T22:03:30,27.3,7.93,514.2,4.57,270.4,7.4,1,1,22,0,GOOD
2025-10-18T22:03:32,28.48,7.95,488.0,8.41,312.1,5.4,1,1,22,0,GOOD
2025-10-18T22:03:34,27.08,7.72,576.2,10.61,212.2,4.7,1,1,22,0,GOOD
2025-10-18T22:03:36,28.07,8.07,621.6,10.75,268.0,1.2,1,1,22,0,GOOD
2025-10-18T22:03:38,27.8,8.1,663.6,11.13,317.2,5.8,1,1,22,0,GOOD
2025-10-18T22:03:40,27.72,7.87,680.1,6.17,364.6,4.4,1,1,22,0,GOOD
2025-10-18T22:03:42,28.66,7.62,615.2,6.79,243.4,5.4,1,1,22,0,GOOD
2025-10-18T22:03:44,28.5,7.73,490.1,8.72,296.5,6.1,1,1,22,0,GOOD
2025-10-18T22:03:46,28.47,7.89,691.3,9.67,286.1,1.8,1,1,22,0,GOOD
2025-10-18T22:03:48,27.87,7.83,637.6,10.39,252.8,5.3,1,1,22,0,GOOD
2025-10-18T22:03:50,28.34,8.21,633.3,11.28,302.4,5.8,1,1,22,0,GOOD
2025-10-18T22:03:52,28.62,7.63,559.0,6.68,315.2,7.5,1,1,22,0,GOOD
2025-10-18T22:03:54,27.7,7.42,555.3,11.74,321.5,5.9,1,1,22,0,GOOD
2025-10-18T22:03:56,27.86,7.64,610.9,6.5,387.4,6.1,1,1,22,0,GOOD
2025-10-18T22:03:58,27.71,7.78,574.4,8.28,344.7,5.4,1,1,22,0,GOOD
2025-10-18T22:04:00,27.63,8.28,583.0,11.31,275.7,5.7,1,1,22,0,GOOD
2025-10-18T22:04:02,28.16,7.52,700.9,12.87,284.1,2.8,1,1,22,0,GOOD
2025-10-18T22:04:04,28.17,7.92,601.3,9.57,320.2,7.9,1,1,22,0,GOOD
2025-10-18T22:04:06,28.28,7.69,661.8,13.92,426.1,2.8,1,1,22,0,GOOD
2025-10-18T22:04:08,28.12,7.48,613.2,7.36,376.9,3.5,1,1,22,0,GOOD
2025-10-18T22:04:10,27.16,7.81,461.5,11.25,217.4,5.1,1,1,22,0,GOOD
2025-10-18T22:04:12,26.96,7.84,678.6,10.08,265.5,4.9,1,1,22,0,GOOD
2025-10-18T22:04:14,28.01,7.99,498.0,10.78,191.8,3.7,1,1,22,0,GOOD
2025-10-18T22:04:16,27.76,8.03,581.4,4.78,260.6,5.4,1,1,22,0,GOOD
2025-10-18T22:04:18,27.96,7.78,551.1,11.09,279.3,4.8,1,1,22,0,GOOD
2025-10-18T22:04:20,29.08,7.62,468.9,11.35,272.9,4.4,1,1,22,0,GOOD
2025-10-18T22:04:22,27.61,7.85,675.9,11.41,334.5,2.2,1,1,22,0,GOOD
2025-10-18T22:04:24,27.42,7.33,531.4,11.87,320.7,4.6,1,1,22,0,GOOD
2025-10-18T22:04:26,27.99,7.76,592.3,11.3,235.4,5.6,1,1,22,0,GOOD
2025-10-18T22:04:28,28.47,7.82,622.0,17.44,295.8,5.8,1,1,22,0,GOOD
2025-10-18T22:04:30,27.63,7.94,607.6,9.58,259.2,5.4,1,1,22,0,GOOD
2025-10-18T22:04:32,28.73,7.99,637.7,8.29,330.0,5.6,1,1,22,0,GOOD
2025-10-18T22:04:34,27.52,7.96,520.5,7.1,307.6,5.6,1,1,22,0,GOOD
2025-10-18T22:04:36,27.41,8.11,614.3,6.89,238.5,4.7,1,1,22,0,GOOD
2025-10-18T22:04:38,27.78,7.92,558.2,2.98,284.5,4.4,1,1,22,0,GOOD
2025-10-18T22:04:40,28.32,7.76,680.7,3.27,352.4,4.6,1,1,22,0,GOOD
2025-10-18T22:04:42,28.43,7.92,648.4,7.84,256.1,7.8,1,1,22,0,GOOD
2025-10-18T22:04:44,27.94,7.94,654.1,5.9,323.8,3.8,1,1,22,0,GOOD
2025-10-18T22:04:46,27.93,7.91,490.0,6.66,354.0,6.8,1,1,22,0,GOOD
2025-10-18T22:04:48,27.97,7.95,562.3,13.07,292.0,5.5,1,1,22,0,GOOD
2025-10-18T22:04:50,28.57,7.74,673.5,4.41,365.2,4.3,1,1,22,0,GOOD
2025-10-18T22:04:52,27.88,7.52,552.7,5.88,275.7,4.7,1,1,22,0,GOOD
2025-10-18T22:04:54,28.48,7.94,598.5,5.71,264.8,8.6,1,1,22,0,GOOD
2025-10-18T22:04:56,27.63,8.23,565.4,9.01,342.8,7.5,1,1,22,0,GOOD
2025-10-18T22:04:58,27.94,7.82,576.6,10.01,335.7,5.0,1,1,22,0,GOOD
2025-10-18T22:05:00,28.31,8.23,602.9,9.93,239.2,0.0,1,1,22,0,GOOD
2025-10-18T22:05:02,28.19,7.88,549.1,9.73,297.6,7.3,1,1,22,0,GOOD
2025-10-18T22:05:04,28.04,7.75,639.4,8.35,321.1,4.0,1,1,22,0,GOOD
2025-10-18T22:05:06,27.68,7.92,580.8,10.44,289.3,1.3,1,1,22,0,GOOD
2025-10-18T22:05:08,27.78,8.06,562.2,8.26,339.5,3.6,1,1,22,0,GOOD
2025-10-18T22:05:10,27.23,7.87,550.9,6.1,293.0,6.0,1,1,22,0,GOOD
2025-10-18T22:05:12,28.0,7.96,688.8,7.97,311.1,4.0,1,1,22,0,GOOD
2025-10-18T22:05:14,27.58,7.78,551.3,10.08,394.0,3.6,1,1,22,0,GOOD
2025-10-18T22:05:16,27.79,7.89,603.7,9.79,351.4,0.1,1,1,22,0,GOOD
2025-10-18T22:05:18,26.81,7.8,645.8,4.3,179.7,6.1,1,1,22,0,GOOD
2025-10-18T22:05:20,28.12,7.68,520.9,6.09,304.4,3.7,1,1,22,0,GOOD
2025-10-18T22:05:22,28.25,7.33,528.6,5.62,289.7,3.9,1,1,22,0,GOOD
2025-10-18T22:05:24,28.4,7.53,582.7,10.68,374.3,4.0,1,1,22,0,GOOD
2025-10-18T22:05:26,28.16,7.54,436.5,11.53,299.8,7.4,1,1,22,0,GOOD
2025-10-18T22:05:28,27.31,8.0,692.1,10.26,311.1,5.0,1,1,22,0,GOOD
2025-10-18T22:05:30,27.21,8.17,543.3,10.51,237.5,2.6,1,1,22,0,GOOD
2025-10-18T22:05:32,28.72,7.83,667.2,8.77,226.3,6.8,1,1,22,0,GOOD
2025-10-18T22:05:34,27.71,8.04,581.5,4.37,306.6,9.4,1,1,22,0,GOOD
2025-10-18T22:05:36,28.25,7.89,644.5,9.63,308.4,2.8,1,1,22,0,GOOD
2025-10-18T22:05:38,28.12,8.11,529.8,13.27,296.3,3.2,1,1,22,0,GOOD
2025-10-18T22:05:40,28.5,7.84,625.6,8.12,297.6,6.0,1,1,22,0,GOOD
2025-10-18T22:05:42,28.15,7.5,512.7,11.79,294.7,4.0,1,1,22,0,GOOD
2025-10-18T22:05:44,27.32,7.68,458.7,8.7,276.1,3.1,1,1,22,0,GOOD
2025-10-18T22:05:46,27.97,7.97,705.6,4.46,346.4,6.9,1,1,22,0,GOOD
2025-10-18T22:05:48,27.61,7.94,552.5,9.56,360.4,6.2,1,1,22,0,GOOD
2025-10-18T22:05:50,28.25,7.81,491.0,8.37,348.3,1.9,1,1,22,0,GOOD
2025-10-18T22:05:52,27.47,7.93,520.9,6.62,283.1,2.3,1,1,22,0,GOOD
2025-10-18T22:05:54,27.51,8.04,501.6,4.21,274.8,6.5,1,1,22,0,GOOD
2025-10-18T22:05:56,27.9,7.81,582.7,3.76,319.8,5.8,1,1,22,0,GOOD
2025-10-18T22:05:58,27.8,8.1,512.4,12.38,306.2,4.3,1,1,22,0,GOOD
2025-10-18T22:06:00,27.99,7.88,653.2,5.77,269.5,7.1,1,1,22,0,GOOD
2025-10-18T22:06:02,27.7,8.08,682.0,7.79,327.3,2.7,1,1,22,0,GOOD
2025-10-18T22:06:04,28.38,7.94,608.4,7.06,233.6,6.0,1,1,22,0,GOOD
2025-10-18T22:06:06,26.97,7.84,636.5,9.58,377.9,7.1,1,1,22,0,GOOD
2025-10-18T22:06:08,27.67,7.91,577.2,4.25,262.4,3.9,1,1,22,0,GOOD
2025-10-18T22:06:10,26.98,7.91,565.1,3.98,316.2,6.4,1,1,22,0,GOOD
2025-10-18T22:06:12,28.11,7.84,615.5,11.04,312.3,3.4,1,1,22,0,GOOD
2025-10-18T22:06:14,28.14,8.14,544.2,15.29,279.0,5.1,1,1,22,0,GOOD
2025-10-18T22:06:16,27.66,7.94,475.5,7.36,256.3,5.3,1,1,22,0,GOOD
2025-10-18T22:06:18,28.5,8.03,437.7,15.13,311.8,3.4,1,1,22,0,GOOD
2025-10-18T22:06:20,28.08,7.94,540.0,9.59,275.7,4.2,1,1,22,0,GOOD
2025-10-18T22:06:22,27.66,7.61,588.8,10.76,320.6,6.6,1,1,22,0,GOOD
2025-10-18T22:06:24,28.16,7.79,630.4,4.93,264.0,3.1,1,1,22,0,GOOD
2025-10-18T22:06:26,28.54,8.09,609.2,12.22,264.8,5.7,1,1,22,0,GOOD
2025-10-18T22:06:28,27.94,8.07,573.1,7.85,321.6,6.8,1,1,22,0,GOOD
2025-10-18T22:06:30,27.67,7.89,516.5,1.51,308.0,6.2,1,1,22,0,GOOD
2025-10-18T22:06:32,28.13,7.51,558.9,2.34,354.8,2.8,1,1,22,0,GOOD
2025-10-18T22:06:34,28.63,8.09,526.0,5.6,314.0,3.3,1,1,22,0,GOOD
2025-10-18T22:06:36,28.05,7.8,473.1,2.31,309.1,3.9,1,1,22,0,GOOD
2025-10-18T22:06:38,27.72,8.04,650.4,8.18,286.4,6.0,1,1,22,0,GOOD
2025-10-18T22:06:40,27.32,7.94,613.1,11.04,222.5,3.5,1,1,22,0,GOOD
2025-10-18T22:06:42,27.56,7.92,608.8,13.49,280.2,4.0,1,1,22,0,GOOD
2025-10-18T22:06:44,28.57,7.96,656.1,9.87,253.7,2.3,1,1,22,0,GOOD
2025-10-18T22:06:46,27.22,8.03,651.3,14.55,333.7,7.3,1,1,22,0,GOOD
2025-10-18T22:06:48,27.71,7.67,631.0,10.25,304.3,5.8,1,1,22,0,GOOD
2025-10-18T22:06:50,28.16,8.16,657.7,10.63,333.8,6.0,1,1,22,0,GOOD
2025-10-18T22:06:52,27.77,8.05,496.3,12.16,252.2,5.6,1,1,22,0,GOOD
2025-10-18T22:06:54,27.58,8.01,578.0,4.22,316.8,3.8,1,1,22,0,GOOD
2025-10-18T22:06:56,28.44,7.9,603.7,6.13,276.4,4.1,1,1,22,0,GOOD
2025-10-18T22:06:58,28.43,8.24,531.7,12.23,213.2,2.6,1,1,22,0,GOOD
2025-10-18T22:07:00,27.52,7.63,485.0,10.24,291.4,5.8,1,1,22,0,GOOD
2025-10-18T22:07:02,28.35,7.95,619.5,8.79,252.5,7.1,1,1,22,0,GOOD
2025-10-18T22:07:04,27.71,7.71,569.3,6.26,283.3,5.7,1,1,22,0,GOOD
2025-10-18T22:07:06,28.17,7.72,550.7,12.22,319.9,9.2,1,1,22,0,GOOD
2025-10-18T22:07:08,28.59,8.13,496.7,11.29,297.9,3.9,1,1,22,0,GOOD
2025-10-18T22:07:10,28.08,8.09,610.0,6.36,329.7,3.7,1,1,22,0,GOOD
2025-10-18T22:07:12,28.11,7.84,566.9,11.3,258.4,8.9,1,1,22,0,GOOD
2025-10-18T22:07:14,27.09,7.78,602.2,10.75,296.0,4.9,1,1,22,0,GOOD
2025-10-18T22:07:16,28.21,7.85,663.6,11.52,334.9,3.1,1,1,22,0,GOOD
2025-10-18T22:07:18,27.96,7.84,519.7,10.08,278.5,6.3,1,1,22,0,GOOD
2025-10-18T22:07:20,27.46,8.24,526.2,9.66,331.7,3.9,1,1,22,0,GOOD
2025-10-18T22:07:22,28.43,7.65,667.1,9.04,276.1,4.4,1,1,22,0,GOOD
2025-10-18T22:07:24,28.4,7.78,535.0,8.34,252.9,8.6,1,1,22,0,GOOD
2025-10-18T22:07:26,27.72,8.07,592.6,6.05,299.8,6.6,1,1,22,0,GOOD
2025-10-18T22:07:28,27.91,8.14,641.3,11.76,281.6,2.8,1,1,22,0,GOOD
2025-10-18T22:07:30,27.69,7.94,612.7,2.49,299.7,5.3,1,1,22,0,GOOD
2025-10-18T22:07:32,27.86,8.16,605.3,12.93,291.4,6.9,1,1,22,0,GOOD
2025-10-18T22:07:34,28.82,8.16,514.5,8.24,286.2,6.0,1,1,22,0,GOOD
2025-10-18T22:07:36,28.34,7.73,584.1,2.94,357.7,4.0,1,1,22,0,GOOD
2025-10-18T22:07:38,28.03,7.84,648.8,0.49,299.3,4.8,1,1,22,0,GOOD
2025-10-18T22:07:40,27.77,8.25,526.8,11.32,314.3,7.5,1,1,22,0,GOOD
2025-10-18T22:07:42,27.67,7.75,645.8,10.28,238.2,3.9,1,1,22,0,GOOD
2025-10-18T22:07:44,28.19,8.07,539.2,0.26,320.9,2.6,1,1,22,0,GOOD
2025-10-18T22:07:46,26.99,7.33,628.8,9.39,291.0,7.8,1,1,22,0,GOOD
2025-10-18T22:07:48,28.32,8.22,496.4,8.9,235.3,4.5,1,1,22,0,GOOD
2025-10-18T22:07:50,27.88,8.03,582.7,10.87,328.1,9.3,1,1,22,0,GOOD
2025-10-18T22:07:52,27.84,7.71,594.8,6.59,359.3,4.4,1,1,22,0,GOOD
2025-10-18T22:07:54,27.72,7.81,623.1,8.53,274.3,8.3,1,1,22,0,GOOD
2025-10-18T22:07:56,27.57,7.91,619.1,4.11,319.2,2.9,1,1,22,0,GOOD
2025-10-18T22:07:58,28.41,7.71,621.6,12.32,334.5,5.5,1,1,22,0,GOOD
2025-10-18T22:08:00,27.88,7.78,668.3,6.9,258.5,6.3,1,1,22,0,GOOD
2025-10-18T22:08:02,27.6,7.71,493.4,7.55,296.7,5.5,1,1,22,0,GOOD
2025-10-18T22:08:04,28.48,8.01,568.5,8.41,320.4,7.5,1,1,22,0,GOOD
2025-10-18T22:08:06,28.06,7.81,520.4,4.66,326.7,6.2,1,1,22,0,GOOD
2025-10-18T22:08:08,28.29,7.87,664.4,7.55,338.2,4.9,1,1,22,0,GOOD
2025-10-18T22:08:10,27.7,8.02,604.6,10.07,303.3,4.9,1,1,22,0,GOOD
2025-10-18T22:08:12,29.19,8.14,623.4,9.34,340.3,6.0,1,1,22,0,GOOD
2025-10-18T22:08:14,28.01,7.84,575.1,0.0,308.4,4.0,1,1,22,0,GOOD
2025-10-18T22:08:16,28.8,7.9,508.7,8.85,258.2,5.9,1,1,22,0,GOOD
2025-10-18T22:08:18,28.15,8.09,532.5,9.1,245.4,6.4,1,1,22,0,GOOD
2025-10-18T22:08:20,28.26,8.0,580.1,10.24,364.2,4.4,1,1,22,0,GOOD
2025-10-18T22:08:22,28.07,7.68,527.9,9.29,344.2,4.5,1,1,22,0,GOOD
2025-10-18T22:08:24,27.88,7.82,547.9,9.88,240.1,7.6,1,1,22,0,GOOD
2025-10-18T22:08:26,27.67,8.04,503.8,11.01,326.9,5.8,1,1,22,0,GOOD
2025-10-18T22:08:28,27.5,7.95,509.0,8.24,341.2,6.6,1,1,22,0,GOOD
2025-10-18T22:08:30,28.01,7.71,618.7,9.06,207.2,6.6,1,1,22,0,GOOD
2025-10-18T22:08:32,27.99,8.14,514.3,0.0,311.2,5.6,1,1,22,0,GOOD
2025-10-18T22:08:34,27.15,7.7,745.3,8.08,329.2,3.7,1,1,22,0,GOOD
2025-10-18T22:08:36,26.95,7.87,564.1,7.8,295.4,5.5,1,1,22,0,GOOD
2025-10-18T22:08:38,27.92,7.65,609.2,3.15,218.0,6.5,1,1,22,0,GOOD
2025-10-18T22:08:40,28.25,7.89,496.3,6.88,289.5,1.8,1,1,22,0,GOOD
2025-10-18T22:08:42,27.63,8.03,665.6,7.74,330.3,1.2,1,1,22,0,GOOD
2025-10-18T22:08:44,28.33,7.74,598.4,8.26,352.8,3.3,1,1,22,0,GOOD
2025-10-18T22:08:46,28.31,7.84,570.5,8.45,266.2,5.0,1,1,22,0,GOOD
2025-10-18T22:08:48,27.97,7.95,585.1,11.39,336.9,2.9,1,1,22,0,GOOD
2025-10-18T22:08:50,28.43,7.66,615.3,10.86,223.5,5.2,1,1,22,0,GOOD
2025-10-18T22:08:52,27.77,7.75,661.1,7.04,267.7,5.2,1,1,22,0,GOOD
2025-10-18T22:08:54,28.34,7.87,650.0,10.59,212.9,3.9,1,1,22,0,GOOD
2025-10-18T22:08:56,27.72,8.0,422.5,16.65,321.2,5.3,1,1,22,0,GOOD
2025-10-18T22:08:58,28.59,8.37,632.2,11.85,305.2,4.7,1,1,22,0,GOOD
2025-10-18T22:09:00,27.76,7.73,538.8,4.95,297.0,1.6,1,1,22,0,GOOD
2025-10-18T22:09:02,28.1,7.89,588.8,7.43,423.1,7.7,1,1,22,0,GOOD
2025-10-18T22:09:04,27.38,7.95,543.5,5.96,246.4,5.9,1,1,22,0,GOOD
2025-10-18T22:09:06,27.66,8.09,639.6,13.12,265.9,6.0,1,1,22,0,GOOD
2025-10-18T22:09:08,28.32,7.81,533.7,13.83,309.1,6.3,1,1,22,0,GOOD
2025-10-18T22:09:10,27.59,7.66,545.8,8.63,257.4,5.0,1,1,22,0,GOOD
2025-10-18T22:09:12,27.16,7.68,620.3,10.81,284.3,3.0,1,1,22,0,GOOD
2025-10-18T22:09:14,27.49,7.83,618.7,11.78,280.1,2.7,1,1,22,0,GOOD
2025-10-18T22:09:16,28.13,7.74,548.9,12.98,333.1,5.3,1,1,22,0,GOOD
2025-10-18T22:09:18,27.36,7.94,643.8,7.87,354.0,7.6,1,1,22,0,GOOD
2025-10-18T22:09:20,28.83,7.96,615.2,13.24,317.9,4.0,1,1,22,0,GOOD
2025-10-18T22:09:22,27.78,7.95,502.6,8.57,343.9,0.6,1,1,22,0,GOOD
2025-10-18T22:09:24,28.77,8.12,552.4,10.63,300.1,7.5,1,1,22,0,GOOD
2025-10-18T22:09:26,28.49,7.62,615.2,8.38,303.3,3.5,1,1,22,0,GOOD
2025-10-18T22:09:28,28.87,8.11,535.6,5.0,284.6,5.9,1,1,22,0,GOOD
2025-10-18T22:09:30,28.12,8.15,627.4,11.91,313.1,2.2,1,1,22,0,GOOD
2025-10-18T22:09:32,27.9,8.11,576.9,10.51,287.3,2.9,1,1,22,0,GOOD
2025-10-18T22:09:34,27.94,7.96,540.7,8.29,262.4,7.2,1,1,22,0,GOOD
2025-10-18T22:09:36,27.85,8.19,671.7,8.76,259.7,0.8,1,1,22,0,GOOD
2025-10-18T22:09:38,27.26,7.63,662.7,9.35,315.6,0.6,1,1,22,0,GOOD
2025-10-18T22:09:40,27.4,8.08,597.2,8.56,322.6,8.3,1,1,22,0,GOOD
2025-10-18T22:09:42,27.89,7.91,591.6,16.18,216.0,6.4,1,1,22,0,GOOD
2025-10-18T22:09:44,27.94,8.01,540.6,8.85,328.5,11.2,1,1,22,0,GOOD
2025-10-18T22:09:46,28.4,7.73,554.6,7.64,228.2,4.3,1,1,22,0,GOOD
2025-10-18T22:09:48,28.37,7.65,642.9,10.46,270.6,4.7,1,1,22,0,GOOD
2025-10-18T22:09:50,28.8,8.05,580.5,8.29,303.1,4.0,1,1,22,0,GOOD
2025-10-18T22:09:52,26.95,8.31,589.3,10.19,297.7,3.5,1,1,22,0,GOOD
2025-10-18T22:09:54,27.91,7.58,716.6,5.3,258.7,4.1,1,1,22,0,GOOD
2025-10-18T22:09:56,28.64,7.9,505.8,12.76,329.2,6.1,1,1,22,0,GOOD
2025-10-18T22:09:58,28.36,8.38,711.1,6.94,365.0,5.8,1,1,22,0,GOOD
2025-10-18T08:48:00,29.3,7.38,684.7,31.87,249.7,4071.1,0,0,8,1,GOOD
2025-10-18T08:48:02,27.76,7.79,801.0,38.13,243.7,3351.2,0,0,8,1,GOOD
2025-10-18T08:48:04,29.2,7.73,590.5,28.78,242.6,3019.5,0,0,8,1,GOOD
2025-10-18T08:48:06,28.92,7.69,672.5,50.47,179.9,1658.9,0,0,8,1,GOOD
2025-10-18T08:48:08,29.45,7.75,702.8,56.08,198.8,3289.2,0,0,8,1,GOOD
2025-10-18T08:48:10,28.29,7.75,754.9,24.45,212.1,3100.8,0,0,8,1,GOOD
2025-10-18T08:48:12,29.02,8.06,730.1,54.78,140.4,3135.9,0,0,8,1,GOOD
2025-10-18T08:48:14,29.05,7.53,786.1,63.25,199.0,3505.0,0,0,8,1,GOOD
2025-10-18T08:48:16,29.05,7.62,536.1,32.94,116.5,4704.1,0,0,8,1,GOOD
2025-10-18T08:48:18,28.93,7.71,780.0,28.78,154.0,3068.1,0,0,8,1,GOOD
2025-10-18T08:48:20,29.62,7.93,722.3,40.78,224.0,3201.7,0,0,8,1,GOOD
2025-10-18T08:48:22,28.38,7.81,603.4,40.81,171.2,5539.4,0,0,8,1,GOOD
2025-10-18T08:48:24,28.98,7.45,687.9,45.19,300.4,2410.5,0,0,8,1,GOOD
2025-10-18T08:48:26,28.05,8.0,575.7,35.64,184.5,2930.4,0,0,8,1,GOOD
2025-10-18T08:48:28,29.41,7.63,675.4,39.86,209.0,3097.8,0,0,8,1,GOOD
2025-10-18T08:48:30,29.26,8.01,735.3,44.54,105.1,3050.2,0,0,8,1,GOOD
2025-10-18T08:48:32,29.29,7.98,637.7,33.41,165.6,3536.4,0,0,8,1,GOOD
2025-10-18T08:48:34,29.62,7.7,781.7,41.23,192.5,2788.6,0,0,8,1,GOOD
2025-10-18T08:48:36,29.45,7.88,904.8,31.48,231.1,2470.8,0,0,8,1,GOOD
2025-10-18T08:48:38,28.48,7.8,712.4,69.18,189.0,1869.8,0,0,8,1,GOOD
2025-10-18T08:48:40,29.16,7.28,691.7,40.16,247.7,3973.6,0,0,8,1,GOOD
2025-10-18T08:48:42,28.7,7.76,631.0,28.72,218.6,1726.4,0,0,8,1,GOOD
2025-10-18T08:48:44,28.75,7.55,749.5,58.01,121.9,1147.0,0,0,8,1,GOOD
2025-10-18T08:48:46,28.93,7.8,719.7,35.54,188.0,3367.5,0,0,8,1,GOOD
2025-10-18T08:48:48,29.62,7.31,666.8,42.14,144.9,4731.2,0,0,8,1,GOOD
2025-10-18T08:48:50,28.62,7.79,750.0,34.09,89.2,2571.3,0,0,8,1,GOOD
2025-10-18T08:48:52,29.62,7.72,623.8,49.26,180.2,2489.8,0,0,8,1,GOOD
2025-10-18T08:48:54,29.09,7.99,914.4,48.27,269.6,2494.0,0,0,8,1,GOOD
2025-10-18T08:48:56,28.38,7.82,709.6,29.21,189.5,3399.3,0,0,8,1,GOOD
2025-10-18T08:48:58,29.22,7.93,726.2,34.93,169.2,1801.0,0,0,8,1,GOOD
2025-10-18T08:49:00,30.07,7.8,679.8,30.71,376.1,1926.7,0,0,8,1,GOOD
2025-10-18T08:49:02,28.74,7.9,754.0,49.58,308.5,3506.2,0,0,8,1,GOOD
2025-10-18T08:49:04,28.37,7.74,727.7,60.68,116.1,4202.6,0,0,8,1,GOOD
2025-10-18T08:49:06,29.11,8.01,690.8,31.58,245.1,3654.4,0,0,8,1,GOOD
2025-10-18T08:49:08,29.58,7.8,646.0,24.41,249.2,3423.9,0,0,8,1,GOOD
2025-10-18T08:49:10,28.42,7.67,658.0,25.17,150.9,1866.2,0,0,8,1,GOOD
2025-10-18T08:49:12,28.75,7.62,553.6,60.23,275.2,2221.0,0,0,8,1,GOOD
2025-10-18T08:49:14,29.16,7.9,807.2,31.81,265.5,2452.1,0,0,8,1,GOOD
2025-10-18T08:49:16,28.2,7.98,816.2,65.88,128.0,3698.9,0,0,8,1,GOOD
2025-10-18T08:49:18,28.75,8.0,567.7,27.37,153.4,3079.0,0,0,8,1,GOOD
2025-10-18T08:49:20,28.62,7.96,792.4,46.0,297.1,3415.8,0,0,8,1,GOOD
2025-10-18T08:49:22,28.27,8.14,645.5,49.1,294.4,3456.7,0,0,8,1,GOOD
2025-10-18T08:49:24,28.1,7.57,819.0,38.31,204.8,3758.8,0,0,8,1,GOOD
2025-10-18T08:49:26,29.42,7.87,681.2,36.87,251.5,3553.6,0,0,8,1,GOOD
2025-10-18T08:49:28,28.85,8.07,688.4,31.48,154.5,2021.3,0,0,8,1,GOOD
2025-10-18T08:49:30,28.84,8.11,627.5,41.88,160.6,2739.7,0,0,8,1,GOOD
2025-10-18T08:49:32,28.09,7.74,682.6,45.4,213.4,1801.6,0,0,8,1,GOOD
2025-10-18T08:49:34,29.65,7.85,717.9,39.91,168.9,3217.8,0,0,8,1,GOOD
2025-10-18T08:49:36,29.29,7.36,651.5,37.45,215.4,4193.3,0,0,8,1,GOOD
2025-10-18T08:49:38,28.54,7.68,653.9,31.98,179.2,3770.8,0,0,8,1,GOOD
2025-10-18T08:49:40,28.37,7.91,546.8,34.39,180.2,4674.9,0,0,8,1,GOOD
2025-10-18T08:49:42,28.84,7.25,520.1,40.34,236.8,3375.5,0,0,8,1,GOOD
2025-10-18T08:49:44,29.1,8.09,651.4,48.95,102.1,2095.1,0,0,8,1,GOOD
2025-10-18T08:49:46,27.92,7.73,695.8,41.14,203.7,2072.4,0,0,8,1,GOOD
2025-10-18T08:49:48,28.89,7.43,822.7,36.96,170.7,4588.9,0,0,8,1,BAD
2025-10-18T08:49:50,28.25,7.52,601.3,39.32,225.9,3739.7,0,0,8,1,GOOD
2025-10-18T08:49:52,30.54,7.24,754.8,34.43,164.8,2380.2,0,0,8,1,GOOD
2025-10-18T08:49:54,28.45,8.22,775.8,40.23,281.1,1487.5,0,0,8,1,GOOD
2025-10-18T08:49:56,28.2,7.26,637.1,41.62,206.2,3149.3,0,0,8,1,GOOD
2025-10-18T08:49:58,28.15,8.0,721.6,47.33,86.4,3311.5,0,0,8,1,GOOD
2025-10-18T08:50:00,28.29,7.7,748.1,40.91,148.9,3006.3,0,0,8,1,GOOD
2025-10-18T08:50:02,28.08,8.09,681.5,51.19,168.4,2476.4,0,0,8,1,GOOD
2025-10-18T08:50:04,28.54,8.02,636.2,46.45,177.1,1024.0,0,0,8,1,GOOD
2025-10-18T08:50:06,28.66,7.51,703.1,28.1,255.6,2908.9,0,0,8,1,GOOD
2025-10-18T08:50:08,28.89,7.96,786.8,39.8,153.7,1226.0,0,0,8,1,GOOD
2025-10-18T08:50:10,28.59,7.65,709.6,36.55,241.3,2387.0,0,0,8,1,GOOD
2025-10-18T08:50:12,28.97,8.1,730.8,39.4,163.9,2366.8,0,0,8,1,GOOD
2025-10-18T08:50:14,28.49,7.66,768.0,37.78,119.0,4768.2,0,0,8,1,GOOD
2025-10-18T08:50:16,29.19,7.45,660.2,41.11,302.3,1891.9,0,0,8,1,BAD
2025-10-18T08:50:18,29.59,8.15,643.4,37.22,137.8,2796.5,0,0,8,1,GOOD
2025-10-18T08:50:20,28.98,7.96,798.1,32.52,82.0,2978.8,0,0,8,1,GOOD
2025-10-18T08:50:22,29.18,7.86,670.6,41.25,290.9,3381.7,0,0,8,1,GOOD
2025-10-18T08:50:24,28.78,7.67,684.7,56.37,189.0,2980.2,0,0,8,1,GOOD
2025-10-18T08:50:26,28.71,8.07,876.4,44.51,205.0,3036.8,0,0,8,1,GOOD
2025-10-18T08:50:28,27.57,7.99,712.1,44.28,157.3,2615.5,0,0,8,1,GOOD
2025-10-18T08:50:30,28.75,8.06,665.9,60.83,225.9,1724.3,0,0,8,1,GOOD
2025-10-18T08:50:32,28.92,7.64,502.5,55.99,242.2,3533.2,0,0,8,1,GOOD
2025-10-18T08:50:34,29.1,7.45,656.5,48.42,136.9,468.2,0,0,8,1,BAD
2025-10-18T08:50:36,28.86,7.76,712.2,47.29,238.3,3258.8,0,0,8,1,GOOD
2025-10-18T08:50:38,29.72,7.42,745.4,46.27,125.6,1497.1,0,0,8,1,BAD
2025-10-18T08:50:40,28.55,7.63,767.8,33.85,148.6,2388.4,0,0,8,1,GOOD
2025-10-18T08:50:42,29.67,7.8,683.9,38.9,277.5,2250.8,0,0,8,1,GOOD
2025-10-18T08:50:44,29.79,7.85,685.6,65.01,136.7,2646.3,0,0,8,1,GOOD
2025-10-18T08:50:46,28.26,8.04,852.0,56.7,273.4,2802.4,0,0,8,1,GOOD
2025-10-18T08:50:48,28.78,7.38,883.2,44.69,170.5,4328.1,0,0,8,1,BAD
2025-10-18T08:50:50,28.42,7.9,684.5,46.39,196.2,1549.1,0,0,8,1,GOOD
2025-10-18T08:50:52,29.05,8.06,697.4,47.75,137.3,2973.7,0,0,8,1,GOOD
2025-10-18T08:50:54,28.63,7.99,702.8,46.9,265.3,3691.6,0,0,8,1,GOOD
2025-10-18T08:50:56,29.16,7.55,699.7,34.67,179.4,2625.5,0,0,8,1,GOOD
2025-10-18T08:50:58,28.41,7.31,639.9,41.93,119.1,3015.7,0,0,8,1,GOOD
2025-10-18T08:51:00,30.14,8.06,847.9,43.91,270.1,2276.0,0,0,8,1,GOOD
2025-10-18T08:51:02,28.61,7.12,806.8,55.4,166.8,2746.0,0,0,8,1,BAD
2025-10-18T08:51:04,28.55,7.9,801.2,22.57,224.6,2723.3,0,0,8,1,GOOD
2025-10-18T08:51:06,29.07,7.91,683.1,38.96,187.2,3970.3,0,0,8,1,GOOD
2025-10-18T08:51:08,29.25,7.86,585.6,36.21,253.9,3037.7,0,0,8,1,GOOD
2025-10-18T08:51:10,29.4,8.24,793.5,40.93,169.3,446.5,0,0,8,1,GOOD
2025-10-18T08:51:12,28.9,7.72,735.1,38.46,180.8,1220.6,0,0,8,1,GOOD
2025-10-18T08:51:14,28.44,7.92,854.4,39.02,219.7,3952.5,0,0,8,1,GOOD
2025-10-18T08:51:16,28.51,7.89,633.4,48.65,209.1,3298.5,0,0,8,1,GOOD
2025-10-18T08:51:18,28.53,7.98,887.6,29.92,179.6,3231.6,0,0,8,1,GOOD
2025-10-18T08:51:20,29.47,7.66,445.0,53.59,245.6,1257.1,0,0,8,1,GOOD
2025-10-18T08:51:22,28.64,8.19,830.3,49.39,189.4,3083.0,0,0,8,1,GOOD
2025-10-18T08:51:24,28.92,8.08,621.2,31.94,260.6,2955.6,0,0,8,1,GOOD
2025-10-18T08:51:26,29.83,7.63,695.1,30.78,200.4,1521.5,0,0,8,1,GOOD
2025-10-18T08:51:28,28.71,7.44,762.5,47.17,96.2,4333.9,0,0,8,1,GOOD
2025-10-18T08:51:30,30.5,7.81,642.3,68.24,120.9,3020.1,0,0,8,1,GOOD
2025-10-18T08:51:32,29.11,8.14,732.4,35.01,142.9,2658.2,0,0,8,1,GOOD
2025-10-18T08:51:34,28.4,7.81,649.2,25.06,275.3,2502.3,0,0,8,1,GOOD
2025-10-18T08:51:36,28.24,7.76,706.2,22.54,219.9,1952.8,0,0,8,1,GOOD
2025-10-18T08:51:38,30.03,7.93,664.0,32.55,193.7,3612.8,0,0,8,1,GOOD
2025-10-18T08:51:40,28.98,7.75,705.3,33.96,179.4,914.2,0,0,8,1,GOOD
2025-10-18T08:51:42,29.58,7.87,630.4,58.99,205.2,1963.9,0,0,8,1,GOOD
2025-10-18T08:51:44,29.51,7.9,735.5,35.74,227.0,2738.2,0,0,8,1,GOOD
2025-10-18T08:51:46,29.33,7.32,661.0,57.22,154.0,2396.2,0,0,8,1,GOOD
2025-10-18T08:51:48,28.73,7.5,501.3,37.69,208.2,2947.5,0,0,8,1,GOOD
2025-10-18T08:51:50,28.91,7.81,792.1,38.1,165.6,2718.9,0,0,8,1,GOOD
2025-10-18T08:51:52,29.35,8.15,643.5,40.99,220.3,2007.4,0,0,8,1,GOOD
2025-10-18T08:51:54,29.01,7.43,540.8,43.67,177.0,3202.3,0,0,8,1,GOOD
2025-10-18T08:51:56,28.99,7.56,695.9,27.67,283.5,1644.0,0,0,8,1,GOOD
2025-10-18T08:51:58,28.88,7.54,751.3,36.69,168.9,3853.2,0,0,8,1,GOOD
2025-10-18T08:52:00,29.02,7.93,611.7,25.95,206.4,2681.2,0,0,8,1,GOOD
2025-10-18T08:52:02,29.38,7.78,718.5,23.77,313.3,2835.8,0,0,8,1,GOOD
2025-10-18T08:52:04,29.42,7.59,727.7,26.97,227.1,2644.0,0,0,8,1,GOOD
2025-10-18T08:52:06,29.02,7.97,589.1,33.16,227.4,5098.2,0,0,8,1,GOOD
2025-10-18T08:52:08,28.92,7.95,690.4,59.42,95.2,3094.6,0,0,8,1,GOOD
2025-10-18T08:52:10,28.02,7.17,726.8,41.39,182.9,2893.8,0,0,8,1,GOOD
2025-10-18T08:52:12,30.86,7.74,745.9,33.51,217.7,2761.8,0,0,8,1,GOOD
2025-10-18T08:52:14,28.75,8.25,805.9,41.37,61.7,2639.0,0,0,8,1,GOOD
2025-10-18T08:52:16,30.62,7.74,799.3,54.42,213.1,2158.2,0,0,8,1,GOOD
2025-10-18T08:52:18,27.54,7.97,626.7,41.76,125.0,2734.8,0,0,8,1,GOOD
2025-10-18T08:52:20,29.02,7.87,599.7,51.97,164.2,1325.5,0,0,8,1,GOOD
2025-10-18T08:52:22,28.93,7.81,714.5,53.62,185.8,2880.4,0,0,8,1,GOOD
2025-10-18T08:52:24,28.34,8.01,716.6,35.8,85.7,4444.4,0,0,8,1,GOOD
2025-10-18T08:52:26,28.26,7.65,732.3,28.03,110.4,876.1,0,0,8,1,GOOD
2025-10-18T08:52:28,29.43,7.66,963.5,30.06,144.7,2434.6,0,0,8,1,GOOD
2025-10-18T08:52:30,29.15,7.68,755.1,30.21,117.1,1201.8,0,0,8,1,GOOD
2025-10-18T08:52:32,27.67,7.67,672.9,33.69,274.6,4228.0,0,0,8,1,GOOD
2025-10-18T08:52:34,28.8,7.35,649.0,34.0,160.6,2302.3,0,0,8,1,GOOD
2025-10-18T08:52:36,28.61,7.7,642.8,42.08,221.6,2089.4,0,0,8,1,GOOD
2025-10-18T08:52:38,29.76,7.55,554.4,43.81,151.0,3321.3,0,0,8,1,GOOD
2025-10-18T08:52:40,27.56,8.15,760.5,25.0,111.3,4672.3,0,0,8,1,GOOD
2025-10-18T08:52:42,28.56,7.59,496.1,36.49,186.3,3715.5,0,0,8,1,GOOD
2025-10-18T08:52:44,28.16,7.42,740.6,50.07,105.7,4081.5,0,0,8,1,GOOD
2025-10-18T08:52:46,29.02,8.07,693.7,14.78,190.9,4060.1,0,0,8,1,GOOD
2025-10-18T08:52:48,28.46,7.7,684.1,11.0,300.3,2098.6,0,0,8,1,GOOD
2025-10-18T08:52:50,29.3,7.78,813.2,44.06,185.9,2106.5,0,0,8,1,GOOD
2025-10-18T08:52:52,29.48,7.33,758.1,29.01,275.1,3161.3,0,0,8,1,GOOD
2025-10-18T08:52:54,29.39,7.82,542.3,31.39,240.3,3166.7,0,0,8,1,GOOD
2025-10-18T08:52:56,29.71,7.9,613.0,32.04,206.2,686.0,0,0,8,1,GOOD
2025-10-18T08:52:58,30.0,7.91,810.4,24.19,274.7,5231.5,0,0,8,1,GOOD
2025-10-18T08:53:00,28.21,7.99,700.1,24.56,229.6,3833.6,0,0,8,1,GOOD
2025-10-18T08:53:02,28.64,8.09,550.0,25.05,208.2,3025.4,0,0,8,1,GOOD
2025-10-18T08:53:04,28.57,8.0,747.8,48.58,192.6,3602.6,0,0,8,1,GOOD
2025-10-18T08:53:06,28.73,8.31,626.9,61.05,202.1,1624.5,0,0,8,1,GOOD
2025-10-18T08:53:08,29.82,7.83,776.6,52.24,220.3,2407.8,0,0,8,1,GOOD
2025-10-18T08:53:10,29.59,7.8,761.7,18.46,226.8,2361.4,0,0,8,1,GOOD
2025-10-18T08:53:12,29.99,7.96,721.6,44.86,140.1,4623.3,0,0,8,1,GOOD
2025-10-18T08:53:14,30.19,7.9,843.1,34.31,152.2,3040.9,0,0,8,1,GOOD
2025-10-18T08:53:16,29.26,7.7,748.4,43.06,140.1,3518.8,0,0,8,1,GOOD
2025-10-18T08:53:18,29.52,7.84,803.7,27.83,228.1,1829.7,0,0,8,1,BAD
2025-10-18T08:53:20,28.33,7.64,615.2,34.52,187.2,3837.2,0,0,8,1,GOOD
2025-10-18T08:53:22,28.81,7.4,802.6,31.63,196.5,3446.5,0,0,8,1,BAD
2025-10-18T08:53:24,29.12,8.07,743.1,31.39,330.7,3194.3,0,0,8,1,GOOD
2025-10-18T08:53:26,28.91,8.04,722.5,43.99,349.5,2724.9,0,0,8,1,GOOD
2025-10-18T08:53:28,28.81,7.83,796.4,24.93,82.1,2412.9,0,0,8,1,GOOD
2025-10-18T08:53:30,28.02,7.69,745.2,31.09,114.4,3069.3,0,0,8,1,GOOD
2025-10-18T08:53:32,29.52,7.38,773.8,48.17,257.2,4218.5,0,0,8,1,GOOD
2025-10-18T08:53:34,30.32,7.71,709.9,35.84,200.1,4532.9,0,0,8,1,GOOD
2025-10-18T08:53:36,28.19,7.58,823.9,50.2,178.2,3854.4,0,0,8,1,GOOD
2025-10-18T08:53:38,29.2,8.18,706.7,50.26,358.5,3598.1,0,0,8,1,GOOD
2025-10-18T08:53:40,29.03,7.98,667.1,63.88,210.8,2727.1,0,0,8,1,GOOD
2025-10-18T08:53:42,28.5,8.07,778.0,35.03,234.6,1491.4,0,0,8,1,GOOD
2025-10-18T08:53:44,29.11,7.91,853.7,32.29,123.3,2104.6,0,0,8,1,GOOD
2025-10-18T08:53:46,28.2,8.13,839.4,43.2,273.3,3134.0,0,0,8,1,GOOD
2025-10-18T08:53:48,28.94,7.72,672.1,24.52,215.9,2959.7,0,0,8,1,GOOD
2025-10-18T08:53:50,29.45,7.82,685.4,31.29,204.3,3738.2,0,0,8,1,GOOD
2025-10-18T08:53:52,28.31,7.82,721.0,32.82,164.7,3230.6,0,0,8,1,GOOD
2025-10-18T08:53:54,28.32,7.89,619.4,50.63,340.3,2139.2,0,0,8,1,GOOD
2025-10-18T08:53:56,29.32,7.62,793.7,27.35,228.8,2127.0,0,0,8,1,GOOD
2025-10-18T08:53:58,28.88,7.54,774.0,31.63,233.1,2655.9,0,0,8,1,GOOD
2025-10-18T08:56:00,28.44,8.23,1108.6,10.63,326.5,3221.9,0,1,8,1,GOOD
2025-10-18T08:56:02,29.09,8.5,1102.1,5.63,265.1,3452.6,0,1,8,1,GOOD
2025-10-18T08:56:04,29.43,8.21,1103.7,6.56,304.5,3428.8,0,1,8,1,GOOD
2025-10-18T08:56:06,28.52,8.39,1141.9,9.86,249.2,4683.3,0,1,8,1,GOOD
2025-10-18T08:56:08,28.8,8.16,1207.6,8.88,176.1,4257.6,0,1,8,1,GOOD
2025-10-18T08:56:10,29.45,8.02,1107.2,7.39,286.2,4448.5,0,1,8,1,GOOD
2025-10-18T08:56:12,28.42,8.02,1211.1,5.31,257.2,4871.5,0,1,8,1,GOOD
2025-10-18T08:56:14,27.87,7.89,1389.5,8.16,306.8,3846.0,0,1,8,1,GOOD
2025-10-18T08:56:16,28.42,8.29,1093.9,10.4,230.9,2679.5,0,1,8,1,GOOD
2025-10-18T08:56:18,28.67,8.15,1181.2,6.37,329.6,4876.7,0,1,8,1,GOOD
2025-10-18T08:56:20,28.98,8.14,992.5,15.86,246.9,3251.2,0,1,8,1,GOOD
2025-10-18T08:56:22,28.71,8.43,1197.2,13.84,304.1,2923.6,0,1,8,1,GOOD
2025-10-18T08:56:24,28.16,8.39,874.5,9.55,178.5,3523.4,0,1,8,1,GOOD
2025-10-18T08:56:26,28.35,8.13,1133.7,6.71,364.6,5867.5,0,1,8,1,GOOD
2025-10-18T08:56:28,27.92,8.52,1152.1,10.39,246.8,3340.3,0,1,8,1,GOOD
2025-10-18T08:56:30,28.99,8.23,1142.8,6.09,205.3,2358.6,0,1,8,1,GOOD
2025-10-18T08:56:32,28.51,7.96,1168.1,14.11,310.0,3967.7,0,1,8,1,GOOD
2025-10-18T08:56:34,28.46,8.58,1262.5,9.02,178.7,4393.9,0,1,8,1,GOOD
2025-10-18T08:56:36,28.91,8.07,1234.9,8.91,240.8,1512.2,0,1,8,1,GOOD
2025-10-18T08:56:38,28.39,8.39,1124.2,10.16,212.2,4360.4,0,1,8,1,GOOD
2025-10-18T08:56:40,28.39,8.01,1359.9,12.79,219.8,4497.8,0,1,8,1,GOOD
2025-10-18T08:56:42,28.77,8.33,996.7,13.02,221.5,3642.2,0,1,8,1,GOOD
2025-10-18T08:56:44,29.82,8.26,1153.6,3.38,319.5,2654.8,0,1,8,1,GOOD
2025-10-18T08:56:46,28.0,8.13,1370.0,12.32,242.1,4308.3,0,1,8,1,GOOD
2025-10-18T08:56:48,28.2,8.23,1208.8,12.91,298.4,4494.0,0,1,8,1,GOOD
2025-10-18T08:56:50,28.32,8.35,1189.0,6.75,229.8,4084.5,0,1,8,1,GOOD
2025-10-18T08:56:52,28.96,8.16,1054.9,10.17,255.7,4185.8,0,1,8,1,GOOD
2025-10-18T08:56:54,28.96,8.4,1128.7,8.15,198.0,4698.8,0,1,8,1,GOOD
2025-10-18T08:56:56,29.22,8.14,1171.0,14.4,275.3,4436.2,0,1,8,1,GOOD
2025-10-18T08:56:58,27.9,8.34,1088.5,6.6,232.7,3414.2,0,1,8,1,GOOD
2025-10-18T08:57:00,28.39,7.91,1315.1,13.38,152.6,4978.5,0,1,8,1,GOOD
2025-10-18T08:57:02,28.09,8.37,1191.8,10.09,240.7,5212.1,0,1,8,1,GOOD
2025-10-18T08:57:04,27.88,8.32,1332.2,12.15,366.2,3471.1,0,1,8,1,GOOD
2025-10-18T08:57:06,28.98,8.18,1348.0,9.98,230.6,5306.1,0,1,8,1,GOOD
2025-10-18T08:57:08,28.25,7.92,1138.0,11.86,319.6,4111.1,0,1,8,1,GOOD
2025-10-18T08:57:10,29.16,7.93,1146.8,9.13,244.3,4084.1,0,1,8,1,GOOD
2025-10-18T08:57:12,28.85,8.11,1216.7,9.86,203.7,3886.3,0,1,8,1,GOOD
2025-10-18T08:57:14,28.43,8.17,1203.8,10.23,228.4,5272.7,0,1,8,1,GOOD
2025-10-18T08:57:16,27.92,8.06,1533.6,6.89,182.3,4734.5,0,1,8,1,GOOD
2025-10-18T08:57:18,27.46,8.15,1457.5,5.37,150.9,2500.8,0,1,8,1,GOOD
2025-10-18T08:57:20,28.95,8.42,1138.5,12.05,319.5,5787.3,0,1,8,1,GOOD
2025-10-18T08:57:22,28.38,7.74,1101.5,8.72,237.1,3812.1,0,1,8,1,GOOD
2025-10-18T08:57:24,29.06,8.45,1179.4,13.3,267.9,4064.5,0,1,8,1,GOOD
2025-10-18T08:57:26,28.95,8.21,1446.9,5.68,224.2,3873.5,0,1,8,1,GOOD
2025-10-18T08:57:28,28.72,8.45,1197.1,5.73,292.1,4755.0,0,1,8,1,GOOD
2025-10-18T08:57:30,27.53,8.2,1009.2,8.01,204.9,4809.3,0,1,8,1,GOOD
2025-10-18T08:57:32,28.56,7.94,1305.6,5.7,266.5,3186.0,0,1,8,1,GOOD
2025-10-18T08:57:34,28.32,8.3,1262.6,14.01,245.9,4306.5,0,1,8,1,GOOD
2025-10-18T08:57:36,28.28,8.24,1252.7,9.71,159.8,4331.5,0,1,8,1,GOOD
2025-10-18T08:57:38,28.68,8.06,1045.9,14.43,274.6,3770.9,0,1,8,1,GOOD
2025-10-18T08:57:40,27.93,8.04,1356.3,10.41,222.5,4509.7,0,1,8,1,GOOD
2025-10-18T08:57:42,28.09,8.5,1362.3,8.6,218.6,1381.9,0,1,8,1,BAD
2025-10-18T08:57:44,27.76,7.93,1216.2,9.02,182.7,3718.8,0,1,8,1,GOOD
2025-10-18T08:57:46,28.75,8.31,972.0,9.62,180.8,4901.7,0,1,8,1,GOOD
2025-10-18T08:57:48,28.89,8.02,1108.1,8.62,137.4,4336.0,0,1,8,1,GOOD
2025-10-18T08:57:50,28.36,8.39,1068.2,8.14,174.7,2995.7,0,1,8,1,GOOD
2025-10-18T08:57:52,27.91,8.4,1116.2,10.37,231.0,2730.5,0,1,8,1,GOOD
2025-10-18T08:57:54,28.42,8.32,1055.1,12.43,207.5,3517.0,0,1,8,1,GOOD
2025-10-18T08:57:56,28.77,8.07,1204.5,9.06,256.5,1619.3,0,1,8,1,GOOD
2025-10-18T08:57:58,27.59,8.32,1324.5,7.27,237.8,4294.7,0,1,8,1,GOOD
2025-10-18T08:58:00,28.85,7.79,1093.7,9.0,285.2,6498.4,0,1,8,1,GOOD
2025-10-18T08:58:02,28.39,7.92,1248.3,13.96,255.4,3093.4,0,1,8,1,GOOD
2025-10-18T08:58:04,28.98,8.33,1076.9,11.14,299.9,5181.9,0,1,8,1,GOOD
2025-10-18T08:58:06,28.47,8.13,1347.3,6.37,271.9,2630.0,0,1,8,1,GOOD
2025-10-18T08:58:08,29.03,8.15,1352.2,11.47,188.8,5424.6,0,1,8,1,GOOD
2025-10-18T08:58:10,29.28,8.38,1108.6,9.08,257.3,3296.3,0,1,8,1,GOOD
2025-10-18T08:58:12,29.35,8.23,875.6,11.02,232.6,3925.1,0,1,8,1,GOOD
2025-10-18T08:58:14,28.32,8.36,1334.4,10.85,233.0,3958.7,0,1,8,1,GOOD
2025-10-18T08:58:16,28.51,8.04,1269.5,11.38,327.0,5255.3,0,1,8,1,GOOD
2025-10-18T08:58:18,28.16,8.36,1085.9,12.09,224.2,2976.7,0,1,8,1,GOOD
2025-10-18T08:58:20,28.64,7.67,989.9,9.47,254.1,3630.7,0,1,8,1,GOOD
2025-10-18T08:58:22,27.71,8.04,1246.9,11.75,249.2,5156.8,0,1,8,1,GOOD
2025-10-18T08:58:24,28.7,8.05,1166.3,5.79,244.6,5112.1,0,1,8,1,GOOD
2025-10-18T08:58:26,28.84,8.48,1163.7,14.04,240.3,5471.6,0,1,8,1,GOOD
2025-10-18T08:58:28,28.49,8.34,1377.0,9.42,260.9,5288.9,0,1,8,1,GOOD
2025-10-18T08:58:30,28.43,7.94,1457.2,8.59,257.9,5156.0,0,1,8,1,GOOD
2025-10-18T08:58:32,28.2,8.0,1230.4,4.62,235.6,4245.0,0,1,8,1,GOOD
2025-10-18T08:58:34,28.37,7.89,1391.3,10.31,321.6,3740.0,0,1,8,1,GOOD
2025-10-18T08:58:36,28.06,8.25,1174.1,6.47,323.5,3377.7,0,1,8,1,GOOD
2025-10-18T08:58:38,27.58,8.47,1139.5,8.18,161.7,5740.9,0,1,8,1,GOOD
2025-10-18T08:58:40,27.86,8.21,1309.5,11.27,247.0,2298.3,0,1,8,1,GOOD
2025-10-18T08:58:42,28.1,8.24,1105.5,10.61,284.1,4962.5,0,1,8,1,GOOD
2025-10-18T08:58:44,27.89,8.64,1292.1,9.99,304.5,6365.4,0,1,8,1,GOOD
2025-10-18T08:58:46,27.78,8.15,914.6,10.58,268.3,3960.8,0,1,8,1,GOOD
2025-10-18T08:58:48,28.17,7.79,1244.8,14.37,220.4,4440.1,0,1,8,1,GOOD
2025-10-18T08:58:50,27.72,8.29,1152.8,7.71,212.0,3606.4,0,1,8,1,GOOD
2025-10-18T08:58:52,28.69,7.94,1152.3,9.88,195.0,5796.7,0,1,8,1,GOOD
2025-10-18T08:58:54,28.07,8.07,1082.6,15.4,277.6,3063.4,0,1,8,1,GOOD
2025-10-18T08:58:56,29.05,8.24,1230.9,8.97,212.5,4337.8,0,1,8,1,GOOD
2025-10-18T08:58:58,28.23,8.56,1047.7,14.61,244.4,4299.1,0,1,8,1,GOOD
2025-10-18T08:59:00,28.92,8.07,1303.7,1.88,214.0,3075.9,0,1,8,1,GOOD
2025-10-18T08:59:02,27.87,8.16,1246.3,12.11,262.0,3334.3,0,1,8,1,GOOD
2025-10-18T08:59:04,28.68,8.22,1312.3,12.33,251.5,3102.7,0,1,8,1,GOOD
2025-10-18T08:59:06,28.17,8.09,1162.2,10.8,285.8,3948.9,0,1,8,1,GOOD
2025-10-18T08:59:08,28.51,8.23,1138.1,7.22,162.2,3304.9,0,1,8,1,GOOD
2025-10-18T08:59:10,28.74,8.06,1171.5,11.4,276.0,2920.5,0,1,8,1,GOOD
2025-10-18T08:59:12,29.0,8.43,1064.4,7.53,309.6,3853.1,0,1,8,1,GOOD
2025-10-18T08:59:14,27.39,7.92,1170.1,6.51,229.3,4032.4,0,1,8,1,GOOD
2025-10-18T08:59:16,29.23,8.14,1328.7,14.29,321.7,4284.8,0,1,8,1,GOOD
2025-10-18T08:59:18,27.52,8.29,1325.8,9.76,337.2,4859.8,0,1,8,1,GOOD
2025-10-18T08:59:20,28.78,8.42,1240.0,2.52,225.0,5197.2,0,1,8,1,GOOD
2025-10-18T08:59:22,28.1,8.16,1074.6,15.35,334.1,3116.1,0,1,8,1,GOOD
2025-10-18T08:59:24,28.57,8.06,1273.8,11.53,290.6,4331.9,0,1,8,1,GOOD
2025-10-18T08:59:26,29.97,7.99,994.7,8.82,171.6,2507.5,0,1,8,1,GOOD
2025-10-18T08:59:28,28.0,8.02,1085.4,11.55,224.7,3820.5,0,1,8,1,GOOD
2025-10-18T08:59:30,28.95,8.05,1168.3,11.1,152.9,1615.1,0,1,8,1,GOOD
2025-10-18T08:59:32,28.67,8.3,1447.7,10.47,291.0,3804.5,0,1,8,1,GOOD
2025-10-18T08:59:34,28.65,8.53,945.1,11.24,356.8,4282.0,0,1,8,1,GOOD
2025-10-18T08:59:36,29.33,8.07,1196.2,10.1,139.1,2831.8,0,1,8,1,GOOD
2025-10-18T08:59:38,27.95,8.36,1304.7,10.97,291.2,3835.9,0,1,8,1,GOOD
2025-10-18T08:59:40,29.1,8.2,1206.9,9.2,284.2,3578.8,0,1,8,1,GOOD
2025-10-18T08:59:42,28.99,7.97,1068.1,12.06,245.6,3546.1,0,1,8,1,GOOD
2025-10-18T08:59:44,28.95,8.08,1176.0,14.2,327.0,5572.4,0,1,8,1,GOOD
2025-10-18T08:59:46,28.36,8.45,1086.1,7.28,132.5,5672.9,0,1,8,1,GOOD
2025-10-18T08:59:48,28.07,8.17,1090.8,12.09,231.2,2695.2,0,1,8,1,GOOD
2025-10-18T08:59:50,28.72,7.91,1099.5,3.68,178.8,4178.5,0,1,8,1,GOOD
2025-10-18T08:59:52,27.52,7.9,1199.7,8.37,349.6,5833.9,0,1,8,1,GOOD
2025-10-18T08:59:54,28.07,8.31,1289.9,8.21,175.2,3987.7,0,1,8,1,GOOD
2025-10-18T08:59:56,28.41,8.11,1253.1,7.75,192.4,4109.1,0,1,8,1,GOOD
2025-10-18T08:59:58,28.69,7.96,1311.4,4.69,221.1,3742.0,0,1,8,1,GOOD
2025-10-18T09:00:00,28.18,8.09,1424.5,7.45,372.1,4437.1,0,1,9,1,GOOD
2025-10-18T09:00:02,28.55,8.3,1503.6,7.02,194.0,3245.1,0,1,9,1,GOOD
2025-10-18T09:00:04,28.52,7.85,1202.7,15.08,257.6,3707.3,0,1,9,1,GOOD
2025-10-18T09:00:06,28.19,8.38,1100.9,15.54,346.7,4256.8,0,1,9,1,GOOD
2025-10-18T09:00:08,28.49,8.41,1331.4,7.58,223.7,2677.7,0,1,9,1,GOOD
2025-10-18T09:00:10,28.7,8.33,1038.0,8.63,182.6,3101.2,0,1,9,1,GOOD
2025-10-18T09:00:12,28.78,8.05,1163.9,5.12,259.3,3955.7,0,1,9,1,GOOD
2025-10-18T09:00:14,28.14,8.16,1221.6,7.56,176.2,5805.6,0,1,9,1,GOOD
2025-10-18T09:00:16,28.18,8.18,1321.3,20.59,187.8,4449.8,0,1,9,1,GOOD
2025-10-18T09:00:18,28.15,8.09,1113.6,6.62,247.9,2525.5,0,1,9,1,GOOD
2025-10-18T09:00:20,28.97,8.21,1250.7,8.6,231.6,4287.6,0,1,9,1,GOOD
2025-10-18T09:00:22,27.92,8.13,1096.8,7.33,144.5,5339.3,0,1,9,1,GOOD
2025-10-18T09:00:24,28.16,8.43,1328.3,6.14,195.6,6560.5,0,1,9,1,GOOD
2025-10-18T09:00:26,29.38,8.19,1230.9,8.11,271.6,3282.8,0,1,9,1,GOOD
2025-10-18T09:00:28,27.48,7.94,1202.5,6.61,246.6,2925.3,0,1,9,1,GOOD
2025-10-18T09:00:30,28.11,8.37,1229.7,9.97,293.9,4480.6,0,1,9,1,GOOD
2025-10-18T09:00:32,29.22,8.11,1148.4,6.1,228.6,4964.8,0,1,9,1,GOOD
2025-10-18T09:00:34,29.15,8.39,984.7,13.25,158.1,4898.1,0,1,9,1,GOOD
2025-10-18T09:00:36,28.32,8.34,1040.1,13.51,176.8,3331.5,0,1,9,1,GOOD
2025-10-18T09:00:38,28.0,7.85,1211.3,15.42,383.3,4097.2,0,1,9,1,GOOD
2025-10-18T09:00:40,29.06,8.25,1259.9,8.97,259.8,4537.5,0,1,9,1,GOOD
2025-10-18T09:00:42,28.21,8.18,1193.0,12.48,196.7,3948.5,0,1,9,1,GOOD
2025-10-18T09:00:44,29.46,8.43,1361.9,10.07,266.0,5002.2,0,1,9,1,GOOD
2025-10-18T09:00:46,29.28,7.81,1042.1,13.93,236.2,3328.3,0,1,9,1,GOOD
2025-10-18T09:00:48,27.87,8.09,1031.7,16.27,248.9,3942.0,0,1,9,1,GOOD
2025-10-18T09:00:50,28.79,8.39,1313.5,13.22,218.5,3702.1,0,1,9,1,GOOD
2025-10-18T09:00:52,28.88,8.09,1199.4,11.2,289.3,2222.3,0,1,9,1,GOOD
2025-10-18T09:00:54,28.86,8.15,1284.9,12.33,330.4,5353.5,0,1,9,1,GOOD
2025-10-18T09:00:56,29.17,8.49,1235.0,10.1,293.6,4732.1,0,1,9,1,GOOD
2025-10-18T09:00:58,28.35,8.28,1195.8,7.44,314.5,4055.2,0,1,9,1,GOOD
2025-10-18T09:01:00,29.52,7.87,1133.2,10.1,306.9,4399.5,0,1,9,1,GOOD
2025-10-18T09:01:02,28.66,7.97,1061.2,10.97,181.8,3468.1,0,1,9,1,GOOD
2025-10-18T09:01:04,28.75,8.0,1392.6,13.67,171.4,3067.6,0,1,9,1,GOOD
2025-10-18T09:01:06,27.36,8.04,1292.0,8.76,273.0,2477.7,0,1,9,1,GOOD
2025-10-18T09:01:08,28.9,8.09,1201.5,9.72,186.4,2846.9,0,1,9,1,GOOD
2025-10-18T09:01:10,28.98,8.28,1326.0,10.97,257.1,2274.0,0,1,9,1,GOOD
2025-10-18T09:01:12,28.36,8.19,1434.4,12.06,326.8,4597.5,0,1,9,1,GOOD
2025-10-18T09:01:14,28.14,8.22,1228.3,7.18,230.8,3794.2,0,1,9,1,GOOD
2025-10-18T09:01:16,29.3,7.78,1344.7,7.19,181.4,5179.9,0,1,9,1,GOOD
2025-10-18T09:01:18,28.87,8.45,1296.1,16.18,277.9,3843.5,0,1,9,1,GOOD
2025-10-18T09:01:20,28.67,8.45,1106.5,8.04,234.6,1895.4,0,1,9,1,GOOD
2025-10-18T09:01:22,28.57,7.82,1206.4,12.6,226.2,5677.1,0,1,9,1,GOOD
2025-10-18T09:01:24,27.77,8.44,1281.0,4.85,385.5,3936.3,0,1,9,1,GOOD
2025-10-18T09:01:26,28.06,7.92,1173.6,9.62,255.1,3702.2,0,1,9,1,GOOD
2025-10-18T09:01:28,28.82,8.12,967.8,9.55,131.6,4353.8,0,1,9,1,GOOD
2025-10-18T09:01:30,28.01,8.23,1357.7,7.15,303.1,3566.6,0,1,9,1,GOOD
2025-10-18T09:01:32,29.38,8.13,1099.1,12.06,228.2,3158.6,0,1,9,1,GOOD
2025-10-18T09:01:34,28.26,8.19,1361.1,4.2,251.2,4624.9,0,1,9,1,GOOD
2025-10-18T09:01:36,28.6,8.46,1191.1,9.45,279.6,4099.3,0,1,9,1,GOOD
2025-10-18T09:01:38,28.3,8.3,1121.7,8.17,223.6,5353.1,0,1,9,1,GOOD
2025-10-18T09:01:40,26.89,8.28,1204.1,4.96,265.5,4475.8,0,1,9,1,GOOD
2025-10-18T09:01:42,28.79,7.67,1364.0,7.79,284.3,4741.1,0,1,9,1,GOOD
2025-10-18T09:01:44,28.06,8.33,1153.7,3.79,308.4,3225.0,0,1,9,1,GOOD
2025-10-18T09:01:46,28.07,8.12,1232.7,9.83,277.4,2660.5,0,1,9,1,GOOD
2025-10-18T09:01:48,28.13,8.18,1427.7,9.66,304.3,4038.6,0,1,9,1,GOOD
2025-10-18T09:01:50,28.26,8.15,1179.8,11.81,318.7,4359.7,0,1,9,1,GOOD
2025-10-18T09:01:52,29.09,8.01,1150.2,7.83,265.7,3641.0,0,1,9,1,GOOD
2025-10-18T09:01:54,28.86,8.01,1205.2,12.06,146.7,6121.6,0,1,9,1,GOOD
2025-10-18T09:01:56,28.36,7.79,1219.0,10.1,245.9,4991.2,0,1,9,1,GOOD
2025-10-18T09:01:58,28.87,8.26,1254.0,9.69,338.8,2520.8,0,1,9,1,GOOD
2025-10-18T22:00:00,27.57,7.42,706.9,12.94,27.9,1.2,0,0,22,0,GOOD
2025-10-18T22:00:02,27.64,7.77,561.1,24.93,315.7,0.6,0,0,22,0,GOOD
2025-10-18T22:00:04,26.85,7.3,651.0,21.38,108.6,2.6,0,0,22,0,BAD
2025-10-18T22:00:06,26.94,6.97,727.5,4.35,135.7,4.1,0,0,22,0,BAD
2025-10-18T22:00:08,27.49,7.12,646.0,17.7,161.2,1.7,0,0,22,0,BAD
2025-10-18T22:00:10,26.98,7.82,667.2,22.36,106.0,2.3,0,0,22,0,BAD
2025-10-18T22:00:12,27.37,7.47,584.7,12.02,198.2,0.6,0,0,22,0,GOOD
2025-10-18T22:00:14,27.07,7.24,698.9,14.23,141.8,1.0,0,0,22,0,GOOD
2025-10-18T22:00:16,26.54,7.03,673.5,13.58,224.0,2.0,0,0,22,0,BAD
2025-10-18T22:00:18,27.86,7.85,644.2,21.89,109.1,3.5,0,0,22,0,GOOD
2025-10-18T22:00:20,28.49,7.4,677.1,26.16,139.7,0.3,0,0,22,0,BAD
2025-10-18T22:00:22,27.94,7.42,662.8,12.99,29.8,1.2,0,0,22,0,GOOD
2025-10-18T22:00:24,27.95,7.34,750.6,13.78,76.2,0.9,0,0,22,0,GOOD
2025-10-18T22:00:26,27.46,7.59,595.8,26.21,287.7,1.0,0,0,22,0,GOOD
2025-10-18T22:00:28,28.12,7.14,725.3,24.28,210.4,1.0,0,0,22,0,BAD
2025-10-18T22:00:30,26.02,7.24,606.2,12.13,158.6,0.6,0,0,22,0,BAD
2025-10-18T22:00:32,27.09,7.14,599.9,24.73,103.7,0.5,0,0,22,0,BAD
2025-10-18T22:00:34,27.27,7.48,681.9,0.0,221.5,2.4,0,0,22,0,GOOD
2025-10-18T22:00:36,26.97,7.16,618.5,13.46,165.7,0.0,0,0,22,0,BAD
2025-10-18T22:00:38,26.94,7.78,585.0,25.46,174.9,0.0,0,0,22,0,BAD
2025-10-18T22:00:40,27.82,7.37,618.1,19.47,183.2,1.7,0,0,22,0,BAD
2025-10-18T22:00:42,28.09,7.5,553.7,15.16,356.0,1.7,0,0,22,0,GOOD
2025-10-18T22:00:44,28.68,7.75,666.9,19.81,147.4,0.0,0,0,22,0,GOOD
2025-10-18T22:00:46,27.51,7.7,608.0,20.47,209.6,0.1,0,0,22,0,GOOD
2025-10-18T22:00:48,27.27,7.15,592.4,10.27,87.0,2.4,0,0,22,0,GOOD
2025-10-18T22:00:50,27.04,7.43,614.8,25.07,241.8,1.9,0,0,22,0,BAD
2025-10-18T22:00:52,27.65,7.34,566.6,29.66,96.8,1.7,0,0,22,0,BAD
2025-10-18T22:00:54,28.03,7.26,722.7,22.59,271.0,0.5,0,0,22,0,BAD
2025-10-18T22:00:56,26.86,7.27,664.6,18.35,122.5,0.0,0,0,22,0,BAD
2025-10-18T22:00:58,27.74,7.89,682.5,21.65,190.1,1.4,0,0,22,0,GOOD
2025-10-18T22:01:00,27.97,7.5,628.1,13.22,132.6,1.3,0,0,22,0,GOOD
2025-10-18T22:01:02,27.34,7.48,680.7,23.0,239.8,1.1,0,0,22,0,BAD
2025-10-18T22:01:04,26.85,7.31,653.1,6.99,247.2,1.1,0,0,22,0,BAD
2025-10-18T22:01:06,27.69,7.74,605.9,21.44,142.3,0.8,0,0,22,0,GOOD
2025-10-18T22:01:08,27.11,7.82,623.7,22.2,18.7,2.2,0,0,22,0,GOOD
2025-10-18T22:01:10,28.03,7.42,634.1,20.4,310.2,0.0,0,0,22,0,BAD
2025-10-18T22:01:12,27.89,7.17,648.6,16.51,120.0,1.0,0,0,22,0,BAD
2025-10-18T22:01:14,26.93,7.66,524.4,21.24,127.1,0.0,0,0,22,0,BAD
2025-10-18T22:01:16,27.6,7.01,652.8,9.46,182.3,0.1,0,0,22,0,GOOD
2025-10-18T22:01:18,27.27,7.47,595.9,17.65,44.0,1.6,0,0,22,0,BAD
2025-10-18T22:01:20,28.38,8.1,656.4,22.73,25.4,2.5,0,0,22,0,GOOD
2025-10-18T22:01:22,27.89,7.28,736.6,16.47,117.9,1.5,0,0,22,0,BAD
2025-10-18T22:01:24,26.97,7.66,576.1,11.7,86.3,1.8,0,0,22,0,GOOD
2025-10-18T22:01:26,27.19,7.06,607.6,17.81,67.3,0.0,0,0,22,0,BAD
2025-10-18T22:01:28,28.56,7.18,627.4,15.8,120.5,1.6,0,0,22,0,BAD
2025-10-18T22:01:30,27.97,7.32,563.4,25.65,143.3,2.7,0,0,22,0,BAD
2025-10-18T22:01:32,26.38,7.45,784.3,15.88,134.2,1.3,0,0,22,0,BAD
2025-10-18T22:01:34,27.22,7.32,626.4,14.24,236.0,1.5,0,0,22,0,GOOD
2025-10-18T22:01:36,27.63,7.6,631.5,13.35,107.8,1.0,0,0,22,0,GOOD
2025-10-18T22:01:38,26.97,7.27,613.9,30.75,-44.2,0.8,0,0,22,0,BAD
2025-10-18T22:01:40,28.36,7.43,702.7,18.6,103.3,0.0,0,0,22,0,BAD
2025-10-18T22:01:42,27.6,7.21,594.0,15.01,272.1,3.4,0,0,22,0,BAD
2025-10-18T22:01:44,27.61,7.28,567.6,20.81,274.8,0.8,0,0,22,0,BAD
2025-10-18T22:01:46,26.31,7.57,719.0,8.48,162.4,1.5,0,0,22,0,GOOD
2025-10-18T22:01:48,27.46,7.2,721.1,15.58,46.0,0.0,0,0,22,0,BAD
2025-10-18T22:01:50,28.13,7.55,656.2,15.36,113.0,0.0,0,0,22,0,GOOD
2025-10-18T22:01:52,27.28,6.87,598.5,16.13,192.7,1.0,0,0,22,0,BAD
2025-10-18T22:01:54,27.9,7.74,724.1,20.82,150.8,0.0,0,0,22,0,GOOD
2025-10-18T22:01:56,27.87,7.82,673.9,29.5,43.2,0.0,0,0,22,0,GOOD
2025-10-18T22:01:58,27.93,7.47,742.0,17.91,89.2,0.8,0,0,22,0,BAD
2025-10-18T22:02:00,26.73,7.12,718.1,23.24,175.4,0.0,0,0,22,0,BAD
2025-10-18T22:02:02,27.32,7.09,732.4,14.5,74.0,1.0,0,0,22,0,GOOD
2025-10-18T22:02:04,27.18,7.77,598.6,9.6,-0.7,1.0,0,0,22,0,GOOD
2025-10-18T22:02:06,27.22,7.04,733.2,22.0,148.0,2.4,0,0,22,0,BAD
2025-10-18T22:02:08,27.83,7.19,577.3,22.91,177.7,1.2,0,0,22,0,BAD
2025-10-18T22:02:10,27.08,7.55,597.1,17.39,251.3,0.3,0,0,22,0,GOOD
2025-10-18T22:02:12,26.71,7.14,719.6,19.53,141.0,0.5,0,0,22,0,BAD
2025-10-18T22:02:14,27.74,7.19,671.4,13.61,87.2,0.4,0,0,22,0,GOOD
2025-10-18T22:02:16,27.31,7.39,666.5,0.0,93.5,0.6,0,0,22,0,GOOD
2025-10-18T22:02:18,28.25,7.13,661.4,26.97,58.1,1.4,0,0,22,0,BAD
2025-10-18T22:02:20,27.1,7.27,593.8,13.61,340.5,1.8,0,0,22,0,GOOD
2025-10-18T22:02:22,28.05,7.52,537.6,20.37,225.1,0.1,0,0,22,0,GOOD
2025-10-18T22:02:24,27.98,7.58,779.6,15.49,73.2,0.6,0,0,22,0,GOOD
2025-10-18T22:02:26,28.22,6.94,505.2,18.54,119.0,1.0,0,0,22,0,BAD
2025-10-18T22:02:28,27.97,7.26,518.9,30.27,80.2,0.0,0,0,22,0,BAD
2025-10-18T22:02:30,28.05,7.3,645.6,20.9,225.9,0.7,0,0,22,0,BAD
2025-10-18T22:02:32,28.26,6.87,703.2,12.96,246.1,1.1,0,0,22,0,GOOD
2025-10-18T22:02:34,27.16,7.57,712.5,21.85,77.9,0.5,0,0,22,0,GOOD
2025-10-18T22:02:36,27.5,7.39,702.5,5.91,173.4,0.7,0,0,22,0,GOOD
2025-10-18T22:02:38,27.08,7.21,635.0,0.0,100.9,0.1,0,0,22,0,GOOD
2025-10-18T22:02:40,27.77,7.2,634.9,27.25,219.6,1.9,0,0,22,0,BAD
2025-10-18T22:02:42,27.25,7.54,633.6,16.82,178.7,0.4,0,0,22,0,GOOD
2025-10-18T22:02:44,28.25,7.36,693.3,26.73,222.2,0.0,0,0,22,0,BAD
2025-10-18T22:02:46,27.72,7.61,712.4,11.32,104.0,2.0,0,0,22,0,GOOD
2025-10-18T22:02:48,27.12,7.33,760.3,17.71,99.1,0.1,0,0,22,0,BAD
2025-10-18T22:02:50,27.67,7.07,632.7,20.0,240.9,1.7,0,0,22,0,BAD
2025-10-18T22:02:52,27.14,7.69,629.0,10.59,138.0,2.4,0,0,22,0,GOOD
2025-10-18T22:02:54,27.58,7.4,764.6,9.41,60.0,0.0,0,0,22,0,GOOD
2025-10-18T22:02:56,27.69,7.44,758.0,19.46,121.7,1.0,0,0,22,0,BAD
2025-10-18T22:02:58,27.56,6.98,839.7,21.12,164.7,1.6,0,0,22,0,BAD
2025-10-18T22:03:00,27.85,7.36,605.8,21.6,177.0,0.2,0,0,22,0,BAD
2025-10-18T22:03:02,28.21,7.47,701.1,26.35,151.5,1.3,0,0,22,0,BAD
2025-10-18T22:03:04,27.91,7.22,653.8,18.75,83.1,3.3,0,0,22,0,BAD
2025-10-18T22:03:06,26.8,7.08,742.0,22.28,78.2,1.6,0,0,22,0,BAD
2025-10-18T22:03:08,28.23,7.39,831.9,7.66,198.6,2.2,0,0,22,0,BAD
2025-10-18T22:03:10,27.95,7.35,629.7,20.66,207.1,1.6,0,0,22,0,BAD
2025-10-18T22:03:12,28.02,7.15,634.1,12.36,123.0,2.0,0,0,22,0,GOOD
2025-10-18T22:03:14,27.55,8.05,663.5,18.36,157.4,0.4,0,0,22,0,GOOD
2025-10-18T22:03:16,27.47,7.68,658.0,13.24,85.2,0.5,0,0,22,0,GOOD
2025-10-18T22:03:18,27.54,7.7,556.2,16.08,160.1,0.0,0,0,22,0,GOOD
2025-10-18T22:03:20,27.08,7.23,594.3,19.15,138.8,0.4,0,0,22,0,BAD
2025-10-18T22:03:22,27.71,7.83,764.7,6.46,190.4,0.8,0,0,22,0,GOOD
2025-10-18T22:03:24,27.58,7.3,658.2,18.91,109.5,0.1,0,0,22,0,BAD
2025-10-18T22:03:26,27.28,7.46,691.9,23.12,115.4,1.3,0,0,22,0,BAD
2025-10-18T22:03:28,27.98,7.69,645.9,16.67,163.4,0.0,0,0,22,0,GOOD
2025-10-18T22:03:30,27.4,7.59,694.9,16.38,165.2,0.2,0,0,22,0,GOOD
2025-10-18T22:03:32,27.85,7.38,630.7,15.83,145.6,0.6,0,0,22,0,BAD
2025-10-18T22:03:34,27.83,7.3,761.5,26.79,87.6,1.1,0,0,22,0,BAD
2025-10-18T22:03:36,27.17,7.32,790.2,16.15,175.2,1.5,0,0,22,0,BAD
2025-10-18T22:03:38,27.0,7.19,565.6,12.68,-49.5,1.5,0,0,22,0,BAD
2025-10-18T22:03:40,28.53,7.44,550.9,14.14,117.9,0.0,0,0,22,0,GOOD
2025-10-18T22:03:42,27.93,7.6,569.1,22.35,256.9,2.9,0,0,22,0,GOOD
2025-10-18T22:03:44,28.93,7.17,847.7,15.87,108.5,1.3,0,0,22,0,BAD
2025-10-18T22:03:46,27.21,7.5,557.6,16.57,240.0,0.9,0,0,22,0,BAD
2025-10-18T22:03:48,27.57,7.52,731.9,8.07,190.9,0.7,0,0,22,0,GOOD
2025-10-18T22:03:50,27.58,7.66,566.4,11.92,14.5,0.5,0,0,22,0,GOOD
2025-10-18T22:03:52,28.17,7.37,556.2,15.09,45.8,0.0,0,0,22,0,BAD
2025-10-18T22:03:54,27.69,7.11,727.9,17.57,156.0,0.7,0,0,22,0,BAD
2025-10-18T22:03:56,27.89,7.6,673.5,21.39,135.2,1.5,0,0,22,0,GOOD
2025-10-18T22:03:58,27.33,7.4,630.8,15.26,101.8,1.5,0,0,22,0,BAD
2025-10-18T22:04:00,28.16,7.69,562.0,25.74,127.7,1.6,0,0,22,0,GOOD
2025-10-18T22:04:02,27.05,7.44,672.0,9.09,192.6,2.3,0,0,22,0,GOOD
2025-10-18T22:04:04,27.41,7.74,636.7,23.1,-5.3,3.4,0,0,22,0,GOOD
2025-10-18T22:04:06,28.25,7.33,512.0,19.73,48.9,1.4,0,0,22,0,BAD
2025-10-18T22:04:08,27.71,7.16,728.5,22.83,218.3,1.0,0,0,22,0,BAD
2025-10-18T22:04:10,26.79,7.64,631.1,9.66,244.6,3.1,0,0,22,0,GOOD
2025-10-18T22:04:12,27.48,7.94,656.4,15.72,105.9,2.6,0,0,22,0,GOOD
2025-10-18T22:04:14,27.11,7.58,610.9,15.24,222.1,0.6,0,0,22,0,GOOD
2025-10-18T22:04:16,27.3,7.68,761.8,21.87,104.2,0.5,0,0,22,0,GOOD
2025-10-18T22:04:18,27.54,7.48,580.8,22.34,156.0,0.0,0,0,22,0,BAD
2025-10-18T22:04:20,27.04,7.27,644.9,29.34,166.7,0.2,0,0,22,0,BAD
2025-10-18T22:04:22,27.61,7.31,672.7,21.48,234.6,1.0,0,0,22,0,BAD
2025-10-18T22:04:24,28.32,7.63,600.5,31.26,172.9,0.2,0,0,22,0,GOOD
2025-10-18T22:04:26,28.33,7.92,647.7,14.98,137.9,1.7,0,0,22,0,GOOD
2025-10-18T22:04:28,28.14,7.54,657.1,26.99,128.1,2.0,0,0,22,0,GOOD
2025-10-18T22:04:30,27.36,7.51,642.1,17.66,123.6,2.3,0,0,22,0,GOOD
2025-10-18T22:04:32,27.13,7.21,798.5,23.87,-17.0,0.4,0,0,22,0,BAD
2025-10-18T22:04:34,26.59,7.16,430.3,17.18,70.1,1.1,0,0,22,0,BAD
2025-10-18T22:04:36,26.69,7.42,621.0,27.01,248.8,1.8,0,0,22,0,BAD
2025-10-18T22:04:38,27.34,7.9,541.3,9.58,144.1,3.3,0,0,22,0,GOOD
2025-10-18T22:04:40,27.4,7.35,549.1,23.68,216.7,1.8,0,0,22,0,BAD
2025-10-18T22:04:42,27.19,7.22,559.5,18.5,74.4,0.0,0,0,22,0,BAD
2025-10-18T22:04:44,27.29,7.28,612.3,20.8,155.5,0.7,0,0,22,0,BAD
2025-10-18T22:04:46,27.59,7.15,657.4,18.9,44.8,2.0,0,0,22,0,BAD
2025-10-18T22:04:48,27.06,7.42,731.5,23.55,152.4,0.6,0,0,22,0,BAD
2025-10-18T22:04:50,27.97,7.57,606.7,13.23,4.9,1.2,0,0,22,0,GOOD
2025-10-18T22:04:52,27.46,7.68,675.1,26.01,101.2,2.1,0,0,22,0,GOOD
2025-10-18T22:04:54,27.24,7.59,547.9,19.41,11.1,0.7,0,0,22,0,GOOD
2025-10-18T22:04:56,27.72,7.27,576.5,23.08,142.8,0.5,0,0,22,0,BAD
2025-10-18T22:04:58,27.52,8.06,730.7,24.98,180.5,1.2,0,0,22,0,GOOD
2025-10-18T22:05:00,26.3,7.23,616.4,6.75,69.0,0.0,0,0,22,0,BAD
2025-10-18T22:05:02,27.48,7.6,727.5,20.49,82.6,0.0,0,0,22,0,GOOD
2025-10-18T22:05:04,26.62,7.08,587.8,17.04,79.0,1.3,0,0,22,0,BAD
2025-10-18T22:05:06,27.38,7.4,729.8,10.92,179.3,1.0,0,0,22,0,GOOD
2025-10-18T22:05:08,27.33,7.62,711.5,12.32,137.2,1.3,0,0,22,0,GOOD
2025-10-18T22:05:10,27.36,7.55,669.7,29.0,42.9,0.9,0,0,22,0,GOOD
2025-10-18T22:05:12,27.05,7.55,536.8,20.08,105.9,0.3,0,0,22,0,GOOD
2025-10-18T22:05:14,26.78,7.28,725.9,17.85,193.9,2.7,0,0,22,0,BAD
2025-10-18T22:05:16,27.63,7.26,682.7,14.73,114.7,0.0,0,0,22,0,GOOD
2025-10-18T22:05:18,27.96,7.3,662.7,11.78,180.5,0.2,0,0,22,0,GOOD
2025-10-18T22:05:20,27.43,7.62,705.4,17.87,26.2,4.0,0,0,22,0,GOOD
2025-10-18T22:05:22,28.37,7.58,597.3,17.32,112.0,2.3,0,0,22,0,GOOD
2025-10-18T22:05:24,27.63,7.2,617.0,24.73,262.0,2.5,0,0,22,0,BAD
2025-10-18T22:05:26,27.88,7.34,423.1,19.78,149.9,1.1,0,0,22,0,BAD
2025-10-18T22:05:28,27.53,7.07,689.0,21.79,197.8,1.9,0,0,22,0,BAD
2025-10-18T22:05:30,27.8,7.3,645.0,18.55,157.5,2.0,0,0,22,0,BAD
2025-10-18T22:05:32,27.82,7.92,804.5,18.48,-118.6,2.2,0,0,22,0,BAD
2025-10-18T22:05:34,27.23,7.2,622.1,15.32,192.9,0.0,0,0,22,0,BAD
2025-10-18T22:05:36,26.96,7.49,693.6,21.85,94.9,0.0,0,0,22,0,BAD
2025-10-18T22:05:38,27.25,7.46,754.0,5.72,134.5,0.0,0,0,22,0,GOOD
2025-10-18T22:05:40,26.67,7.64,688.1,20.7,214.5,0.5,0,0,22,0,BAD
2025-10-18T22:05:42,27.28,7.95,632.7,22.41,150.4,0.0,0,0,22,0,GOOD
2025-10-18T22:05:44,26.48,7.26,723.9,22.73,214.0,0.0,0,0,22,0,BAD
2025-10-18T22:05:46,28.31,7.16,664.9,17.94,137.8,2.3,0,0,22,0,BAD
2025-10-18T22:05:48,27.15,7.06,651.4,15.6,386.4,1.7,0,0,22,0,BAD
2025-10-18T22:05:50,27.3,7.14,518.4,11.85,158.0,2.4,0,0,22,0,GOOD
2025-10-18T22:05:52,28.06,7.46,627.4,19.61,113.7,2.7,0,0,22,0,BAD
2025-10-18T22:05:54,27.41,7.38,494.9,16.83,208.6,0.0,0,0,22,0,BAD
2025-10-18T22:05:56,27.12,7.6,546.6,24.35,112.7,0.6,0,0,22,0,GOOD
2025-10-18T22:05:58,26.94,7.49,822.2,22.69,89.5,2.1,0,0,22,0,BAD
2025-10-18T22:06:00,27.34,7.74,706.5,0.34,79.7,1.9,0,0,22,0,GOOD
2025-10-18T22:06:02,27.58,7.14,605.6,6.56,143.8,3.2,0,0,22,0,GOOD
2025-10-18T22:06:04,27.9,7.95,711.8,24.16,288.2,1.4,0,0,22,0,GOOD
2025-10-18T22:06:06,27.41,7.66,751.8,15.12,99.5,1.1,0,0,22,0,GOOD
2025-10-18T22:06:08,27.92,7.6,550.3,29.47,105.1,0.7,0,0,22,0,GOOD
2025-10-18T22:06:10,27.05,8.07,666.9,12.89,210.5,1.8,0,0,22,0,GOOD
2025-10-18T22:06:12,27.41,7.61,592.2,15.04,9.3,0.0,0,0,22,0,GOOD
2025-10-18T22:06:14,28.4,7.81,654.6,27.98,138.8,0.8,0,0,22,0,GOOD
2025-10-18T22:06:16,27.53,7.37,634.9,24.86,160.5,1.7,0,0,22,0,BAD
2025-10-18T22:06:18,28.02,7.5,582.1,9.88,160.4,0.8,0,0,22,0,GOOD
2025-10-18T22:06:20,27.54,7.4,830.9,10.02,10.7,1.3,0,0,22,0,BAD
2025-10-18T22:06:22,27.31,7.48,690.9,25.7,44.5,0.4,0,0,22,0,BAD
2025-10-18T22:06:24,27.71,7.59,803.5,23.73,146.0,0.1,0,0,22,0,BAD
2025-10-18T22:06:26,27.22,7.25,695.9,19.54,57.3,0.6,0,0,22,0,BAD
2025-10-18T22:06:28,27.94,7.49,689.8,20.3,263.9,1.2,0,0,22,0,BAD
2025-10-18T22:06:30,27.31,7.17,667.5,3.36,137.1,0.8,0,0,22,0,GOOD
2025-10-18T22:06:32,26.82,7.17,706.7,19.38,157.1,1.3,0,0,22,0,BAD
2025-10-18T22:06:34,27.55,7.71,658.6,9.25,264.1,1.4,0,0,22,0,GOOD
2025-10-18T22:06:36,27.21,7.09,677.7,17.3,260.2,0.7,0,0,22,0,BAD
2025-10-18T22:06:38,27.08,7.62,714.8,19.01,197.3,1.0,0,0,22,0,GOOD
2025-10-18T22:06:40,27.62,7.69,693.8,16.98,244.7,0.0,0,0,22,0,GOOD
2025-10-18T22:06:42,28.53,6.97,606.1,17.75,139.7,2.0,0,0,22,0,BAD
2025-10-18T22:06:44,26.97,7.47,609.5,19.77,145.5,1.1,0,0,22,0,BAD
2025-10-18T22:06:46,27.23,7.27,670.1,23.66,108.1,0.1,0,0,22,0,BAD
2025-10-18T22:06:48,27.81,7.39,708.1,12.57,25.4,0.5,0,0,22,0,GOOD
2025-10-18T22:06:50,27.12,7.38,605.4,22.45,129.8,1.2,0,0,22,0,BAD
2025-10-18T22:06:52,27.58,7.45,648.3,21.06,94.3,2.4,0,0,22,0,BAD
2025-10-18T22:06:54,27.38,7.07,663.2,12.89,196.6,3.2,0,0,22,0,GOOD
2025-10-18T22:06:56,27.11,7.48,527.1,20.72,88.0,0.4,0,0,22,0,BAD
2025-10-18T22:06:58,26.95,7.58,720.5,18.14,89.5,2.6,0,0,22,0,BAD
2025-10-18T22:07:00,27.12,6.86,682.1,11.37,219.2,0.6,0,0,22,0,GOOD
2025-10-18T22:07:02,27.8,7.75,565.4,14.6,144.7,2.5,0,0,22,0,GOOD
2025-10-18T22:07:04,27.17,7.25,683.5,14.54,160.7,0.0,0,0,22,0,GOOD
2025-10-18T22:07:06,28.61,7.06,627.5,17.81,283.9,0.0,0,0,22,0,BAD
2025-10-18T22:07:08,28.49,7.59,679.2,12.09,190.0,0.3,0,0,22,0,GOOD
2025-10-18T22:07:10,28.13,7.16,642.1,14.67,80.9,1.7,0,0,22,0,GOOD
2025-10-18T22:07:12,27.77,7.7,525.4,24.39,325.4,0.5,0,0,22,0,GOOD
2025-10-18T22:07:14,28.45,7.33,553.9,16.17,223.4,0.2,0,0,22,0,BAD
2025-10-18T22:07:16,27.2,7.55,650.2,21.51,166.6,1.5,0,0,22,0,GOOD
2025-10-18T22:07:18,27.28,7.46,585.1,25.73,105.6,2.1,0,0,22,0,BAD
2025-10-18T22:07:20,27.38,7.45,615.4,11.9,27.9,0.0,0,0,22,0,GOOD
2025-10-18T22:07:22,27.34,7.45,720.7,15.33,88.3,0.0,0,0,22,0,BAD
2025-10-18T22:07:24,27.74,7.75,738.6,22.26,194.7,2.7,0,0,22,0,GOOD
2025-10-18T22:07:26,27.67,7.56,627.5,9.83,102.1,1.0,0,0,22,0,GOOD
2025-10-18T22:07:28,27.53,7.88,655.7,25.07,119.5,0.7,0,0,22,0,GOOD
2025-10-18T22:07:30,26.84,7.21,686.9,18.05,216.0,1.2,0,0,22,0,BAD
2025-10-18T22:07:32,27.32,7.94,643.4,24.98,121.9,1.7,0,0,22,0,GOOD
2025-10-18T22:07:34,27.96,7.45,485.2,18.11,236.1,1.5,0,0,22,0,BAD
2025-10-18T22:07:36,27.72,6.97,599.6,20.47,178.7,2.2,0,0,22,0,BAD
2025-10-18T22:07:38,27.43,7.5,651.1,12.08,-7.9,1.4,0,0,22,0,GOOD
2025-10-18T22:07:40,27.59,7.25,536.7,21.78,131.4,1.6,0,0,22,0,BAD
2025-10-18T22:07:42,28.43,6.86,601.0,16.74,251.8,0.0,0,0,22,0,BAD
2025-10-18T22:07:44,28.47,7.43,643.3,16.81,119.5,2.0,0,0,22,0,BAD
2025-10-18T22:07:46,26.97,7.49,623.1,13.43,331.0,1.4,0,0,22,0,BAD
2025-10-18T22:07:48,27.81,7.68,550.5,28.51,-25.6,0.2,0,0,22,0,GOOD
2025-10-18T22:07:50,27.27,7.55,665.3,17.0,149.2,0.0,0,0,22,0,GOOD
2025-10-18T22:07:52,26.75,7.58,698.6,27.51,94.7,1.7,0,0,22,0,BAD
2025-10-18T22:07:54,27.36,7.7,721.5,19.27,126.2,2.0,0,0,22,0,GOOD
2025-10-18T22:07:56,27.82,7.23,557.1,16.27,256.1,2.1,0,0,22,0,BAD
2025-10-18T22:07:58,26.94,7.11,739.2,11.19,185.7,0.4,0,0,22,0,BAD
2025-10-18T22:08:00,28.31,7.21,730.0,19.11,167.7,0.0,0,0,22,0,BAD
2025-10-18T22:08:02,26.4,7.34,667.3,11.25,73.8,1.6,0,0,22,0,BAD
2025-10-18T22:08:04,27.78,7.37,704.6,10.95,125.1,2.6,0,0,22,0,GOOD
2025-10-18T22:08:06,27.53,7.43,811.4,9.6,205.8,2.7,0,0,22,0,BAD
2025-10-18T22:08:08,27.34,7.61,581.3,13.88,176.9,1.8,0,0,22,0,GOOD
2025-10-18T22:08:10,28.06,7.79,645.3,25.16,126.0,1.9,0,0,22,0,GOOD
2025-10-18T22:08:12,27.6,7.51,679.6,8.37,71.3,1.1,0,0,22,0,GOOD
2025-10-18T22:08:14,26.66,7.61,711.0,19.96,71.5,2.4,0,0,22,0,BAD
2025-10-18T22:08:16,28.52,7.44,685.7,19.21,187.1,0.9,0,0,22,0,BAD
2025-10-18T22:08:18,27.48,7.63,814.2,9.6,142.7,0.0,0,0,22,0,GOOD
2025-10-18T22:08:20,28.3,7.25,549.0,21.83,272.1,1.7,0,0,22,0,BAD
2025-10-18T22:08:22,27.6,7.5,749.0,12.75,142.2,0.5,0,0,22,0,GOOD
2025-10-18T22:08:24,26.92,7.32,727.5,21.4,195.1,1.1,0,0,22,0,BAD
2025-10-18T22:08:26,27.76,7.2,628.3,19.15,169.4,1.3,0,0,22,0,BAD
2025-10-18T22:08:28,27.43,7.31,871.0,23.44,178.9,0.8,0,0,22,0,BAD
2025-10-18T22:08:30,27.27,7.37,670.5,6.72,40.1,0.4,0,0,22,0,GOOD
2025-10-18T22:08:32,27.6,7.34,753.5,9.11,97.4,2.5,0,0,22,0,GOOD
2025-10-18T22:08:34,27.57,7.62,793.6,13.84,143.0,0.7,0,0,22,0,GOOD
2025-10-18T22:08:36,26.52,7.32,711.7,21.24,193.3,0.6,0,0,22,0,BAD
2025-10-18T22:08:38,27.17,7.72,615.2,19.76,161.4,2.5,0,0,22,0,GOOD
2025-10-18T22:08:40,27.99,7.08,566.9,21.47,145.5,0.5,0,0,22,0,BAD
2025-10-18T22:08:42,28.01,7.45,653.7,22.68,123.7,2.6,0,0,22,0,BAD
2025-10-18T22:08:44,27.11,7.56,750.4,9.74,126.0,2.1,0,0,22,0,GOOD
2025-10-18T22:08:46,28.08,7.36,598.6,23.74,232.8,0.0,0,0,22,0,BAD
2025-10-18T22:08:48,26.9,7.46,694.1,16.21,197.6,0.3,0,0,22,0,BAD
2025-10-18T22:08:50,26.44,7.29,654.4,16.34,68.9,0.0,0,0,22,0,BAD
2025-10-18T22:08:52,27.24,7.62,737.9,25.13,92.9,0.0,0,0,22,0,GOOD
2025-10-18T22:08:54,27.75,7.56,678.0,5.92,89.3,1.0,0,0,22,0,GOOD
2025-10-18T22:08:56,27.74,7.59,660.1,19.98,155.9,1.7,0,0,22,0,GOOD
2025-10-18T22:08:58,27.66,7.42,631.2,18.49,183.9,1.3,0,0,22,0,BAD
2025-10-18T22:09:00,27.69,7.74,668.6,14.11,211.9,0.0,0,0,22,0,GOOD
2025-10-18T22:09:02,26.96,7.48,686.1,10.53,123.2,0.4,0,0,22,0,BAD
2025-10-18T22:09:04,27.26,7.64,699.5,17.89,111.8,0.0,0,0,22,0,GOOD
2025-10-18T22:09:06,28.21,7.55,600.5,22.32,145.1,0.7,0,0,22,0,GOOD
2025-10-18T22:09:08,27.72,7.21,625.9,18.73,115.0,1.7,0,0,22,0,BAD
2025-10-18T22:09:10,28.43,7.21,533.4,5.99,139.5,0.3,0,0,22,0,GOOD
2025-10-18T22:09:12,27.6,7.43,537.8,7.11,170.7,1.1,0,0,22,0,GOOD
2025-10-18T22:09:14,27.29,6.99,683.0,25.63,169.5,0.2,0,0,22,0,BAD
2025-10-18T22:09:16,27.52,7.06,724.1,18.49,26.2,0.7,0,0,22,0,BAD
2025-10-18T22:09:18,27.73,7.32,630.7,10.65,189.7,0.4,0,0,22,0,GOOD
2025-10-18T22:09:20,26.42,7.31,718.7,15.68,271.7,1.4,0,0,22,0,BAD
2025-10-18T22:09:22,27.67,7.37,645.2,16.42,128.8,1.5,0,0,22,0,BAD
2025-10-18T22:09:24,27.03,7.13,571.4,30.27,187.1,1.3,0,0,22,0,BAD
2025-10-18T22:09:26,26.97,7.56,641.8,19.29,81.6,1.2,0,0,22,0,BAD
2025-10-18T22:09:28,27.29,7.21,701.4,8.77,189.5,1.7,0,0,22,0,GOOD
2025-10-18T22:09:30,27.06,7.19,634.4,19.69,139.3,1.4,0,0,22,0,BAD
2025-10-18T22:09:32,28.38,7.27,529.9,22.96,267.8,1.4,0,0,22,0,BAD
2025-10-18T22:09:34,26.96,7.37,571.7,21.86,55.4,0.7,0,0,22,0,BAD
2025-10-18T22:09:36,27.0,7.43,624.4,19.06,151.6,0.0,0,0,22,0,BAD
2025-10-18T22:09:38,27.81,7.39,580.8,31.45,183.4,0.8,0,0,22,0,BAD
2025-10-18T22:09:40,28.21,7.86,639.8,20.08,80.8,0.9,0,0,22,0,GOOD
2025-10-18T22:09:42,27.4,7.45,673.3,21.36,166.6,0.0,0,0,22,0,BAD
2025-10-18T22:09:44,27.03,7.26,630.2,24.3,68.6,0.6,0,0,22,0,BAD
2025-10-18T22:09:46,27.98,7.33,682.2,17.16,168.0,0.8,0,0,22,0,BAD
2025-10-18T22:09:48,27.83,7.01,624.6,19.78,187.4,2.5,0,0,22,0,BAD
2025-10-18T22:09:50,27.3,7.77,603.9,25.97,207.2,0.1,0,0,22,0,GOOD
2025-10-18T22:09:52,27.65,7.39,693.8,16.66,128.5,2.4,0,0,22,0,BAD
2025-10-18T22:09:54,27.45,7.61,634.2,28.0,102.5,0.4,0,0,22,0,GOOD
2025-10-18T22:09:56,28.26,7.29,762.1,23.35,139.2,0.0,0,0,22,0,BAD
2025-10-18T22:09:58,27.49,7.43,731.7,27.53,102.1,1.8,0,0,22,0,BAD
